seq,filename,symbol,name,market,category,index,shared_icon,priority,fallback,reviewed_at
1,ARKF,ARKF,ARK ETF,US,etf,,ARK,1,n/a,2026-09-02
2,ARKG,ARKG,ARK ETF,US,etf,,ARK,1,n/a,2026-09-02
3,ARKK,ARKK,ARK ETF,US,etf,,ARK,1,n/a,2026-09-02
4,ARKQ,ARKQ,ARK ETF,US,etf,,ARK,1,n/a,2026-09-02
5,ARKW,ARKW,ARK ETF,US,etf,,ARK,1,n/a,2026-09-02
6,CW8-XPAR,CW8.PA,Amundi ETF,FR,etf,,Amundi,1,n/a,2026-09-02
7,PE500-XPAR,PE500.PA,Amundi ETF,FR,etf,,Amundi,1,n/a,2026-09-02
8,ZAG-XTSE,ZAG.TO,BMO ETF,CA,etf,,BMO,1,n/a,2026-09-02
9,ZBAL-XTSE,ZBAL.TO,BMO ETF,CA,etf,,BMO,1,n/a,2026-09-02
10,ZCN-XTSE,ZCN.TO,BMO ETF,CA,etf,,BMO,1,n/a,2026-09-02
11,ZCON-XTSE,ZCON.TO,BMO ETF,CA,etf,,BMO,1,n/a,2026-09-02
12,ZDV-XTSE,ZDV.TO,BMO ETF,CA,etf,,BMO,1,n/a,2026-09-02
13,ZEB-XTSE,ZEB.TO,BMO ETF,CA,etf,,BMO,1,n/a,2026-09-02
14,ZEQT-XTSE,ZEQT.TO,BMO ETF,CA,etf,,BMO,1,n/a,2026-09-02
15,ZGRO-XTSE,ZGRO.TO,BMO ETF,CA,etf,,BMO,1,n/a,2026-09-02
16,ZLB-XTSE,ZLB.TO,BMO ETF,CA,etf,,BMO,1,n/a,2026-09-02
17,ZQQ-XTSE,ZQQ.TO,BMO ETF,CA,etf,,BMO,1,n/a,2026-09-02
18,ZSP-XTSE,ZSP.TO,BMO ETF,CA,etf,,BMO,1,n/a,2026-09-02
19,ZUE-XTSE,ZUE.TO,BMO ETF,CA,etf,,BMO,1,n/a,2026-09-02
20,ZWB-XTSE,ZWB.TO,BMO ETF,CA,etf,,BMO,1,n/a,2026-09-02
21,ZWC-XTSE,ZWC.TO,BMO ETF,CA,etf,,BMO,1,n/a,2026-09-02
22,DFAC,DFAC,Dimensional ETF,US,etf,,Dimensional,1,n/a,2026-09-02
23,DFAX,DFAX,Dimensional ETF,US,etf,,Dimensional,1,n/a,2026-09-02
24,FBTC,FBTC,Fidelity ETF,US,etf,,Fidelity,1,n/a,2026-09-02
25,FDVV,FDVV,Fidelity ETF,US,etf,,Fidelity,1,n/a,2026-09-02
26,FTEC,FTEC,Fidelity ETF,US,etf,,Fidelity,1,n/a,2026-09-02
27,FDN,FDN,First Trust ETF,US,etf,,First Trust,1,n/a,2026-09-02
28,FTSM,FTSM,First Trust ETF,US,etf,,First Trust,1,n/a,2026-09-02
29,HBAL-XTSE,HBAL.TO,Global X ETF,CA,etf,,Global X,1,n/a,2026-09-02
30,HXQ-XTSE,HXQ.TO,Global X ETF,CA,etf,,Global X,1,n/a,2026-09-02
31,HXS-XTSE,HXS.TO,Global X ETF,CA,etf,,Global X,1,n/a,2026-09-02
32,HXT-XTSE,HXT.TO,Global X ETF,CA,etf,,Global X,1,n/a,2026-09-02
33,QYLD,QYLD,Global X ETF,US,etf,,Global X,1,n/a,2026-09-02
34,RYLD,RYLD,Global X ETF,US,etf,,Global X,1,n/a,2026-09-02
35,XYLD,XYLD,Global X ETF,US,etf,,Global X,1,n/a,2026-09-02
36,ETHE,ETHE,Grayscale ETF,US,etf,,Grayscale,1,n/a,2026-09-02
37,GBTC,GBTC,Grayscale ETF,US,etf,,Grayscale,1,n/a,2026-09-02
38,QQEW,QQEW,Invesco ETF,US,etf,,Invesco,1,n/a,2026-09-02
39,QQQ,QQQ,Invesco ETF,US,etf,,Invesco,1,n/a,2026-09-02
40,QQQM,QQQM,Invesco ETF,US,etf,,Invesco,1,n/a,2026-09-02
41,RSP,RSP,Invesco ETF,US,etf,,Invesco,1,n/a,2026-09-02
42,SPHQ,SPHQ,Invesco ETF,US,etf,,Invesco,1,n/a,2026-09-02
43,JEPI,JEPI,JPMorgan ETF,US,etf,,JPMorgan,1,n/a,2026-09-02
44,JEPQ,JEPQ,JPMorgan ETF,US,etf,,JPMorgan,1,n/a,2026-09-02
45,JPST,JPST,JPMorgan ETF,US,etf,,JPMorgan,1,n/a,2026-09-02
46,MBAL-XTSE,MBAL.TO,Mackenzie Balanced Allocation ETF,CA,etf,,Mackenzie,1,n/a,2026-09-03
47,MCON-XTSE,MCON.TO,Mackenzie Conservative Allocation ETF,CA,etf,,Mackenzie,1,n/a,2026-09-03
48,MEQT-XTSE,MEQT.TO,Mackenzie ETF,CA,etf,,Mackenzie,1,n/a,2026-09-02
49,MGRW-XTSE,MGRW.TO,Mackenzie ETF,CA,etf,,Mackenzie,1,n/a,2026-09-02
50,QCE-XTSE,QCE.TO,Mackenzie Canadian Large Cap Equity Index ETF,CA,etf,,Mackenzie,1,n/a,2026-09-03
51,QDX-XTSE,QDX.TO,Mackenzie International Equity Index ETF,CA,etf,,Mackenzie,1,n/a,2026-09-03
52,QUU-XTSE,QUU.TO,Mackenzie US Large Cap Equity Index ETF,CA,etf,,Mackenzie,1,n/a,2026-09-03
53,BITO,BITO,ProShares ETF,US,etf,,ProShares,1,n/a,2026-09-02
54,SSO,SSO,ProShares ETF,US,etf,,ProShares,1,n/a,2026-09-02
55,TQQQ,TQQQ,ProShares ETF,US,etf,,ProShares,1,n/a,2026-09-02
56,UPRO,UPRO,ProShares ETF,US,etf,,ProShares,1,n/a,2026-09-02
57,DIA,DIA,SPDR ETF,US,etf,,SPDR,1,n/a,2026-09-02
58,GLD,GLD,SPDR ETF,US,etf,,SPDR,1,n/a,2026-09-02
59,MDY,MDY,SPDR ETF,US,etf,,SPDR,1,n/a,2026-09-02
60,SPDW,SPDW,SPDR ETF,US,etf,,SPDR,1,n/a,2026-09-02
61,SPLG,SPLG,SPDR ETF,US,etf,,SPDR,1,n/a,2026-09-02
62,SPY,SPY,SPDR ETF,US,etf,,SPDR,1,n/a,2026-09-02
63,SPYG,SPYG,SPDR ETF,US,etf,,SPDR,1,n/a,2026-09-02
64,SPYV,SPYV,SPDR ETF,US,etf,,SPDR,1,n/a,2026-09-02
65,XLB,XLB,SPDR ETF,US,etf,,SPDR,1,n/a,2026-09-02
66,XLE,XLE,SPDR ETF,US,etf,,SPDR,1,n/a,2026-09-02
67,XLF,XLF,SPDR ETF,US,etf,,SPDR,1,n/a,2026-09-02
68,XLI,XLI,SPDR ETF,US,etf,,SPDR,1,n/a,2026-09-02
69,XLK,XLK,SPDR ETF,US,etf,,SPDR,1,n/a,2026-09-02
70,XLP,XLP,SPDR ETF,US,etf,,SPDR,1,n/a,2026-09-02
71,XLRE,XLRE,SPDR ETF,US,etf,,SPDR,1,n/a,2026-09-02
72,XLU,XLU,SPDR ETF,US,etf,,SPDR,1,n/a,2026-09-02
73,XLV,XLV,SPDR ETF,US,etf,,SPDR,1,n/a,2026-09-02
74,XLY,XLY,SPDR ETF,US,etf,,SPDR,1,n/a,2026-09-02
75,SCHA,SCHA,Schwab ETF,US,etf,,Schwab,1,n/a,2026-09-02
76,SCHB,SCHB,Schwab ETF,US,etf,,Schwab,1,n/a,2026-09-02
77,SCHD,SCHD,Schwab ETF,US,etf,,Schwab,1,n/a,2026-09-02
78,SCHF,SCHF,Schwab ETF,US,etf,,Schwab,1,n/a,2026-09-02
79,SCHG,SCHG,Schwab ETF,US,etf,,Schwab,1,n/a,2026-09-02
80,SCHH,SCHH,Schwab ETF,US,etf,,Schwab,1,n/a,2026-09-02
81,SCHX,SCHX,Schwab ETF,US,etf,,Schwab,1,n/a,2026-09-02
82,VBAL-XTSE,VBAL.TO,Vanguard CA ETF,CA,etf,,Vanguard CA,1,n/a,2026-09-02
83,VCE-XTSE,VCE.TO,Vanguard CA ETF,CA,etf,,Vanguard CA,1,n/a,2026-09-02
84,VCN-XTSE,VCN.TO,Vanguard CA ETF,CA,etf,,Vanguard CA,1,n/a,2026-09-02
85,VCNS-XTSE,VCNS.TO,Vanguard CA ETF,CA,etf,,Vanguard CA,1,n/a,2026-09-02
86,VDY-XTSE,VDY.TO,Vanguard CA ETF,CA,etf,,Vanguard CA,1,n/a,2026-09-02
87,VEQT-XTSE,VEQT.TO,Vanguard CA ETF,CA,etf,,Vanguard CA,1,n/a,2026-09-02
88,VFV-XTSE,VFV.TO,Vanguard CA ETF,CA,etf,,Vanguard CA,1,n/a,2026-09-02
89,VGRO-XTSE,VGRO.TO,Vanguard CA ETF,CA,etf,,Vanguard CA,1,n/a,2026-09-02
90,VRE-XTSE,VRE.TO,Vanguard CA ETF,CA,etf,,Vanguard CA,1,n/a,2026-09-02
91,VSB-XTSE,VSB.TO,Vanguard CA ETF,CA,etf,,Vanguard CA,1,n/a,2026-09-02
92,VUN-XTSE,VUN.TO,Vanguard CA ETF,CA,etf,,Vanguard CA,1,n/a,2026-09-02
93,VXC-XTSE,VXC.TO,Vanguard CA ETF,CA,etf,,Vanguard CA,1,n/a,2026-09-02
94,BND,BND,Vanguard US ETF,US,etf,,Vanguard US,1,n/a,2026-09-02
95,VB,VB,Vanguard US ETF,US,etf,,Vanguard US,1,n/a,2026-09-02
96,VBR,VBR,Vanguard US ETF,US,etf,,Vanguard US,1,n/a,2026-09-02
97,VEA,VEA,Vanguard US ETF,US,etf,,Vanguard US,1,n/a,2026-09-02
98,VGT,VGT,Vanguard US ETF,US,etf,,Vanguard US,1,n/a,2026-09-02
99,VHT,VHT,Vanguard US ETF,US,etf,,Vanguard US,1,n/a,2026-09-02
100,VIG,VIG,Vanguard US ETF,US,etf,,Vanguard US,1,n/a,2026-09-02
101,VNQ,VNQ,Vanguard US ETF,US,etf,,Vanguard US,1,n/a,2026-09-02
102,VO,VO,Vanguard US ETF,US,etf,,Vanguard US,1,n/a,2026-09-02
103,VOE,VOE,Vanguard US ETF,US,etf,,Vanguard US,1,n/a,2026-09-02
104,VOO,VOO,Vanguard US ETF,US,etf,,Vanguard US,1,n/a,2026-09-02
105,VT,VT,Vanguard US ETF,US,etf,,Vanguard US,1,n/a,2026-09-02
106,VTI,VTI,Vanguard US ETF,US,etf,,Vanguard US,1,n/a,2026-09-02
107,VTV,VTV,Vanguard US ETF,US,etf,,Vanguard US,1,n/a,2026-09-02
108,VUG,VUG,Vanguard US ETF,US,etf,,Vanguard US,1,n/a,2026-09-02
109,VWO,VWO,Vanguard US ETF,US,etf,,Vanguard US,1,n/a,2026-09-02
110,VXUS,VXUS,Vanguard US ETF,US,etf,,Vanguard US,1,n/a,2026-09-02
111,VYM,VYM,Vanguard US ETF,US,etf,,Vanguard US,1,n/a,2026-09-02
112,DGRO,DGRO,WisdomTree ETF,US,etf,,WisdomTree,1,n/a,2026-09-02
113,DGRW,DGRW,WisdomTree ETF,US,etf,,WisdomTree,1,n/a,2026-09-02
114,DBXD-XETR,DBXD.DE,Xtrackers ETF,DE,etf,,Xtrackers,1,n/a,2026-09-02
115,XDWD-XETR,XDWD.DE,Xtrackers ETF,DE,etf,,Xtrackers,1,n/a,2026-09-02
116,XAW-XTSE,XAW.TO,iShares CA ETF,CA,etf,,iShares CA,1,n/a,2026-09-02
117,XBAL-XTSE,XBAL.TO,iShares CA ETF,CA,etf,,iShares CA,1,n/a,2026-09-02
118,XCNS-XTSE,XCNS.TO,iShares CA ETF,CA,etf,,iShares CA,1,n/a,2026-09-02
119,XDV-XTSE,XDV.TO,iShares CA ETF,CA,etf,,iShares CA,1,n/a,2026-09-02
120,XEC-XTSE,XEC.TO,iShares CA ETF,CA,etf,,iShares CA,1,n/a,2026-09-02
121,XEF-XTSE,XEF.TO,iShares CA ETF,CA,etf,,iShares CA,1,n/a,2026-09-02
122,XEQT-XTSE,XEQT.TO,iShares CA ETF,CA,etf,,iShares CA,1,n/a,2026-09-02
123,XGRO-XTSE,XGRO.TO,iShares CA ETF,CA,etf,,iShares CA,1,n/a,2026-09-02
124,XIC-XTSE,XIC.TO,iShares CA ETF,CA,etf,,iShares CA,1,n/a,2026-09-02
125,XIU-XTSE,XIU.TO,iShares CA ETF,CA,etf,,iShares CA,1,n/a,2026-09-02
126,XQQ-XTSE,XQQ.TO,iShares CA ETF,CA,etf,,iShares CA,1,n/a,2026-09-02
127,XRE-XTSE,XRE.TO,iShares CA ETF,CA,etf,,iShares CA,1,n/a,2026-09-02
128,XSP-XTSE,XSP.TO,iShares CA ETF,CA,etf,,iShares CA,1,n/a,2026-09-02
129,XUU-XTSE,XUU.TO,iShares CA ETF,CA,etf,,iShares CA,1,n/a,2026-09-02
130,AGG,AGG,iShares US ETF,US,etf,,iShares US,1,n/a,2026-09-02
131,EFA,EFA,iShares US ETF,US,etf,,iShares US,1,n/a,2026-09-02
132,HYG,HYG,iShares US ETF,US,etf,,iShares US,1,n/a,2026-09-02
133,IAU,IAU,iShares US ETF,US,etf,,iShares US,1,n/a,2026-09-02
134,IBIT,IBIT,iShares US ETF,US,etf,,iShares US,1,n/a,2026-09-02
135,IEFA,IEFA,iShares US ETF,US,etf,,iShares US,1,n/a,2026-09-02
136,IEMG,IEMG,iShares US ETF,US,etf,,iShares US,1,n/a,2026-09-02
137,IJH,IJH,iShares US ETF,US,etf,,iShares US,1,n/a,2026-09-02
138,IJR,IJR,iShares US ETF,US,etf,,iShares US,1,n/a,2026-09-02
139,IJS,IJS,iShares US ETF,US,etf,,iShares US,1,n/a,2026-09-02
140,ITOT,ITOT,iShares US ETF,US,etf,,iShares US,1,n/a,2026-09-02
141,IVV,IVV,iShares US ETF,US,etf,,iShares US,1,n/a,2026-09-02
142,IVW,IVW,iShares US ETF,US,etf,,iShares US,1,n/a,2026-09-02
143,IWB,IWB,iShares US ETF,US,etf,,iShares US,1,n/a,2026-09-02
144,IWD,IWD,iShares US ETF,US,etf,,iShares US,1,n/a,2026-09-02
145,IWF,IWF,iShares US ETF,US,etf,,iShares US,1,n/a,2026-09-02
146,IWM,IWM,iShares US ETF,US,etf,,iShares US,1,n/a,2026-09-02
147,IXUS,IXUS,iShares US ETF,US,etf,,iShares US,1,n/a,2026-09-02
148,LQD,LQD,iShares US ETF,US,etf,,iShares US,1,n/a,2026-09-02
149,TLT,TLT,iShares US ETF,US,etf,,iShares US,1,n/a,2026-09-02
150,ABB,ABB,ABB Ltd,US,adr,, ,1,n/a,2026-09-04
151,ABEV,ABEV,Ambev S.A.,US,adr,, ,1,n/a,2026-09-04
152,ARM,ARM,Arm Holdings Plc /Uk,US,adr,, ,1,n/a,2026-09-02
153,ASML,ASML,Asml Holding Nv,US,adr,,ASML-XAMS,1,n/a,2026-09-04
154,AZN,AZN,Astrazeneca Plc,US,adr,, ,1,n/a,2026-09-02
155,BABA,BABA,Alibaba Group Holding Ltd,US,adr,, ,1,n/a,2026-09-02
156,BBVA,BBVA,"Banco Bilbao Vizcaya Argentaria, S.A.",US,adr,, ,1,n/a,2026-09-04
157,BCS,BCS,Barclays Plc,US,adr,, ,1,n/a,2026-09-02
158,BHP,BHP,Bhp Group Ltd,US,adr,, ,1,n/a,2026-09-02
159,BP,BP,Bp Plc,US,adr,, ,1,n/a,2026-09-02
160,BUD,BUD,Anheuser-Busch Inbev Sa/Nv,US,adr,, ,1,n/a,2026-09-04
161,CHKP,CHKP,Check Point Software Technologies Ltd,US,adr,, ,1,n/a,2026-09-02
162,CNI,CNI,Canadian National Railway Co,US,adr,, ,1,n/a,2026-09-02
163,CP,CP,Canadian Pacific Kansas City Ltd/Cn,US,adr,, ,1,n/a,2026-09-02
164,DB,DB,Deutsche Bank Aktiengesellschaft,US,adr,, ,1,n/a,2026-09-02
165,DEO,DEO,Diageo Plc,US,adr,, ,1,n/a,2026-09-02
166,E,E,Eni Spa,US,adr,, ,1,n/a,2026-09-04
167,EQNR,EQNR,Equinor Asa,US,adr,, ,1,n/a,2026-09-04
168,ESLT,ESLT,Elbit Systems Ltd,US,adr,, ,1,n/a,2026-09-04
169,FLUT,FLUT,Flutter Entertainment Plc,US,adr,, ,1,n/a,2026-09-02
170,GSK,GSK,Gsk Plc,US,adr,, ,1,n/a,2026-09-02
171,HDB,HDB,Hdfc Bank Ltd,US,adr,, ,1,n/a,2026-09-04
172,HSBC,HSBC,Hsbc Holdings Plc,US,adr,, ,1,n/a,2026-09-02
173,IBN,IBN,Icici Bank Ltd,US,adr,, ,1,n/a,2026-09-04
174,ICL,ICL,Icl Group Ltd.,US,adr,, ,1,n/a,2026-09-04
175,INFY,INFY,Infosys Ltd,US,adr,, ,1,n/a,2026-09-04
176,ING,ING,Ing Groep Nv,US,adr,,INGA-XAMS,1,n/a,2026-09-04
177,JD,JD,"Jd.Com, Inc.",US,adr,, ,1,n/a,2026-09-02
178,LOGI,LOGI,Logitech International S.A.,US,adr,, ,1,n/a,2026-09-04
179,LYG,LYG,Lloyds Banking Group Plc,US,adr,, ,1,n/a,2026-09-02
180,MFG,MFG,Mizuho Financial Group Inc,US,adr,, ,1,n/a,2026-09-02
181,MT,MT,Arcelormittal,US,adr,,MT-XAMS,1,n/a,2026-09-04
182,MUFG,MUFG,Mitsubishi Ufj Financial Group Inc,US,adr,, ,1,n/a,2026-09-02
183,NICE,NICE,Nice Ltd.,US,adr,, ,1,n/a,2026-09-04
184,NOK,NOK,Nokia Corp,US,adr,, ,1,n/a,2026-09-04
185,NTES,NTES,"Netease, Inc.",US,adr,, ,1,n/a,2026-09-02
186,NVO,NVO,Novo Nordisk A S,US,adr,, ,1,n/a,2026-09-02
187,NVS,NVS,Novartis Ag,US,adr,, ,1,n/a,2026-09-04
188,PDD,PDD,Pdd Holdings Inc.,US,adr,, ,1,n/a,2026-09-02
189,PHG,PHG,Koninklijke Philips Nv,US,adr,,PHIA-XAMS,1,n/a,2026-09-04
190,RELX,RELX,Relx Plc,US,adr,, ,1,n/a,2026-09-02
191,RIO,RIO,Rio Tinto Plc,US,adr,, ,1,n/a,2026-09-02
192,RYAAY,RYAAY,Ryanair Holdings Plc,US,adr,, ,1,n/a,2026-09-04
193,SAN,SAN,"Banco Santander, S.A.",US,adr,, ,1,n/a,2026-09-04
194,SAP,SAP,Sap Se,US,adr,, ,1,n/a,2026-09-02
195,SE,SE,Sea Ltd,US,adr,, ,1,n/a,2026-09-02
196,SHEL,SHEL,Shell Plc,US,adr,, ,1,n/a,2026-09-02
197,SMFG,SMFG,"Sumitomo Mitsui Financial Group, Inc.",US,adr,, ,1,n/a,2026-09-02
198,SNY,SNY,Sanofi,US,adr,, ,1,n/a,2026-09-02
199,SONY,SONY,Sony Group Corp,US,adr,, ,1,n/a,2026-09-02
200,SPOT,SPOT,Spotify Technology S.A.,US,adr,, ,1,n/a,2026-09-02
201,STLA,STLA,Stellantis N.V.,US,adr,,,1,n/a,2026-09-04
202,SU,SU,Suncor Energy Inc,US,adr,, ,1,n/a,2026-09-02
203,TEVA,TEVA,Teva Pharmaceutical Industries Ltd,US,adr,, ,1,n/a,2026-09-04
204,TM,TM,Toyota Motor Corp/,US,adr,, ,1,n/a,2026-09-02
205,TRI,TRI,Thomson Reuters Corp /Can/,US,adr,, ,1,n/a,2026-09-02
206,TSM,TSM,Taiwan Semiconductor Manufacturing Co Ltd,US,adr,, ,1,n/a,2026-09-04
207,TTE,TTE,Totalenergies Se,US,adr,, ,1,n/a,2026-09-02
208,UBS,UBS,Ubs Group Ag,US,adr,, ,1,n/a,2026-09-04
209,UL,UL,Unilever Plc,US,adr,, ,1,n/a,2026-09-02
210,VOD,VOD,Vodafone Group Public Ltd Co,US,adr,, ,1,n/a,2026-09-02
211,WIT,WIT,Wipro Ltd,US,adr,, ,1,n/a,2026-09-04
212,AFRM,AFRM,"Affirm Holdings, Inc.",US,large-cap-supplement,,,1,n/a,2026-09-02
213,AMX,AMX,America Movil Sab De Cv/,US,large-cap-supplement,,,1,n/a,2026-09-04
214,ANSS,ANSS,Ansys,US,large-cap-supplement,,defunct — acquired by Synopsys 2025,1,n/a,2026-09-04
215,ASR,ASR,Southeast Airport Group,US,large-cap-supplement,,,1,n/a,2026-09-04
216,BEKE,BEKE,Ke Holdings Inc.,US,large-cap-supplement,,,1,n/a,2026-09-04
217,BIDU,BIDU,"Baidu, Inc.",US,large-cap-supplement,,,1,n/a,2026-09-02
218,CAJ,CAJ,Canon Inc.,US,large-cap-supplement,,,1,n/a,2026-09-02
219,DKNG,DKNG,Draftkings Inc.,US,large-cap-supplement,,,1,n/a,2026-09-02
220,EA,EA,Electronic Arts,US,large-cap-supplement,,,1,n/a,2026-09-04
221,ERIC,ERIC,Ericsson Lm Telephone Co,US,large-cap-supplement,,,1,n/a,2026-09-04
222,FUTU,FUTU,Futu Holdings Ltd,US,large-cap-supplement,,,1,n/a,2026-09-02
223,GFS,GFS,Globalfoundries Inc.,US,large-cap-supplement,,,1,n/a,2026-09-02
224,GRAB,GRAB,Grab Holdings Ltd,US,large-cap-supplement,,,1,n/a,2026-09-02
225,HMC,HMC,Honda Motor Co Ltd,US,large-cap-supplement,,,1,n/a,2026-09-02
226,IQ,IQ,"Iqiyi, Inc.",US,large-cap-supplement,,,1,n/a,2026-09-02
227,KB,KB,Kb Financial Group Inc.,US,large-cap-supplement,,,1,n/a,2026-09-04
228,KEP,KEP,Korea Electric Power Corp,US,large-cap-supplement,,,1,n/a,2026-09-04
229,LCID,LCID,"Lucid Group, Inc.",US,large-cap-supplement,,,1,n/a,2026-09-02
230,LI,LI,Li Auto Inc.,US,large-cap-supplement,,,1,n/a,2026-09-04
231,LPL,LPL,"Lg Display Co., Ltd.",US,large-cap-supplement,,,1,n/a,2026-09-04
232,MBLY,MBLY,Mobileye Global Inc.,US,large-cap-supplement,,,1,n/a,2026-09-02
233,MELI,MELI,Mercadolibre Inc,US,large-cap-supplement,,,1,n/a,2026-09-02
234,NET,NET,"Cloudflare, Inc.",US,large-cap-supplement,,,1,n/a,2026-09-02
235,NIO,NIO,Nio Inc.,US,large-cap-supplement,,,1,n/a,2026-09-02
236,NMR,NMR,Nomura Holdings Inc,US,large-cap-supplement,,,1,n/a,2026-09-02
237,OMAB,OMAB,Central North Airport Group,US,large-cap-supplement,,,1,n/a,2026-09-04
238,PAC,PAC,Pacific Airport Group,US,large-cap-supplement,,,1,n/a,2026-09-04
239,PKX,PKX,Posco Holdings Inc.,US,large-cap-supplement,,,1,n/a,2026-09-04
240,RBLX,RBLX,Roblox Corp,US,large-cap-supplement,,,1,n/a,2026-09-02
241,RIVN,RIVN,"Rivian Automotive, Inc. / De",US,large-cap-supplement,,,1,n/a,2026-09-02
242,SHG,SHG,Shinhan Financial Group Co Ltd,US,large-cap-supplement,,,1,n/a,2026-09-04
243,SHOP,SHOP,Shopify Inc.,US,large-cap-supplement,,,1,n/a,2026-09-02
244,SNOW,SNOW,Snowflake Inc.,US,large-cap-supplement,,,1,n/a,2026-09-02
245,SOFI,SOFI,"Sofi Technologies, Inc.",US,large-cap-supplement,,,1,n/a,2026-09-02
246,SQ,SQ,"Block, Inc.",US,large-cap-supplement,,renamed — now XYZ,1,n/a,2026-09-04
247,STM,STM,Stmicroelectronics N.V.,US,large-cap-supplement,,,1,n/a,2026-09-04
248,TAK,TAK,Takeda Pharmaceutical Co Ltd,US,large-cap-supplement,,,1,n/a,2026-09-02
249,TCOM,TCOM,Trip.Com Group Ltd,US,large-cap-supplement,,,1,n/a,2026-09-04
250,TEAM,TEAM,Atlassian Corp,US,large-cap-supplement,,,1,n/a,2026-09-02
251,TEF,TEF,Telefónica,US,large-cap-supplement,,,1,n/a,2026-09-04
252,TME,TME,Tencent Music Entertainment Group,US,large-cap-supplement,,,1,n/a,2026-09-04
253,TSEM,TSEM,Tower Semiconductor Ltd,US,large-cap-supplement,,,1,n/a,2026-09-02
254,U,U,Unity Software Inc.,US,large-cap-supplement,,,1,n/a,2026-09-02
255,UMC,UMC,United Microelectronics Corp,US,large-cap-supplement,,,1,n/a,2026-09-04
256,VIPS,VIPS,Vipshop Holdings Ltd,US,large-cap-supplement,,,1,n/a,2026-09-02
257,VIV,VIV,Telefonica Brasil S.A.,US,large-cap-supplement,,,1,n/a,2026-09-04
258,WB,WB,Weibo Corp,US,large-cap-supplement,,,1,n/a,2026-09-04
259,XPEV,XPEV,Xpeng Inc.,US,large-cap-supplement,,,1,n/a,2026-09-04
260,YMM,YMM,Full Truck Alliance Co. Ltd.,US,large-cap-supplement,,,1,n/a,2026-09-02
261,ZS,ZS,"Zscaler, Inc.",US,large-cap-supplement,,,1,n/a,2026-09-02
262,ZTO,ZTO,Zto Express (Cayman) Inc.,US,large-cap-supplement,,,1,n/a,2026-09-04
263,ABX-XTSE,ABX.TO,Barrick Mining Corporation,CA,equity,tsx60,,1,n/a,2026-09-02
264,AEM-XTSE,AEM.TO,Agnico Eagle Mines Limited,CA,equity,tsx60,,1,n/a,2026-09-02
265,ATD-XTSE,ATD.TO,Alimentation Couche-Tard Inc.,CA,equity,tsx60,,1,n/a,2026-09-02
266,BAM-XTSE,BAM.TO,Brookfield Asset Management Ltd.,CA,equity,tsx60,,1,n/a,2026-09-02
267,BCE-XTSE,BCE.TO,BCE Inc.,CA,equity,tsx60,,1,n/a,2026-09-02
268,BIP-UN-XTSE,BIP-UN.TO,Brookfield Infrastructure Partners L.P.,CA,equity,tsx60,,1,n/a,2026-09-02
269,BMO-XTSE,BMO.TO,Bank of Montreal,CA,equity,tsx60,,1,n/a,2026-09-02
270,BN-XTSE,BN.TO,Brookfield Corporation,CA,equity,tsx60,,1,n/a,2026-09-02
271,BNS-XTSE,BNS.TO,Bank of Nova Scotia,CA,equity,tsx60,,1,n/a,2026-09-02
272,CAE-XTSE,CAE.TO,CAE Inc.,CA,equity,tsx60,,1,n/a,2026-09-02
273,CCL-B-XTSE,CCL-B.TO,CCL Industries Inc.,CA,equity,tsx60,,1,UNSAFE,2026-09-02
274,CCO-XTSE,CCO.TO,Cameco Corporation,CA,equity,tsx60,,1,n/a,2026-09-02
275,CLS-XTSE,CLS.TO,Celestica Inc.,CA,equity,tsx60,,1,n/a,2026-09-02
276,CM-XTSE,CM.TO,Canadian Imperial Bank of Commerce,CA,equity,tsx60,,1,n/a,2026-09-02
277,CNQ-XTSE,CNQ.TO,Canadian Natural Resources Limited,CA,equity,tsx60,,1,n/a,2026-09-02
278,CNR-XTSE,CNR.TO,Canadian National Railway Company,CA,equity,tsx60,,1,UNSAFE,2026-09-02
279,CP-XTSE,CP.TO,Canadian Pacific Kansas City Limited,CA,equity,tsx60,,1,safe,2026-09-02
280,CSU-XTSE,CSU.TO,Constellation Software Inc.,CA,equity,tsx60,,1,n/a,2026-09-02
281,CTC-A-XTSE,CTC-A.TO,Canadian Tire Corporation Limited,CA,equity,tsx60,,1,n/a,2026-09-02
282,CVE-XTSE,CVE.TO,Cenovus Energy Inc.,CA,equity,tsx60,,1,n/a,2026-09-02
283,DOL-XTSE,DOL.TO,Dollarama Inc.,CA,equity,tsx60,,1,n/a,2026-09-02
284,EMA-XTSE,EMA.TO,Emera Incorporated,CA,equity,tsx60,,1,n/a,2026-09-02
285,ENB-XTSE,ENB.TO,Enbridge Inc.,CA,equity,tsx60,,1,n/a,2026-09-02
286,FFH-XTSE,FFH.TO,Fairfax Financial Holdings Limited,CA,equity,tsx60,,1,n/a,2026-09-02
287,FM-XTSE,FM.TO,First Quantum Minerals Ltd.,CA,equity,tsx60,,1,n/a,2026-09-02
288,FNV-XTSE,FNV.TO,Franco-Nevada Corporation,CA,equity,tsx60,,1,n/a,2026-09-02
289,FSV-XTSE,FSV.TO,FirstService Corporation,CA,equity,tsx60,,1,n/a,2026-09-02
290,FTS-XTSE,FTS.TO,Fortis Inc.,CA,equity,tsx60,,1,n/a,2026-09-02
291,GIB-A-XTSE,GIB-A.TO,CGI Inc.,CA,equity,tsx60,,1,n/a,2026-09-02
292,GIL-XTSE,GIL.TO,Gildan Activewear Inc.,CA,equity,tsx60,,1,n/a,2026-09-02
293,H-XTSE,H.TO,Hydro One Limited,CA,equity,tsx60,,1,UNSAFE,2026-09-02
294,IFC-XTSE,IFC.TO,Intact Financial Corporation,CA,equity,tsx60,,1,n/a,2026-09-02
295,IMO-XTSE,IMO.TO,Imperial Oil Limited,CA,equity,tsx60,,1,n/a,2026-09-02
296,K-XTSE,K.TO,Kinross Gold Corporation,CA,equity,tsx60,,1,n/a,2026-09-02
297,L-XTSE,L.TO,Loblaw Companies Limited,CA,equity,tsx60,,1,UNSAFE,2026-09-02
298,MFC-XTSE,MFC.TO,Manulife Financial Corporation,CA,equity,tsx60,,1,n/a,2026-09-02
299,MG-XTSE,MG.TO,Magna International Inc.,CA,equity,tsx60,,1,n/a,2026-09-02
300,MRU-XTSE,MRU.TO,Metro Inc.,CA,equity,tsx60,,1,n/a,2026-09-02
301,NA-XTSE,NA.TO,National Bank of Canada,CA,equity,tsx60,,1,n/a,2026-09-02
302,NTR-XTSE,NTR.TO,Nutrien Ltd.,CA,equity,tsx60,,1,n/a,2026-09-02
303,OTEX-XTSE,OTEX.TO,Open Text Corporation,CA,equity,tsx60,,1,n/a,2026-09-02
304,POW-XTSE,POW.TO,Power Corporation of Canada,CA,equity,tsx60,,1,n/a,2026-09-02
305,PPL-XTSE,PPL.TO,Pembina Pipeline Corporation,CA,equity,tsx60,,1,UNSAFE,2026-09-02
306,QSR-XTSE,QSR.TO,Restaurant Brands International Inc.,CA,equity,tsx60,,1,n/a,2026-09-02
307,RCI-B-XTSE,RCI-B.TO,Rogers Communications Inc.,CA,equity,tsx60,,1,n/a,2026-09-02
308,RY-XTSE,RY.TO,Royal Bank of Canada,CA,equity,tsx60,,1,n/a,2026-09-02
309,SAP-XTSE,SAP.TO,Saputo Inc.,CA,equity,tsx60,,1,UNSAFE,2026-09-02
310,SHOP-XTSE,SHOP.TO,Shopify Inc.,CA,equity,tsx60,,1,safe,2026-09-02
311,SLF-XTSE,SLF.TO,Sun Life Financial Inc.,CA,equity,tsx60,,1,n/a,2026-09-02
312,SU-XTSE,SU.TO,Suncor Energy Inc.,CA,equity,tsx60,,1,safe,2026-09-02
313,T-XTSE,T.TO,Telus Corporation,CA,equity,tsx60,,1,UNSAFE,2026-09-02
314,TD-XTSE,TD.TO,Toronto-Dominion Bank,CA,equity,tsx60,,1,n/a,2026-09-02
315,TECK-B-XTSE,TECK-B.TO,Teck Resources Limited,CA,equity,tsx60,,1,n/a,2026-09-02
316,TOU-XTSE,TOU.TO,Tourmaline Oil Corp.,CA,equity,tsx60,,1,n/a,2026-09-02
317,TRI-XTSE,TRI.TO,Thomson Reuters Corporation,CA,equity,tsx60,,1,safe,2026-09-02
318,TRP-XTSE,TRP.TO,TC Energy Corporation,CA,equity,tsx60,,1,n/a,2026-09-02
319,WCN-XTSE,WCN.TO,Waste Connections Inc.,CA,equity,tsx60,,1,n/a,2026-09-02
320,WN-XTSE,WN.TO,George Weston Limited,CA,equity,tsx60,,1,n/a,2026-09-02
321,WPM-XTSE,WPM.TO,Wheaton Precious Metals Corp.,CA,equity,tsx60,,1,n/a,2026-09-02
322,WSP-XTSE,WSP.TO,WSP Global Inc.,CA,equity,tsx60,,1,n/a,2026-09-02
323,ADS-XETR,ADS.DE,Adidas,DE,equity,dax,,1,n/a,2026-09-02
324,ALV-XETR,ALV.DE,Allianz,DE,equity,dax,,1,UNSAFE,2026-09-02
325,BAS-XETR,BAS.DE,BASF,DE,equity,dax,,1,n/a,2026-09-02
326,BAYN-XETR,BAYN.DE,Bayer,DE,equity,dax,,1,n/a,2026-09-02
327,BEI-XETR,BEI.DE,Beiersdorf,DE,equity,dax,,1,n/a,2026-09-02
328,BMW-XETR,BMW.DE,BMW,DE,equity,dax,,1,n/a,2026-09-02
329,BNR-XETR,BNR.DE,Brenntag,DE,equity,dax,,1,n/a,2026-09-02
330,CBK-XETR,CBK.DE,Commerzbank,DE,equity,dax,,1,n/a,2026-09-02
331,CON-XETR,CON.DE,Continental,DE,equity,dax,,1,UNSAFE,2026-09-02
332,DB1-XETR,DB1.DE,Deutsche Börse,DE,equity,dax,,1,n/a,2026-09-02
333,DBK-XETR,DBK.DE,Deutsche Bank,DE,equity,dax,,1,n/a,2026-09-02
334,DHL-XETR,DHL.DE,DHL Group,DE,equity,dax,,1,n/a,2026-09-04
335,DTE-XETR,DTE.DE,Deutsche Telekom,DE,equity,dax,,1,UNSAFE,2026-09-02
336,DTG-XETR,DTG.DE,Daimler Truck,DE,equity,dax,,1,n/a,2026-09-02
337,ENR-XETR,ENR.DE,Siemens Energy,DE,equity,dax,,1,UNSAFE,2026-09-02
338,EOAN-XETR,EOAN.DE,E.ON,DE,equity,dax,,1,n/a,2026-09-02
339,FME-XETR,FME.DE,Fresenius Medical Care,DE,equity,dax,,1,n/a,2026-09-02
340,G1A-XETR,G1A.DE,GEA Group,DE,equity,dax,,1,n/a,2026-09-02
341,G24-XETR,G24.DE,Scout24,DE,equity,dax,,1,n/a,2026-09-02
342,HEI-XETR,HEI.DE,Heidelberg Materials,DE,equity,dax,,1,n/a,2026-09-02
343,HEN3-XETR,HEN3.DE,Henkel,DE,equity,dax,,1,n/a,2026-09-02
344,HNR1-XETR,HNR1.DE,Hannover Re,DE,equity,dax,,1,n/a,2026-09-02
345,IFX-XETR,IFX.DE,Infineon Technologies,DE,equity,dax,,1,n/a,2026-09-02
346,MBG-XETR,MBG.DE,Mercedes-Benz Group,DE,equity,dax,,1,n/a,2026-09-02
347,MRK-XETR,MRK.DE,Merck,DE,equity,dax,,1,UNSAFE,2026-09-02
348,MTX-XETR,MTX.DE,MTU Aero Engines,DE,equity,dax,,1,UNSAFE,2026-09-02
349,MUV2-XETR,MUV2.DE,Munich Re,DE,equity,dax,,1,n/a,2026-09-02
350,PAH3-XETR,PAH3.DE,Porsche SE,DE,equity,dax,,1,n/a,2026-09-02
351,RHM-XETR,RHM.DE,Rheinmetall,DE,equity,dax,,1,n/a,2026-09-02
352,RWE-XETR,RWE.DE,RWE,DE,equity,dax,,1,n/a,2026-09-02
353,SAP-XETR,SAP.DE,SAP,DE,equity,dax,,1,UNSAFE,2026-09-02
354,SHL-XETR,SHL.DE,Siemens Healthineers,DE,equity,dax,,1,n/a,2026-09-02
355,SIE-XETR,SIE.DE,Siemens,DE,equity,dax,,1,n/a,2026-09-02
356,SY1-XETR,SY1.DE,Symrise,DE,equity,dax,,1,n/a,2026-09-02
357,VNA-XETR,VNA.DE,Vonovia,DE,equity,dax,,1,n/a,2026-09-02
358,VOW3-XETR,VOW3.DE,Volkswagen Group,DE,equity,dax,,1,n/a,2026-09-02
359,ZAL-XETR,ZAL.DE,Zalando,DE,equity,dax,,1,n/a,2026-09-02
360,AC-XPAR,AC.PA,Accor,FR,equity,cac40,,1,n/a,2026-09-02
361,ACA-XPAR,ACA.PA,Crédit Agricole,FR,equity,cac40,,1,UNSAFE,2026-09-02
362,AI-XPAR,AI.PA,Air Liquide,FR,equity,cac40,,1,n/a,2026-09-02
363,AIR-XPAR,AIR.PA,Airbus,FR,equity,dax,,1,UNSAFE,2026-09-02
364,BN-XPAR,BN.PA,Danone,FR,equity,cac40,,1,n/a,2026-09-02
365,BNP-XPAR,BNP.PA,BNP Paribas,FR,equity,cac40,,1,n/a,2026-09-02
366,BVI-XPAR,BVI.PA,Bureau Veritas,FR,equity,cac40,,1,n/a,2026-09-02
367,CA-XPAR,CA.PA,Carrefour,FR,equity,cac40,,1,n/a,2026-09-02
368,CAP-XPAR,CAP.PA,Capgemini,FR,equity,cac40,,1,n/a,2026-09-02
369,CS-XPAR,CS.PA,Axa,FR,equity,cac40,,1,unknown,2026-09-02
370,DG-XPAR,DG.PA,Vinci,FR,equity,cac40,,1,UNSAFE,2026-09-02
371,DSY-XPAR,DSY.PA,Dassault Systèmes,FR,equity,cac40,,1,n/a,2026-09-02
372,EDEN-XPAR,EDEN.PA,Edenred,FR,equity,cac40,,1,n/a,2026-09-02
373,EL-XPAR,EL.PA,EssilorLuxottica,FR,equity,cac40,,1,UNSAFE,2026-09-02
374,EN-XPAR,EN.PA,Bouygues,FR,equity,cac40,,1,n/a,2026-09-02
375,ENGI-XPAR,ENGI.PA,Engie,FR,equity,cac40,,1,n/a,2026-09-02
376,ERF-XPAR,ERF.PA,Eurofins Scientific,FR,equity,cac40,,1,n/a,2026-09-02
377,GLE-XPAR,GLE.PA,Société Générale,FR,equity,cac40,,1,n/a,2026-09-02
378,HO-XPAR,HO.PA,Thales,FR,equity,cac40,,1,n/a,2026-09-02
379,KER-XPAR,KER.PA,Kering,FR,equity,cac40,,1,n/a,2026-09-02
380,LR-XPAR,LR.PA,Legrand,FR,equity,cac40,,1,n/a,2026-09-02
381,MC-XPAR,MC.PA,LVMH,FR,equity,cac40,,1,UNSAFE,2026-09-02
382,ML-XPAR,ML.PA,Michelin,FR,equity,cac40,,1,n/a,2026-09-02
383,OR-XPAR,OR.PA,L'Oréal,FR,equity,cac40,,1,n/a,2026-09-02
384,ORA-XPAR,ORA.PA,Orange,FR,equity,cac40,,1,UNSAFE,2026-09-02
385,PUB-XPAR,PUB.PA,Publicis,FR,equity,cac40,,1,n/a,2026-09-02
386,RI-XPAR,RI.PA,Pernod Ricard,FR,equity,cac40,,1,n/a,2026-09-02
387,RMS-XPAR,RMS.PA,Hermès,FR,equity,cac40,,1,n/a,2026-09-02
388,RNO-XPAR,RNO.PA,Renault,FR,equity,cac40,,1,n/a,2026-09-02
389,SAF-XPAR,SAF.PA,Safran,FR,equity,cac40,,1,n/a,2026-09-02
390,SAN-XPAR,SAN.PA,Sanofi,FR,equity,cac40,,1,UNSAFE,2026-09-02
391,SGO-XPAR,SGO.PA,Saint-Gobain,FR,equity,cac40,,1,n/a,2026-09-02
392,SU-XPAR,SU.PA,Schneider Electric,FR,equity,cac40,,1,UNSAFE,2026-09-02
393,TEP-XPAR,TEP.PA,Teleperformance,FR,equity,cac40,,1,n/a,2026-09-02
394,TTE-XPAR,TTE.PA,TotalEnergies,FR,equity,cac40,,1,safe,2026-09-02
395,URW-XPAR,URW.PA,Unibail-Rodamco-Westfield,FR,equity,cac40,,1,n/a,2026-09-02
396,VIE-XPAR,VIE.PA,Veolia,FR,equity,cac40,,1,n/a,2026-09-02
397,1332-XTKS,1332.T,Nissui,JP,equity,nikkei225,,1,n/a,2026-09-03
398,1605-XTKS,1605.T,Inpex,JP,equity,nikkei225,,1,n/a,2026-09-03
399,1721-XTKS,1721.T,Comsys Holdings,JP,equity,nikkei225,,1,n/a,2026-09-03
400,1801-XTKS,1801.T,Taisei,JP,equity,nikkei225,,1,n/a,2026-09-03
401,1802-XTKS,1802.T,Obayashi Corp.,JP,equity,nikkei225,,1,n/a,2026-09-03
402,1803-XTKS,1803.T,Shimizu,JP,equity,nikkei225,,1,n/a,2026-09-03
403,1808-XTKS,1808.T,Haseko Corp.,JP,equity,nikkei225,,1,n/a,2026-09-03
404,1812-XTKS,1812.T,Kajima,JP,equity,nikkei225,,1,n/a,2026-09-03
405,1925-XTKS,1925.T,Daiwa House Industry,JP,equity,nikkei225,,1,n/a,2026-09-03
406,1928-XTKS,1928.T,Sekisui House,JP,equity,nikkei225,,1,n/a,2026-09-03
407,1963-XTKS,1963.T,JGC Corporation,JP,equity,nikkei225,,1,n/a,2026-09-03
408,2002-XTKS,2002.T,Nisshin Seifun Group,JP,equity,nikkei225,,1,n/a,2026-09-03
409,2269-XTKS,2269.T,Meiji Holdings,JP,equity,nikkei225,,1,n/a,2026-09-03
410,2282-XTKS,2282.T,NH Foods,JP,equity,nikkei225,,1,n/a,2026-09-03
411,2413-XTKS,2413.T,M3,JP,equity,nikkei225,,1,n/a,2026-09-03
412,2432-XTKS,2432.T,Dena,JP,equity,nikkei225,,1,n/a,2026-09-03
413,2501-XTKS,2501.T,Sapporo Holdings,JP,equity,nikkei225,,1,n/a,2026-09-03
414,2502-XTKS,2502.T,Asahi Group Holdings,JP,equity,nikkei225,,1,n/a,2026-09-03
415,2503-XTKS,2503.T,Kirin Holdings,JP,equity,nikkei225,,1,n/a,2026-09-03
416,2768-XTKS,2768.T,Sojitz,JP,equity,nikkei225,,1,n/a,2026-09-03
417,2801-XTKS,2801.T,Kikkoman,JP,equity,nikkei225,,1,n/a,2026-09-03
418,2802-XTKS,2802.T,Ajinomoto,JP,equity,nikkei225,,1,n/a,2026-09-03
419,285A-XTKS,285A.T,Kioxia Holdings,JP,equity,nikkei225,,1,n/a,2026-09-03
420,2871-XTKS,2871.T,Nichirei,JP,equity,nikkei225,,1,n/a,2026-09-03
421,2914-XTKS,2914.T,Japan Tobacco,JP,equity,nikkei225,,1,n/a,2026-09-03
422,3086-XTKS,3086.T,J. Front Retailing,JP,equity,nikkei225,,1,n/a,2026-09-03
423,3092-XTKS,3092.T,ZOZO,JP,equity,nikkei225,,1,n/a,2026-09-03
424,3099-XTKS,3099.T,Isetan Mitsukoshi Holdings,JP,equity,nikkei225,,1,n/a,2026-09-03
425,3289-XTKS,3289.T,Tokyu Land,JP,equity,nikkei225,,1,n/a,2026-09-03
426,3382-XTKS,3382.T,Seven & I Holdings Co.,JP,equity,nikkei225,,1,n/a,2026-09-03
427,3401-XTKS,3401.T,Teijin,JP,equity,nikkei225,,1,n/a,2026-09-03
428,3402-XTKS,3402.T,Toray Industries,JP,equity,nikkei225,,1,n/a,2026-09-03
429,3405-XTKS,3405.T,Kuraray,JP,equity,nikkei225,,1,n/a,2026-09-03
430,3407-XTKS,3407.T,Asahi Kasei,JP,equity,nikkei225,,1,n/a,2026-09-03
431,3436-XTKS,3436.T,SUMCO,JP,equity,nikkei225,,1,n/a,2026-09-03
432,3659-XTKS,3659.T,Nexon,JP,equity,nikkei225,,1,n/a,2026-09-03
433,3697-XTKS,3697.T,SHIFT Inc.,JP,equity,nikkei225,,1,n/a,2026-09-03
434,3861-XTKS,3861.T,Oji Holdings Corporation,JP,equity,nikkei225,,1,n/a,2026-09-03
435,4004-XTKS,4004.T,Resonac Holdings,JP,equity,nikkei225,,1,n/a,2026-09-03
436,4005-XTKS,4005.T,Sumitomo Chemical,JP,equity,nikkei225,,1,n/a,2026-09-03
437,4021-XTKS,4021.T,Nissan Chemical Industries,JP,equity,nikkei225,,1,n/a,2026-09-03
438,4042-XTKS,4042.T,Tosoh,JP,equity,nikkei225,,1,n/a,2026-09-03
439,4043-XTKS,4043.T,Tokuyama Corporation,JP,equity,nikkei225,,1,n/a,2026-09-03
440,4061-XTKS,4061.T,Denka,JP,equity,nikkei225,,1,n/a,2026-09-03
441,4063-XTKS,4063.T,Shin-Etsu Chemical,JP,equity,nikkei225,,1,n/a,2026-09-03
442,4151-XTKS,4151.T,Kyowa Hakko Kirin,JP,equity,nikkei225,,1,n/a,2026-09-03
443,4183-XTKS,4183.T,Mitsui Chemicals,JP,equity,nikkei225,,1,n/a,2026-09-03
444,4188-XTKS,4188.T,Mitsubishi Chemical Holdings,JP,equity,nikkei225,,1,n/a,2026-09-03
445,4208-XTKS,4208.T,Ube Industries,JP,equity,nikkei225,,1,n/a,2026-09-03
446,4307-XTKS,4307.T,Nomura Research Institute,JP,equity,nikkei225,,1,n/a,2026-09-03
447,4324-XTKS,4324.T,Dentsu Group,JP,equity,nikkei225,,1,n/a,2026-09-03
448,4385-XTKS,4385.T,Mercari,JP,equity,nikkei225,,1,n/a,2026-09-03
449,4452-XTKS,4452.T,Kao Corp.,JP,equity,nikkei225,,1,n/a,2026-09-03
450,4502-XTKS,4502.T,Takeda Pharmaceutical Company,JP,equity,nikkei225,,1,n/a,2026-09-03
451,4503-XTKS,4503.T,Astellas Pharma,JP,equity,nikkei225,,1,n/a,2026-09-03
452,4506-XTKS,4506.T,Sumitomo Dainippon Pharma,JP,equity,nikkei225,,1,n/a,2026-09-03
453,4507-XTKS,4507.T,Shionogi,JP,equity,nikkei225,,1,n/a,2026-09-03
454,4519-XTKS,4519.T,Chugai Pharmaceutical,JP,equity,nikkei225,,1,n/a,2026-09-03
455,4523-XTKS,4523.T,Eisai Co.,JP,equity,nikkei225,,1,n/a,2026-09-03
456,4543-XTKS,4543.T,Terumo,JP,equity,nikkei225,,1,n/a,2026-09-03
457,4568-XTKS,4568.T,Daiichi Sankyo,JP,equity,nikkei225,,1,n/a,2026-09-03
458,4578-XTKS,4578.T,Otsuka Holdings,JP,equity,nikkei225,,1,n/a,2026-09-03
459,4661-XTKS,4661.T,Oriental Land,JP,equity,nikkei225,,1,n/a,2026-09-03
460,4689-XTKS,4689.T,LY Corporation,JP,equity,nikkei225,,1,n/a,2026-09-03
461,4704-XTKS,4704.T,Trend Micro,JP,equity,nikkei225,,1,n/a,2026-09-03
462,4751-XTKS,4751.T,CyberAgent,JP,equity,nikkei225,,1,n/a,2026-09-03
463,4755-XTKS,4755.T,Rakuten Group,JP,equity,nikkei225,,1,n/a,2026-09-03
464,4901-XTKS,4901.T,Fujifilm Holdings,JP,equity,nikkei225,,1,n/a,2026-09-03
465,4902-XTKS,4902.T,Konica Minolta Holdings,JP,equity,nikkei225,,1,n/a,2026-09-03
466,4911-XTKS,4911.T,Shiseido,JP,equity,nikkei225,,1,n/a,2026-09-03
467,5019-XTKS,5019.T,Idemitsu Kosan,JP,equity,nikkei225,,1,n/a,2026-09-03
468,5020-XTKS,5020.T,Eneos Holdings,JP,equity,nikkei225,,1,n/a,2026-09-03
469,5101-XTKS,5101.T,Yokohama Rubber,JP,equity,nikkei225,,1,n/a,2026-09-03
470,5108-XTKS,5108.T,Bridgestone,JP,equity,nikkei225,,1,n/a,2026-09-03
471,5201-XTKS,5201.T,AGC Inc.,JP,equity,nikkei225,,1,n/a,2026-09-03
472,5214-XTKS,5214.T,Nippon Electric Glass,JP,equity,nikkei225,,1,n/a,2026-09-03
473,5233-XTKS,5233.T,Taiheiyo Cement,JP,equity,nikkei225,,1,n/a,2026-09-03
474,5301-XTKS,5301.T,Tokai Carbon,JP,equity,nikkei225,,1,n/a,2026-09-03
475,5332-XTKS,5332.T,Toto Ltd.,JP,equity,nikkei225,,1,n/a,2026-09-03
476,5333-XTKS,5333.T,NGK Insulators,JP,equity,nikkei225,,1,n/a,2026-09-03
477,5401-XTKS,5401.T,Nippon Steel,JP,equity,nikkei225,,1,n/a,2026-09-03
478,5406-XTKS,5406.T,Kobe Steel,JP,equity,nikkei225,,1,n/a,2026-09-03
479,5411-XTKS,5411.T,JFE Holdings,JP,equity,nikkei225,,1,n/a,2026-09-03
480,543A-XTKS,543A.T,Archion,JP,equity,nikkei225,,1,n/a,2026-09-03
481,5631-XTKS,5631.T,Japan Steel Works,JP,equity,nikkei225,,1,n/a,2026-09-03
482,5706-XTKS,5706.T,Mitsui Mining & Smelting,JP,equity,nikkei225,,1,n/a,2026-09-03
483,5711-XTKS,5711.T,Mitsubishi Materials,JP,equity,nikkei225,,1,n/a,2026-09-03
484,5713-XTKS,5713.T,Sumitomo Metal Mining,JP,equity,nikkei225,,1,n/a,2026-09-03
485,5714-XTKS,5714.T,Dowa Holdings,JP,equity,nikkei225,,1,n/a,2026-09-03
486,5801-XTKS,5801.T,Furukawa Electric,JP,equity,nikkei225,,1,n/a,2026-09-03
487,5802-XTKS,5802.T,Sumitomo Electric Industries,JP,equity,nikkei225,,1,n/a,2026-09-03
488,5803-XTKS,5803.T,Fujikura,JP,equity,nikkei225,,1,n/a,2026-09-03
489,5831-XTKS,5831.T,Shizuoka Financial Group,JP,equity,nikkei225,,1,n/a,2026-09-03
490,6098-XTKS,6098.T,Recruit Holdings,JP,equity,nikkei225,,1,n/a,2026-09-03
491,6103-XTKS,6103.T,Okuma Holdings,JP,equity,nikkei225,,1,n/a,2026-09-03
492,6113-XTKS,6113.T,Amada Co. Ltd.,JP,equity,nikkei225,,1,n/a,2026-09-03
493,6146-XTKS,6146.T,Disco Corporation,JP,equity,nikkei225,,1,n/a,2026-09-03
494,6178-XTKS,6178.T,Japan Post Holdings,JP,equity,nikkei225,,1,n/a,2026-09-03
495,6273-XTKS,6273.T,SMC Corporation,JP,equity,nikkei225,,1,n/a,2026-09-03
496,6301-XTKS,6301.T,Komatsu,JP,equity,nikkei225,,1,n/a,2026-09-03
497,6302-XTKS,6302.T,Sumitomo Heavy Industries,JP,equity,nikkei225,,1,n/a,2026-09-03
498,6305-XTKS,6305.T,Hitachi Construction Machinery,JP,equity,nikkei225,,1,n/a,2026-09-03
499,6326-XTKS,6326.T,Kubota,JP,equity,nikkei225,,1,n/a,2026-09-03
500,6361-XTKS,6361.T,Ebara,JP,equity,nikkei225,,1,n/a,2026-09-03
501,6367-XTKS,6367.T,Daikin Industries,JP,equity,nikkei225,,1,n/a,2026-09-03
502,6471-XTKS,6471.T,NSK Ltd.,JP,equity,nikkei225,,1,n/a,2026-09-03
503,6472-XTKS,6472.T,NTN,JP,equity,nikkei225,,1,n/a,2026-09-03
504,6473-XTKS,6473.T,JTEKT,JP,equity,nikkei225,,1,n/a,2026-09-03
505,6479-XTKS,6479.T,MinebeaMitsumi,JP,equity,nikkei225,,1,n/a,2026-09-03
506,6501-XTKS,6501.T,Hitachi,JP,equity,nikkei225,,1,n/a,2026-09-03
507,6503-XTKS,6503.T,Mitsubishi Electric,JP,equity,nikkei225,,1,n/a,2026-09-03
508,6504-XTKS,6504.T,Fuji Electric,JP,equity,nikkei225,,1,n/a,2026-09-03
509,6506-XTKS,6506.T,Yaskawa Electric Corporation,JP,equity,nikkei225,,1,n/a,2026-09-03
510,6526-XTKS,6526.T,Socionext,JP,equity,nikkei225,,1,n/a,2026-09-03
511,6532-XTKS,6532.T,Baycurrent,JP,equity,nikkei225,,1,n/a,2026-09-03
512,6594-XTKS,6594.T,Nidec,JP,equity,nikkei225,,1,n/a,2026-09-03
513,6645-XTKS,6645.T,Omron,JP,equity,nikkei225,,1,n/a,2026-09-03
514,6701-XTKS,6701.T,NEC,JP,equity,nikkei225,,1,n/a,2026-09-03
515,6702-XTKS,6702.T,Fujitsu,JP,equity,nikkei225,,1,n/a,2026-09-03
516,6723-XTKS,6723.T,Renesas Electronics,JP,equity,nikkei225,,1,n/a,2026-09-03
517,6724-XTKS,6724.T,Seiko Epson,JP,equity,nikkei225,,1,n/a,2026-09-03
518,6752-XTKS,6752.T,Panasonic,JP,equity,nikkei225,,1,n/a,2026-09-03
519,6753-XTKS,6753.T,Sharp Corporation,JP,equity,nikkei225,,1,n/a,2026-09-03
520,6758-XTKS,6758.T,Sony,JP,equity,nikkei225,,1,n/a,2026-09-03
521,6762-XTKS,6762.T,TDK,JP,equity,nikkei225,,1,n/a,2026-09-03
522,6770-XTKS,6770.T,Alps Alpine,JP,equity,nikkei225,,1,n/a,2026-09-03
523,6841-XTKS,6841.T,Yokogawa Electric,JP,equity,nikkei225,,1,n/a,2026-09-03
524,6857-XTKS,6857.T,Advantest,JP,equity,nikkei225,,1,n/a,2026-09-03
525,6861-XTKS,6861.T,Keyence,JP,equity,nikkei225,,1,n/a,2026-09-03
526,6902-XTKS,6902.T,Denso,JP,equity,nikkei225,,1,n/a,2026-09-03
527,6920-XTKS,6920.T,Lasertec,JP,equity,nikkei225,,1,n/a,2026-09-03
528,6954-XTKS,6954.T,FANUC,JP,equity,nikkei225,,1,n/a,2026-09-03
529,6963-XTKS,6963.T,Rohm,JP,equity,nikkei225,,1,n/a,2026-09-03
530,6971-XTKS,6971.T,Kyocera,JP,equity,nikkei225,,1,n/a,2026-09-03
531,6976-XTKS,6976.T,Taiyo Yuden,JP,equity,nikkei225,,1,n/a,2026-09-03
532,6981-XTKS,6981.T,Murata Manufacturing,JP,equity,nikkei225,,1,n/a,2026-09-03
533,6988-XTKS,6988.T,Nitto Denko,JP,equity,nikkei225,,1,n/a,2026-09-03
534,7004-XTKS,7004.T,Kanadevia,JP,equity,nikkei225,,1,n/a,2026-09-03
535,7011-XTKS,7011.T,Mitsubishi Heavy Industries,JP,equity,nikkei225,,1,n/a,2026-09-03
536,7012-XTKS,7012.T,Kawasaki Heavy Industries,JP,equity,nikkei225,,1,n/a,2026-09-03
537,7013-XTKS,7013.T,IHI,JP,equity,nikkei225,,1,n/a,2026-09-03
538,7186-XTKS,7186.T,Yokohama Financial Group,JP,equity,nikkei225,,1,n/a,2026-09-03
539,7201-XTKS,7201.T,Nissan,JP,equity,nikkei225,,1,n/a,2026-09-03
540,7202-XTKS,7202.T,Isuzu Motors,JP,equity,nikkei225,,1,n/a,2026-09-03
541,7203-XTKS,7203.T,Toyota Motor,JP,equity,nikkei225,,1,n/a,2026-09-03
542,7211-XTKS,7211.T,Mitsubishi Motors,JP,equity,nikkei225,,1,n/a,2026-09-03
543,7261-XTKS,7261.T,Mazda Motor,JP,equity,nikkei225,,1,n/a,2026-09-03
544,7267-XTKS,7267.T,Honda Motor,JP,equity,nikkei225,,1,n/a,2026-09-03
545,7269-XTKS,7269.T,Suzuki Motor,JP,equity,nikkei225,,1,n/a,2026-09-03
546,7270-XTKS,7270.T,Subaru,JP,equity,nikkei225,,1,n/a,2026-09-03
547,7272-XTKS,7272.T,Yamaha Motor Company,JP,equity,nikkei225,,1,n/a,2026-09-03
548,7453-XTKS,7453.T,Muji,JP,equity,nikkei225,,1,n/a,2026-09-03
549,7532-XTKS,7532.T,Pan Pacific International Holdings,JP,equity,nikkei225,,1,n/a,2026-09-03
550,7731-XTKS,7731.T,Nikon,JP,equity,nikkei225,,1,n/a,2026-09-03
551,7733-XTKS,7733.T,Olympus,JP,equity,nikkei225,,1,n/a,2026-09-03
552,7735-XTKS,7735.T,SCREEN Holdings,JP,equity,nikkei225,,1,n/a,2026-09-03
553,7741-XTKS,7741.T,Hoya Corporation,JP,equity,nikkei225,,1,n/a,2026-09-03
554,7751-XTKS,7751.T,Canon Inc.,JP,equity,nikkei225,,1,n/a,2026-09-03
555,7752-XTKS,7752.T,Ricoh,JP,equity,nikkei225,,1,n/a,2026-09-03
556,7832-XTKS,7832.T,Bandai Namco Holdings,JP,equity,nikkei225,,1,n/a,2026-09-04
557,7911-XTKS,7911.T,Toppan Printing,JP,equity,nikkei225,,1,n/a,2026-09-03
558,7912-XTKS,7912.T,Dai Nippon Printing,JP,equity,nikkei225,,1,n/a,2026-09-03
559,7951-XTKS,7951.T,Yamaha Corporation,JP,equity,nikkei225,,1,n/a,2026-09-03
560,7974-XTKS,7974.T,Nintendo,JP,equity,nikkei225,,1,n/a,2026-09-03
561,8001-XTKS,8001.T,Itochu,JP,equity,nikkei225,,1,n/a,2026-09-03
562,8002-XTKS,8002.T,Marubeni,JP,equity,nikkei225,,1,n/a,2026-09-03
563,8015-XTKS,8015.T,Toyota Tsusho,JP,equity,nikkei225,,1,n/a,2026-09-03
564,8031-XTKS,8031.T,Mitsui & Co.,JP,equity,nikkei225,,1,n/a,2026-09-03
565,8035-XTKS,8035.T,Tokyo Electron,JP,equity,nikkei225,,1,n/a,2026-09-03
566,8053-XTKS,8053.T,Sumitomo Corporation,JP,equity,nikkei225,,1,n/a,2026-09-03
567,8058-XTKS,8058.T,Mitsubishi Corporation,JP,equity,nikkei225,,1,n/a,2026-09-03
568,8233-XTKS,8233.T,Takashimaya,JP,equity,nikkei225,,1,n/a,2026-09-03
569,8252-XTKS,8252.T,Marui Group,JP,equity,nikkei225,,1,n/a,2026-09-03
570,8253-XTKS,8253.T,Credit Saison,JP,equity,nikkei225,,1,n/a,2026-09-03
571,8267-XTKS,8267.T,Aeon,JP,equity,nikkei225,,1,n/a,2026-09-03
572,8304-XTKS,8304.T,Aozora Bank,JP,equity,nikkei225,,1,n/a,2026-09-03
573,8306-XTKS,8306.T,Mitsubishi UFJ Financial Group,JP,equity,nikkei225,,1,n/a,2026-09-03
574,8308-XTKS,8308.T,Resona Holdings,JP,equity,nikkei225,,1,n/a,2026-09-03
575,8309-XTKS,8309.T,Sumitomo Mitsui Trust Holdings,JP,equity,nikkei225,,1,n/a,2026-09-03
576,8316-XTKS,8316.T,Sumitomo Mitsui Financial Group,JP,equity,nikkei225,,1,n/a,2026-09-03
577,8331-XTKS,8331.T,Chiba Bank,JP,equity,nikkei225,,1,n/a,2026-09-03
578,8354-XTKS,8354.T,Fukuoka Financial Group,JP,equity,nikkei225,,1,n/a,2026-09-03
579,8411-XTKS,8411.T,Mizuho Financial Group,JP,equity,nikkei225,,1,n/a,2026-09-03
580,8591-XTKS,8591.T,Orix,JP,equity,nikkei225,,1,n/a,2026-09-03
581,8601-XTKS,8601.T,Daiwa Securities Group,JP,equity,nikkei225,,1,n/a,2026-09-03
582,8604-XTKS,8604.T,Nomura Holdings,JP,equity,nikkei225,,1,n/a,2026-09-03
583,8630-XTKS,8630.T,Sompo Holdings,JP,equity,nikkei225,,1,n/a,2026-09-03
584,8697-XTKS,8697.T,Japan Exchange Group,JP,equity,nikkei225,,1,n/a,2026-09-03
585,8725-XTKS,8725.T,MS&AD Insurance Group,JP,equity,nikkei225,,1,n/a,2026-09-03
586,8750-XTKS,8750.T,Daiichi Life Group,JP,equity,nikkei225,,1,n/a,2026-09-03
587,8766-XTKS,8766.T,Tokio Marine Holdings,JP,equity,nikkei225,,1,n/a,2026-09-03
588,8795-XTKS,8795.T,T&D Holdings,JP,equity,nikkei225,,1,n/a,2026-09-03
589,8801-XTKS,8801.T,Mitsui Fudosan,JP,equity,nikkei225,,1,n/a,2026-09-03
590,8802-XTKS,8802.T,Mitsubishi Estate,JP,equity,nikkei225,,1,n/a,2026-09-03
591,8804-XTKS,8804.T,Tokyo Tatemono,JP,equity,nikkei225,,1,n/a,2026-09-03
592,8830-XTKS,8830.T,Sumitomo Realty & Development,JP,equity,nikkei225,,1,n/a,2026-09-03
593,9001-XTKS,9001.T,Tobu Railway,JP,equity,nikkei225,,1,n/a,2026-09-03
594,9005-XTKS,9005.T,Tokyu,JP,equity,nikkei225,,1,n/a,2026-09-03
595,9007-XTKS,9007.T,Odakyu Electric Railway,JP,equity,nikkei225,,1,n/a,2026-09-03
596,9008-XTKS,9008.T,Keio,JP,equity,nikkei225,,1,n/a,2026-09-03
597,9009-XTKS,9009.T,Keisei Electric Railway,JP,equity,nikkei225,,1,n/a,2026-09-03
598,9020-XTKS,9020.T,East Japan Railway Company,JP,equity,nikkei225,,1,n/a,2026-09-03
599,9021-XTKS,9021.T,West Japan Railway Company,JP,equity,nikkei225,,1,n/a,2026-09-03
600,9022-XTKS,9022.T,Central Japan Railway Company,JP,equity,nikkei225,,1,n/a,2026-09-03
601,9064-XTKS,9064.T,Yamato Holdings,JP,equity,nikkei225,,1,n/a,2026-09-03
602,9101-XTKS,9101.T,Nippon Yusen,JP,equity,nikkei225,,1,n/a,2026-09-03
603,9104-XTKS,9104.T,Mitsui O.S.K. Lines,JP,equity,nikkei225,,1,n/a,2026-09-03
604,9107-XTKS,9107.T,Kawasaki Kisen Kaisha,JP,equity,nikkei225,,1,n/a,2026-09-03
605,9147-XTKS,9147.T,Nippon Express Holdings,JP,equity,nikkei225,,1,n/a,2026-09-03
606,9201-XTKS,9201.T,Japan Airlines,JP,equity,nikkei225,,1,n/a,2026-09-03
607,9202-XTKS,9202.T,ANA Holdings,JP,equity,nikkei225,,1,n/a,2026-09-03
608,9432-XTKS,9432.T,Nippon Telegraph & Telephone,JP,equity,nikkei225,,1,n/a,2026-09-03
609,9433-XTKS,9433.T,KDDI,JP,equity,nikkei225,,1,n/a,2026-09-03
610,9434-XTKS,9434.T,SoftBank,JP,equity,nikkei225,,1,n/a,2026-09-03
611,9501-XTKS,9501.T,Tokyo Electric Power Company,JP,equity,nikkei225,,1,n/a,2026-09-03
612,9502-XTKS,9502.T,Chubu Electric Power,JP,equity,nikkei225,,1,n/a,2026-09-03
613,9503-XTKS,9503.T,Kansai Electric Power,JP,equity,nikkei225,,1,n/a,2026-09-03
614,9531-XTKS,9531.T,Tokyo Gas,JP,equity,nikkei225,,1,n/a,2026-09-03
615,9532-XTKS,9532.T,Osaka Gas,JP,equity,nikkei225,,1,n/a,2026-09-03
616,9602-XTKS,9602.T,Toho,JP,equity,nikkei225,,1,n/a,2026-09-03
617,9735-XTKS,9735.T,Secom,JP,equity,nikkei225,,1,n/a,2026-09-03
618,9766-XTKS,9766.T,Konami,JP,equity,nikkei225,,1,n/a,2026-09-03
619,9843-XTKS,9843.T,Nitori,JP,equity,nikkei225,,1,n/a,2026-09-03
620,9983-XTKS,9983.T,Fast Retailing,JP,equity,nikkei225,,1,n/a,2026-09-03
621,9984-XTKS,9984.T,SoftBank Group,JP,equity,nikkei225,,1,n/a,2026-09-03
622,MT-XAMS,MT.AS,ArcelorMittal,NL,equity,cac40,,1,safe,2026-09-04
623,AAF-XLON,AAF.L,Airtel Africa,UK,equity,ftse100,,1,n/a,2026-09-02
624,AAL-XLON,AAL.L,Anglo American plc,UK,equity,ftse100,,1,UNSAFE,2026-09-02
625,ABDN-XLON,ABDN.L,Aberdeen Group,UK,equity,ftse100,,1,n/a,2026-09-02
626,ABF-XLON,ABF.L,Associated British Foods,UK,equity,ftse100,,1,n/a,2026-09-02
627,ADM-XLON,ADM.L,Admiral Group,UK,equity,ftse100,,1,UNSAFE,2026-09-02
628,ALW-XLON,ALW.L,Alliance Witan,UK,equity,ftse100,,1,n/a,2026-09-02
629,ANTO-XLON,ANTO.L,Antofagasta plc,UK,equity,ftse100,,1,n/a,2026-09-02
630,AUTO-XLON,AUTO.L,Autotrader Group,UK,equity,ftse100,,1,n/a,2026-09-02
631,AV-XLON,AV.L,Aviva,UK,equity,ftse100,,1,n/a,2026-09-02
632,AZN-XLON,AZN.L,AstraZeneca,UK,equity,ftse100,,1,safe,2026-09-02
633,BA-XLON,BA.L,BAE Systems,UK,equity,ftse100,,1,UNSAFE,2026-09-02
634,BAB-XLON,BAB.L,Babcock International,UK,equity,ftse100,,1,n/a,2026-09-02
635,BARC-XLON,BARC.L,Barclays,UK,equity,ftse100,,1,n/a,2026-09-02
636,BATS-XLON,BATS.L,British American Tobacco,UK,equity,ftse100,,1,n/a,2026-09-02
637,BBOX-XLON,BBOX.L,Tritax Big Box REIT,UK,equity,ftse100,,1,n/a,2026-09-02
638,BEZ-XLON,BEZ.L,Beazley,UK,equity,ftse100,,1,n/a,2026-09-02
639,BGEO-XLON,BGEO.L,Lion Finance Group,UK,equity,ftse100,,1,n/a,2026-09-02
640,BLND-XLON,BLND.L,British Land,UK,equity,ftse100,,1,n/a,2026-09-02
641,BNZL-XLON,BNZL.L,Bunzl,UK,equity,ftse100,,1,n/a,2026-09-02
642,BP-XLON,BP.L,BP,UK,equity,ftse100,,1,UNSAFE,2026-09-02
643,BRBY-XLON,BRBY.L,Burberry Group,UK,equity,ftse100,,1,n/a,2026-09-02
644,BT-A-XLON,BT-A.L,BT Group,UK,equity,ftse100,,1,n/a,2026-09-02
645,BTRW-XLON,BTRW.L,Barratt Redrow,UK,equity,ftse100,,1,n/a,2026-09-02
646,CCC-XLON,CCC.L,Computacenter,UK,equity,ftse100,,1,n/a,2026-09-02
647,CCEP-XLON,CCEP.L,Coca-Cola Europacific Partners,UK,equity,ftse100,,1,n/a,2026-09-02
648,CCH-XLON,CCH.L,Coca-Cola HBC,UK,equity,ftse100,,1,n/a,2026-09-02
649,CNA-XLON,CNA.L,Centrica,UK,equity,ftse100,,1,n/a,2026-09-02
650,CPG-XLON,CPG.L,Compass Group,UK,equity,ftse100,,1,n/a,2026-09-04
651,CRDA-XLON,CRDA.L,Croda International,UK,equity,ftse100,,1,n/a,2026-09-02
652,CTEC-XLON,CTEC.L,Convatec,UK,equity,ftse100,,1,n/a,2026-09-02
653,DCC-XLON,DCC.L,DCC Energy,UK,equity,ftse100,,1,n/a,2026-09-02
654,DGE-XLON,DGE.L,Diageo,UK,equity,ftse100,,1,n/a,2026-09-02
655,DPLM-XLON,DPLM.L,Diploma,UK,equity,ftse100,,1,n/a,2026-09-02
656,ENT-XLON,ENT.L,Entain,UK,equity,ftse100,,1,n/a,2026-09-02
657,EXPN-XLON,EXPN.L,Experian,UK,equity,ftse100,,1,n/a,2026-09-02
658,FCIT-XLON,FCIT.L,F & C Investment Trust,UK,equity,ftse100,,1,n/a,2026-09-02
659,FRES-XLON,FRES.L,Fresnillo plc,UK,equity,ftse100,,1,n/a,2026-09-02
660,GAW-XLON,GAW.L,Games Workshop,UK,equity,ftse100,,1,n/a,2026-09-02
661,GLEN-XLON,GLEN.L,Glencore,UK,equity,ftse100,,1,n/a,2026-09-02
662,GSK-XLON,GSK.L,GSK plc,UK,equity,ftse100,,1,safe,2026-09-02
663,HLMA-XLON,HLMA.L,Halma plc,UK,equity,ftse100,,1,n/a,2026-09-02
664,HLN-XLON,HLN.L,Haleon,UK,equity,ftse100,,1,n/a,2026-09-02
665,HSBA-XLON,HSBA.L,HSBC,UK,equity,ftse100,,1,n/a,2026-09-02
666,HSX-XLON,HSX.L,Hiscox,UK,equity,ftse100,,1,n/a,2026-09-02
667,HWDN-XLON,HWDN.L,Howdens Joinery,UK,equity,ftse100,,1,n/a,2026-09-02
668,IAG-XLON,IAG.L,International Airlines Group,UK,equity,ftse100,,1,n/a,2026-09-02
669,ICG-XLON,ICG.L,ICG,UK,equity,ftse100,,1,n/a,2026-09-02
670,IGG-XLON,IGG.L,IG Group,UK,equity,ftse100,,1,n/a,2026-09-02
671,IHG-XLON,IHG.L,IHG Hotels & Resorts,UK,equity,ftse100,,1,n/a,2026-09-02
672,III-XLON,III.L,3i,UK,equity,ftse100,,1,n/a,2026-09-02
673,IMB-XLON,IMB.L,Imperial Brands,UK,equity,ftse100,,1,n/a,2026-09-02
674,IMI-XLON,IMI.L,IMI,UK,equity,ftse100,,1,n/a,2026-09-02
675,INF-XLON,INF.L,Informa,UK,equity,ftse100,,1,n/a,2026-09-02
676,INVP-XLON,INVP.L,Investec,UK,equity,ftse100,,1,n/a,2026-09-02
677,ITRK-XLON,ITRK.L,Intertek,UK,equity,ftse100,,1,n/a,2026-09-02
678,JD-XLON,JD.L,JD Sports,UK,equity,ftse100,,1,UNSAFE,2026-09-02
679,KGF-XLON,KGF.L,Kingfisher plc,UK,equity,ftse100,,1,n/a,2026-09-02
680,LAND-XLON,LAND.L,Land Securities,UK,equity,ftse100,,1,n/a,2026-09-02
681,LGEN-XLON,LGEN.L,Legal & General,UK,equity,ftse100,,1,n/a,2026-09-02
682,LLOY-XLON,LLOY.L,Lloyds Banking Group,UK,equity,ftse100,,1,n/a,2026-09-02
683,LMP-XLON,LMP.L,LondonMetric Property,UK,equity,ftse100,,1,n/a,2026-09-02
684,LSEG-XLON,LSEG.L,London Stock Exchange Group,UK,equity,ftse100,,1,n/a,2026-09-02
685,MKS-XLON,MKS.L,Marks & Spencer,UK,equity,ftse100,,1,n/a,2026-09-02
686,MNG-XLON,MNG.L,M&G,UK,equity,ftse100,,1,n/a,2026-09-02
687,MRO-XLON,MRO.L,Melrose Industries,UK,equity,ftse100,,1,n/a,2026-09-02
688,MTLN-XLON,MTLN.L,Metlen Energy & Metals,UK,equity,ftse100,,1,n/a,2026-09-02
689,NG-XLON,NG.L,National Grid plc,UK,equity,ftse100,,1,n/a,2026-09-02
690,NWG-XLON,NWG.L,NatWest Group,UK,equity,ftse100,,1,n/a,2026-09-02
691,NXT-XLON,NXT.L,Next plc,UK,equity,ftse100,,1,UNSAFE,2026-09-02
692,PCT-XLON,PCT.L,Polar Capital Technology Trust,UK,equity,ftse100,,1,n/a,2026-09-02
693,PRU-XLON,PRU.L,Prudential plc,UK,equity,ftse100,,1,safe,2026-09-02
694,PSH-XLON,PSH.L,Pershing Square Holdings,UK,equity,ftse100,,1,n/a,2026-09-02
695,PSN-XLON,PSN.L,Persimmon,UK,equity,ftse100,,1,UNSAFE,2026-09-02
696,PSON-XLON,PSON.L,Pearson plc,UK,equity,ftse100,,1,n/a,2026-09-02
697,REL-XLON,REL.L,RELX,UK,equity,ftse100,,1,n/a,2026-09-02
698,RIO-XLON,RIO.L,Rio Tinto,UK,equity,ftse100,,1,safe,2026-09-02
699,RKT-XLON,RKT.L,Reckitt,UK,equity,ftse100,,1,n/a,2026-09-02
700,RR-XLON,RR.L,Rolls-Royce Holdings,UK,equity,ftse100,,1,n/a,2026-09-02
701,RTO-XLON,RTO.L,Rentokil Initial,UK,equity,ftse100,,1,n/a,2026-09-02
702,SBRY-XLON,SBRY.L,Sainsbury's,UK,equity,ftse100,,1,n/a,2026-09-02
703,SDLF-XLON,SDLF.L,Standard Life,UK,equity,ftse100,,1,n/a,2026-09-02
704,SDR-XLON,SDR.L,Schroders,UK,equity,ftse100,,1,n/a,2026-09-02
705,SGE-XLON,SGE.L,Sage Group,UK,equity,ftse100,,1,n/a,2026-09-02
706,SGRO-XLON,SGRO.L,Segro,UK,equity,ftse100,,1,n/a,2026-09-02
707,SHEL-XLON,SHEL.L,Shell plc,UK,equity,ftse100,,1,safe,2026-09-02
708,SMIN-XLON,SMIN.L,Smiths Group,UK,equity,ftse100,,1,n/a,2026-09-02
709,SMT-XLON,SMT.L,Scottish Mortgage Investment Trust,UK,equity,ftse100,,1,n/a,2026-09-02
710,SN-XLON,SN.L,Smith & Nephew,UK,equity,ftse100,,1,UNSAFE,2026-09-02
711,SPX-XLON,SPX.L,Spirax Group,UK,equity,ftse100,,1,n/a,2026-09-02
712,SSE-XLON,SSE.L,SSE plc,UK,equity,ftse100,,1,n/a,2026-09-02
713,STAN-XLON,STAN.L,Standard Chartered,UK,equity,ftse100,,1,n/a,2026-09-02
714,STJ-XLON,STJ.L,St. James's Place,UK,equity,ftse100,,1,n/a,2026-09-02
715,SVT-XLON,SVT.L,Severn Trent,UK,equity,ftse100,,1,n/a,2026-09-02
716,TSCO-XLON,TSCO.L,Tesco,UK,equity,ftse100,,1,UNSAFE,2026-09-02
717,ULVR-XLON,ULVR.L,Unilever,UK,equity,ftse100,,1,n/a,2026-09-02
718,UU-XLON,UU.L,United Utilities,UK,equity,ftse100,,1,n/a,2026-09-02
719,VOD-XLON,VOD.L,Vodafone Group,UK,equity,ftse100,,1,safe,2026-09-02
720,WEIR-XLON,WEIR.L,Weir,UK,equity,ftse100,,1,n/a,2026-09-02
721,WTB-XLON,WTB.L,Whitbread,UK,equity,ftse100,,1,n/a,2026-09-02
722,A,A,Agilent Technologies,US,equity,sp500,,1,n/a,2026-09-02
723,AAPL,AAPL,Apple Inc.,US,equity,sp500,,1,n/a,2026-09-02
724,ABBV,ABBV,AbbVie,US,equity,sp500,,1,n/a,2026-09-02
725,ABNB,ABNB,Airbnb,US,equity,sp500,,1,n/a,2026-09-02
726,ABT,ABT,Abbott Laboratories,US,equity,sp500,,1,n/a,2026-09-02
727,ACGL,ACGL,Arch Capital Group,US,equity,sp500,,1,n/a,2026-09-02
728,ACN,ACN,Accenture,US,equity,sp500,,1,n/a,2026-09-02
729,ADBE,ADBE,Adobe Inc.,US,equity,sp500,,1,n/a,2026-09-02
730,ADI,ADI,Analog Devices,US,equity,sp500,,1,n/a,2026-09-02
731,ADM,ADM,Archer Daniels Midland,US,equity,sp500,,1,n/a,2026-09-02
732,ADP,ADP,Automatic Data Processing,US,equity,sp500,,1,n/a,2026-09-02
733,ADSK,ADSK,Autodesk,US,equity,sp500,,1,n/a,2026-09-02
734,AEE,AEE,Ameren,US,equity,sp500,,1,n/a,2026-09-02
735,AEP,AEP,American Electric Power,US,equity,sp500,,1,n/a,2026-09-04
736,AES,AES,AES Corporation,US,equity,sp500,,1,n/a,2026-09-02
737,AFL,AFL,Aflac,US,equity,sp500,,1,n/a,2026-09-02
738,AIG,AIG,American International Group,US,equity,sp500,,1,n/a,2026-09-02
739,AIZ,AIZ,Assurant,US,equity,sp500,,1,n/a,2026-09-02
740,AJG,AJG,Arthur J. Gallagher & Co.,US,equity,sp500,,1,n/a,2026-09-02
741,AKAM,AKAM,Akamai Technologies,US,equity,sp500,,1,n/a,2026-09-02
742,ALB,ALB,Albemarle Corporation,US,equity,sp500,,1,n/a,2026-09-02
743,ALGN,ALGN,Align Technology,US,equity,sp500,,1,n/a,2026-09-02
744,ALL,ALL,Allstate,US,equity,sp500,,1,n/a,2026-09-02
745,ALLE,ALLE,Allegion,US,equity,sp500,,1,n/a,2026-09-02
746,AMAT,AMAT,Applied Materials,US,equity,sp500,,1,n/a,2026-09-02
747,AMCR,AMCR,Amcor,US,equity,sp500,,1,n/a,2026-09-02
748,AMD,AMD,Advanced Micro Devices,US,equity,sp500,,1,n/a,2026-09-02
749,AME,AME,Ametek,US,equity,sp500,,1,n/a,2026-09-02
750,AMGN,AMGN,Amgen,US,equity,sp500,,1,n/a,2026-09-02
751,AMP,AMP,Ameriprise Financial,US,equity,sp500,,1,n/a,2026-09-02
752,AMT,AMT,American Tower,US,equity,sp500,,1,n/a,2026-09-02
753,AMZN,AMZN,Amazon,US,equity,sp500,,1,n/a,2026-09-02
754,ANET,ANET,Arista Networks,US,equity,sp500,,1,n/a,2026-09-02
755,AON,AON,Aon plc,US,equity,sp500,,1,n/a,2026-09-02
756,AOS,AOS,A. O. Smith,US,equity,sp500,,1,n/a,2026-09-02
757,APA,APA,APA Corporation,US,equity,sp500,,1,n/a,2026-09-02
758,APD,APD,Air Products,US,equity,sp500,,1,n/a,2026-09-02
759,APH,APH,Amphenol,US,equity,sp500,,1,n/a,2026-09-02
760,APO,APO,Apollo Global Management,US,equity,sp500,,1,n/a,2026-09-02
761,APP,APP,AppLovin,US,equity,sp500,,1,n/a,2026-09-02
762,APTV,APTV,Aptiv,US,equity,sp500,,1,n/a,2026-09-02
763,ARE,ARE,Alexandria Real Estate Equities,US,equity,sp500,,1,n/a,2026-09-02
764,ARES,ARES,Ares Management,US,equity,sp500,,1,n/a,2026-09-02
765,ATO,ATO,Atmos Energy,US,equity,sp500,,1,n/a,2026-09-02
766,AVGO,AVGO,Broadcom,US,equity,sp500,,1,n/a,2026-09-02
767,AVY,AVY,Avery Dennison,US,equity,sp500,,1,n/a,2026-09-02
768,AWK,AWK,American Water Works,US,equity,sp500,,1,n/a,2026-09-02
769,AXON,AXON,Axon Enterprise,US,equity,sp500,,1,n/a,2026-09-02
770,AXP,AXP,American Express,US,equity,sp500,,1,n/a,2026-09-02
771,AZO,AZO,AutoZone,US,equity,sp500,,1,n/a,2026-09-02
772,BA,BA,Boeing,US,equity,sp500,,1,n/a,2026-09-02
773,BAC,BAC,Bank of America,US,equity,sp500,,1,n/a,2026-09-02
774,BALL,BALL,Ball Corporation,US,equity,sp500,,1,n/a,2026-09-02
775,BAX,BAX,Baxter International,US,equity,sp500,,1,n/a,2026-09-02
776,BBY,BBY,Best Buy,US,equity,sp500,,1,n/a,2026-09-02
777,BDX,BDX,Becton Dickinson,US,equity,sp500,,1,n/a,2026-09-02
778,BEN,BEN,Franklin Resources,US,equity,sp500,,1,n/a,2026-09-02
779,BF-B,BF-B,Brown–Forman,US,equity,sp500,,1,n/a,2026-09-02
780,BG,BG,Bunge Global,US,equity,sp500,,1,n/a,2026-09-02
781,BIIB,BIIB,Biogen,US,equity,sp500,,1,n/a,2026-09-02
782,BKNG,BKNG,Booking Holdings,US,equity,sp500,,1,n/a,2026-09-02
783,BKR,BKR,Baker Hughes,US,equity,sp500,,1,n/a,2026-09-02
784,BLDR,BLDR,Builders FirstSource,US,equity,sp500,,1,n/a,2026-09-02
785,BLK,BLK,BlackRock,US,equity,sp500,,1,n/a,2026-09-02
786,BMY,BMY,Bristol Myers Squibb,US,equity,sp500,,1,n/a,2026-09-02
787,BNY,BNY,BNY Mellon,US,equity,sp500,,1,n/a,2026-09-02
788,BR,BR,Broadridge Financial Solutions,US,equity,sp500,,1,n/a,2026-09-02
789,BRK-A,BRK-A,Berkshire Hathaway (Class A),US,equity,sp500-classA,,1,n/a,2026-09-02
790,BRK-B,BRK-B,Berkshire Hathaway,US,equity,sp500,,1,n/a,2026-09-02
791,BRO,BRO,Brown & Brown,US,equity,sp500,,1,n/a,2026-09-02
792,BSX,BSX,Boston Scientific,US,equity,sp500,,1,n/a,2026-09-02
793,BX,BX,Blackstone Inc.,US,equity,sp500,,1,n/a,2026-09-02
794,BXP,BXP,"BXP, Inc.",US,equity,sp500,,1,n/a,2026-09-02
795,C,C,Citigroup,US,equity,sp500,,1,n/a,2026-09-02
796,CAH,CAH,Cardinal Health,US,equity,sp500,,1,n/a,2026-09-02
797,CARR,CARR,Carrier Global,US,equity,sp500,,1,n/a,2026-09-02
798,CASY,CASY,Casey's,US,equity,sp500,,1,n/a,2026-09-02
799,CAT,CAT,Caterpillar Inc.,US,equity,sp500,,1,n/a,2026-09-02
800,CB,CB,Chubb Limited,US,equity,sp500,,1,n/a,2026-09-02
801,CBRE,CBRE,CBRE Group,US,equity,sp500,,1,n/a,2026-09-02
802,CCI,CCI,Crown Castle,US,equity,sp500,,1,n/a,2026-09-02
803,CCL,CCL,Carnival Corporation,US,equity,sp500,,1,n/a,2026-09-02
804,CDNS,CDNS,Cadence Design Systems,US,equity,sp500,,1,n/a,2026-09-02
805,CDW,CDW,CDW Corporation,US,equity,sp500,,1,n/a,2026-09-02
806,CEG,CEG,Constellation Energy,US,equity,sp500,,1,n/a,2026-09-02
807,CF,CF,CF Industries,US,equity,sp500,,1,n/a,2026-09-02
808,CFG,CFG,Citizens Financial Group,US,equity,sp500,,1,n/a,2026-09-02
809,CHD,CHD,Church & Dwight,US,equity,sp500,,1,n/a,2026-09-02
810,CHRW,CHRW,C.H. Robinson,US,equity,sp500,,1,n/a,2026-09-02
811,CHTR,CHTR,Charter Communications,US,equity,sp500,,1,n/a,2026-09-02
812,CI,CI,Cigna,US,equity,sp500,,1,n/a,2026-09-04
813,CIEN,CIEN,Ciena,US,equity,sp500,,1,n/a,2026-09-02
814,CINF,CINF,Cincinnati Financial,US,equity,sp500,,1,n/a,2026-09-02
815,CL,CL,Colgate-Palmolive,US,equity,sp500,,1,n/a,2026-09-02
816,CLX,CLX,Clorox,US,equity,sp500,,1,n/a,2026-09-02
817,CMCSA,CMCSA,Comcast,US,equity,sp500,,1,n/a,2026-09-02
818,CME,CME,CME Group,US,equity,sp500,,1,n/a,2026-09-02
819,CMG,CMG,Chipotle Mexican Grill,US,equity,sp500,,1,n/a,2026-09-02
820,CMI,CMI,Cummins,US,equity,sp500,,1,n/a,2026-09-02
821,CMS,CMS,CMS Energy,US,equity,sp500,,1,n/a,2026-09-02
822,CNC,CNC,Centene Corporation,US,equity,sp500,,1,n/a,2026-09-02
823,CNP,CNP,CenterPoint Energy,US,equity,sp500,,1,n/a,2026-09-02
824,COF,COF,Capital One,US,equity,sp500,,1,n/a,2026-09-02
825,COHR,COHR,Coherent Corp.,US,equity,sp500,,1,n/a,2026-09-02
826,COIN,COIN,Coinbase,US,equity,sp500,,1,n/a,2026-09-02
827,COO,COO,Cooper Companies (The),US,equity,sp500,,1,n/a,2026-09-02
828,COP,COP,ConocoPhillips,US,equity,sp500,,1,n/a,2026-09-02
829,COR,COR,Cencora,US,equity,sp500,,1,n/a,2026-09-02
830,COST,COST,Costco,US,equity,sp500,,1,n/a,2026-09-02
831,CPAY,CPAY,Corpay,US,equity,sp500,,1,n/a,2026-09-02
832,CPRT,CPRT,Copart,US,equity,sp500,,1,n/a,2026-09-02
833,CPT,CPT,Camden Property Trust,US,equity,sp500,,1,n/a,2026-09-02
834,CRH,CRH,CRH plc,US,equity,sp500,,1,n/a,2026-09-02
835,CRL,CRL,Charles River Laboratories,US,equity,sp500,,1,n/a,2026-09-02
836,CRM,CRM,Salesforce,US,equity,sp500,,1,n/a,2026-09-02
837,CRWD,CRWD,CrowdStrike,US,equity,sp500,,1,n/a,2026-09-02
838,CSCO,CSCO,Cisco,US,equity,sp500,,1,n/a,2026-09-02
839,CSGP,CSGP,CoStar Group,US,equity,sp500,,1,n/a,2026-09-02
840,CSX,CSX,CSX Corporation,US,equity,sp500,,1,n/a,2026-09-02
841,CTAS,CTAS,Cintas,US,equity,sp500,,1,n/a,2026-09-02
842,CTSH,CTSH,Cognizant,US,equity,sp500,,1,n/a,2026-09-02
843,CTVA,CTVA,Corteva,US,equity,sp500,,1,n/a,2026-09-02
844,CVNA,CVNA,Carvana,US,equity,sp500,,1,n/a,2026-09-02
845,CVS,CVS,CVS Health,US,equity,sp500,,1,n/a,2026-09-02
846,CVX,CVX,Chevron Corporation,US,equity,sp500,,1,n/a,2026-09-02
847,D,D,Dominion Energy,US,equity,sp500,,1,n/a,2026-09-02
848,DAL,DAL,Delta Air Lines,US,equity,sp500,,1,n/a,2026-09-02
849,DASH,DASH,DoorDash,US,equity,sp500,,1,n/a,2026-09-02
850,DD,DD,DuPont,US,equity,sp500,,1,n/a,2026-09-02
851,DDOG,DDOG,Datadog,US,equity,sp500,,1,n/a,2026-09-02
852,DE,DE,Deere & Company,US,equity,sp500,,1,n/a,2026-09-02
853,DECK,DECK,Deckers Brands,US,equity,sp500,,1,n/a,2026-09-02
854,DELL,DELL,Dell Technologies,US,equity,sp500,,1,n/a,2026-09-02
855,DG,DG,Dollar General,US,equity,sp500,,1,n/a,2026-09-02
856,DGX,DGX,Quest Diagnostics,US,equity,sp500,,1,n/a,2026-09-02
857,DHI,DHI,D. R. Horton,US,equity,sp500,,1,n/a,2026-09-02
858,DHR,DHR,Danaher Corporation,US,equity,sp500,,1,n/a,2026-09-02
859,DIS,DIS,Walt Disney Company (The),US,equity,sp500,,1,n/a,2026-09-02
860,DLR,DLR,Digital Realty,US,equity,sp500,,1,n/a,2026-09-02
861,DLTR,DLTR,Dollar Tree,US,equity,sp500,,1,n/a,2026-09-02
862,DOC,DOC,Healthpeak Properties,US,equity,sp500,,1,n/a,2026-09-02
863,DOV,DOV,Dover Corporation,US,equity,sp500,,1,n/a,2026-09-02
864,DOW,DOW,Dow Inc.,US,equity,sp500,,1,n/a,2026-09-02
865,DPZ,DPZ,Domino's,US,equity,sp500,,1,n/a,2026-09-02
866,DRI,DRI,Darden Restaurants,US,equity,sp500,,1,n/a,2026-09-02
867,DTE,DTE,DTE Energy,US,equity,sp500,,1,n/a,2026-09-02
868,DUK,DUK,Duke Energy,US,equity,sp500,,1,n/a,2026-09-02
869,DVA,DVA,DaVita,US,equity,sp500,,1,n/a,2026-09-02
870,DVN,DVN,Devon Energy,US,equity,sp500,,1,n/a,2026-09-02
871,DXCM,DXCM,Dexcom,US,equity,sp500,,1,n/a,2026-09-02
872,EBAY,EBAY,eBay Inc.,US,equity,sp500,,1,n/a,2026-09-02
873,ECHO,ECHO,EchoStar,US,equity,sp500,,1,n/a,2026-09-02
874,ECL,ECL,Ecolab,US,equity,sp500,,1,n/a,2026-09-02
875,ED,ED,Consolidated Edison,US,equity,sp500,,1,n/a,2026-09-02
876,EFX,EFX,Equifax,US,equity,sp500,,1,n/a,2026-09-02
877,EG,EG,Everest Group,US,equity,sp500,,1,n/a,2026-09-02
878,EIX,EIX,Edison International,US,equity,sp500,,1,n/a,2026-09-02
879,EL,EL,Estée Lauder Companies (The),US,equity,sp500,,1,n/a,2026-09-02
880,ELV,ELV,Elevance Health,US,equity,sp500,,1,n/a,2026-09-02
881,EME,EME,Emcor,US,equity,sp500,,1,n/a,2026-09-02
882,EMR,EMR,Emerson Electric,US,equity,sp500,,1,n/a,2026-09-02
883,EOG,EOG,EOG Resources,US,equity,sp500,,1,n/a,2026-09-02
884,EQIX,EQIX,Equinix,US,equity,sp500,,1,n/a,2026-09-02
885,EQT,EQT,EQT Corporation,US,equity,sp500,,1,n/a,2026-09-02
886,ERIE,ERIE,Erie Indemnity,US,equity,sp500,,1,n/a,2026-09-02
887,ES,ES,Eversource Energy,US,equity,sp500,,1,n/a,2026-09-02
888,ESS,ESS,Essex Property Trust,US,equity,sp500,,1,n/a,2026-09-02
889,ETN,ETN,Eaton Corporation,US,equity,sp500,,1,n/a,2026-09-02
890,ETR,ETR,Entergy,US,equity,sp500,,1,n/a,2026-09-02
891,EVRG,EVRG,Evergy,US,equity,sp500,,1,n/a,2026-09-02
892,EW,EW,Edwards Lifesciences,US,equity,sp500,,1,n/a,2026-09-02
893,EXC,EXC,Exelon,US,equity,sp500,,1,n/a,2026-09-02
894,EXE,EXE,Expand Energy,US,equity,sp500,,1,n/a,2026-09-02
895,EXPD,EXPD,Expeditors International,US,equity,sp500,,1,n/a,2026-09-02
896,EXPE,EXPE,Expedia Group,US,equity,sp500,,1,n/a,2026-09-02
897,EXR,EXR,Extra Space Storage,US,equity,sp500,,1,n/a,2026-09-02
898,F,F,Ford Motor Company,US,equity,sp500,,1,n/a,2026-09-02
899,FANG,FANG,Diamondback Energy,US,equity,sp500,,1,n/a,2026-09-02
900,FAST,FAST,Fastenal,US,equity,sp500,,1,n/a,2026-09-02
901,FCX,FCX,Freeport-McMoRan,US,equity,sp500,,1,n/a,2026-09-02
902,FDS,FDS,FactSet,US,equity,sp500,,1,n/a,2026-09-02
903,FDX,FDX,FedEx,US,equity,sp500,,1,n/a,2026-09-02
904,FDXF,FDXF,FedEx Freight,US,equity,sp500,,1,n/a,2026-09-02
905,FE,FE,FirstEnergy,US,equity,sp500,,1,n/a,2026-09-02
906,FERG,FERG,Ferguson Enterprises,US,equity,sp500,,1,n/a,2026-09-02
907,FFIV,FFIV,"F5, Inc.",US,equity,sp500,,1,n/a,2026-09-02
908,FICO,FICO,Fair Isaac,US,equity,sp500,,1,n/a,2026-09-02
909,FIS,FIS,Fidelity National Information Services,US,equity,sp500,,1,n/a,2026-09-02
910,FISV,FISV,Fiserv,US,equity,sp500,,1,n/a,2026-09-02
911,FITB,FITB,Fifth Third Bancorp,US,equity,sp500,,1,n/a,2026-09-02
912,FIX,FIX,Comfort Systems USA,US,equity,sp500,,1,n/a,2026-09-02
913,FLEX,FLEX,Flex Ltd.,US,equity,sp500,,1,n/a,2026-09-02
914,FOX,FOX,Fox Corporation,US,equity,sp500,,1,n/a,2026-09-02
915,FOXA,FOXA,Fox Corporation,US,equity,sp500,,1,n/a,2026-09-02
916,FRT,FRT,Federal Realty Investment Trust,US,equity,sp500,,1,n/a,2026-09-02
917,FSLR,FSLR,First Solar,US,equity,sp500,,1,n/a,2026-09-02
918,FTNT,FTNT,Fortinet,US,equity,sp500,,1,n/a,2026-09-02
919,FTV,FTV,Fortive,US,equity,sp500,,1,n/a,2026-09-02
920,GD,GD,General Dynamics,US,equity,sp500,,1,n/a,2026-09-02
921,GDDY,GDDY,GoDaddy,US,equity,sp500,,1,n/a,2026-09-02
922,GE,GE,GE Aerospace,US,equity,sp500,,1,n/a,2026-09-02
923,GEHC,GEHC,GE HealthCare,US,equity,sp500,,1,n/a,2026-09-02
924,GEN,GEN,Gen Digital,US,equity,sp500,,1,n/a,2026-09-02
925,GEV,GEV,GE Vernova,US,equity,sp500,,1,n/a,2026-09-02
926,GILD,GILD,Gilead Sciences,US,equity,sp500,,1,n/a,2026-09-02
927,GIS,GIS,General Mills,US,equity,sp500,,1,n/a,2026-09-02
928,GL,GL,Globe Life,US,equity,sp500,,1,n/a,2026-09-02
929,GLW,GLW,Corning Inc.,US,equity,sp500,,1,n/a,2026-09-02
930,GM,GM,General Motors,US,equity,sp500,,1,n/a,2026-09-02
931,GNRC,GNRC,Generac,US,equity,sp500,,1,n/a,2026-09-02
932,GOOG,GOOG,Alphabet Inc.,US,equity,sp500,,1,n/a,2026-09-02
933,GOOGL,GOOGL,Alphabet Inc.,US,equity,sp500,,1,n/a,2026-09-02
934,GPC,GPC,Genuine Parts Company,US,equity,sp500,,1,n/a,2026-09-02
935,GPN,GPN,Global Payments,US,equity,sp500,,1,n/a,2026-09-02
936,GRMN,GRMN,Garmin,US,equity,sp500,,1,n/a,2026-09-02
937,GS,GS,Goldman Sachs,US,equity,sp500,,1,n/a,2026-09-02
938,GWW,GWW,W. W. Grainger,US,equity,sp500,,1,n/a,2026-09-02
939,HAL,HAL,Halliburton,US,equity,sp500,,1,n/a,2026-09-02
940,HAS,HAS,Hasbro,US,equity,sp500,,1,n/a,2026-09-02
941,HBAN,HBAN,Huntington Bancshares,US,equity,sp500,,1,n/a,2026-09-02
942,HCA,HCA,HCA Healthcare,US,equity,sp500,,1,n/a,2026-09-02
943,HD,HD,Home Depot (The),US,equity,sp500,,1,n/a,2026-09-02
944,HIG,HIG,Hartford (The),US,equity,sp500,,1,n/a,2026-09-02
945,HII,HII,Huntington Ingalls Industries,US,equity,sp500,,1,n/a,2026-09-02
946,HLT,HLT,Hilton Worldwide,US,equity,sp500,,1,n/a,2026-09-02
947,HON,HON,Honeywell Technologies,US,equity,sp500,,1,n/a,2026-09-02
948,HONA,HONA,Honeywell Aerospace,US,equity,sp500,,1,n/a,2026-09-02
949,HOOD,HOOD,Robinhood Markets,US,equity,sp500,,1,n/a,2026-09-02
950,HPE,HPE,Hewlett Packard Enterprise,US,equity,sp500,,1,n/a,2026-09-02
951,HPQ,HPQ,HP Inc.,US,equity,sp500,,1,n/a,2026-09-02
952,HRL,HRL,Hormel Foods,US,equity,sp500,,1,n/a,2026-09-02
953,HSIC,HSIC,Henry Schein,US,equity,sp500,,1,n/a,2026-09-02
954,HST,HST,Host Hotels & Resorts,US,equity,sp500,,1,n/a,2026-09-02
955,HSY,HSY,Hershey Company (The),US,equity,sp500,,1,n/a,2026-09-02
956,HUBB,HUBB,Hubbell Incorporated,US,equity,sp500,,1,n/a,2026-09-02
957,HUM,HUM,Humana,US,equity,sp500,,1,n/a,2026-09-02
958,HWM,HWM,Howmet Aerospace,US,equity,sp500,,1,n/a,2026-09-02
959,IBKR,IBKR,Interactive Brokers,US,equity,sp500,,1,n/a,2026-09-02
960,IBM,IBM,IBM,US,equity,sp500,,1,n/a,2026-09-02
961,ICE,ICE,Intercontinental Exchange,US,equity,sp500,,1,n/a,2026-09-02
962,IDXX,IDXX,Idexx Laboratories,US,equity,sp500,,1,n/a,2026-09-02
963,IEX,IEX,IDEX Corporation,US,equity,sp500,,1,n/a,2026-09-02
964,IFF,IFF,International Flavors & Fragrances,US,equity,sp500,,1,n/a,2026-09-02
965,INCY,INCY,Incyte,US,equity,sp500,,1,n/a,2026-09-02
966,INTC,INTC,Intel,US,equity,sp500,,1,n/a,2026-09-02
967,INTU,INTU,Intuit,US,equity,sp500,,1,n/a,2026-09-02
968,INVH,INVH,Invitation Homes,US,equity,sp500,,1,n/a,2026-09-02
969,IP,IP,International Paper,US,equity,sp500,,1,n/a,2026-09-02
970,IQV,IQV,IQVIA,US,equity,sp500,,1,n/a,2026-09-02
971,IR,IR,Ingersoll Rand,US,equity,sp500,,1,n/a,2026-09-02
972,IRM,IRM,Iron Mountain,US,equity,sp500,,1,n/a,2026-09-02
973,ISRG,ISRG,Intuitive Surgical,US,equity,sp500,,1,n/a,2026-09-02
974,IT,IT,Gartner,US,equity,sp500,,1,n/a,2026-09-02
975,ITW,ITW,Illinois Tool Works,US,equity,sp500,,1,n/a,2026-09-02
976,IVZ,IVZ,Invesco,US,equity,sp500,,1,n/a,2026-09-02
977,J,J,Jacobs Solutions,US,equity,sp500,,1,n/a,2026-09-02
978,JBHT,JBHT,J.B. Hunt,US,equity,sp500,,1,n/a,2026-09-02
979,JBL,JBL,Jabil,US,equity,sp500,,1,n/a,2026-09-02
980,JCI,JCI,Johnson Controls,US,equity,sp500,,1,n/a,2026-09-02
981,JKHY,JKHY,Jack Henry & Associates,US,equity,sp500,,1,n/a,2026-09-02
982,JNJ,JNJ,Johnson & Johnson,US,equity,sp500,,1,n/a,2026-09-02
983,JPM,JPM,JPMorgan Chase,US,equity,sp500,,1,n/a,2026-09-02
984,KDP,KDP,Keurig Dr Pepper,US,equity,sp500,,1,n/a,2026-09-02
985,KEY,KEY,KeyCorp,US,equity,sp500,,1,n/a,2026-09-02
986,KEYS,KEYS,Keysight Technologies,US,equity,sp500,,1,n/a,2026-09-02
987,KHC,KHC,Kraft Heinz,US,equity,sp500,,1,n/a,2026-09-02
988,KIM,KIM,Kimco Realty,US,equity,sp500,,1,n/a,2026-09-02
989,KKR,KKR,KKR & Co.,US,equity,sp500,,1,n/a,2026-09-02
990,KLAC,KLAC,KLA Corporation,US,equity,sp500,,1,n/a,2026-09-02
991,KMB,KMB,Kimberly-Clark,US,equity,sp500,,1,n/a,2026-09-02
992,KMI,KMI,Kinder Morgan,US,equity,sp500,,1,n/a,2026-09-02
993,KO,KO,Coca-Cola Company (The),US,equity,sp500,,1,n/a,2026-09-02
994,KR,KR,Kroger,US,equity,sp500,,1,n/a,2026-09-02
995,KVUE,KVUE,Kenvue,US,equity,sp500,,1,n/a,2026-09-02
996,L,L,Loews Corporation,US,equity,sp500,,1,n/a,2026-09-02
997,LDOS,LDOS,Leidos,US,equity,sp500,,1,n/a,2026-09-02
998,LEN,LEN,Lennar,US,equity,sp500,,1,n/a,2026-09-02
999,LH,LH,Labcorp,US,equity,sp500,,1,n/a,2026-09-02
1000,LHX,LHX,L3Harris,US,equity,sp500,,1,n/a,2026-09-02
1001,LII,LII,Lennox International,US,equity,sp500,,1,n/a,2026-09-02
1002,LIN,LIN,Linde plc,US,equity,sp500,,1,n/a,2026-09-02
1003,LITE,LITE,Lumentum,US,equity,sp500,,1,n/a,2026-09-02
1004,LLY,LLY,Lilly (Eli),US,equity,sp500,,1,n/a,2026-09-02
1005,LMT,LMT,Lockheed Martin,US,equity,sp500,,1,n/a,2026-09-02
1006,LNT,LNT,Alliant Energy,US,equity,sp500,,1,n/a,2026-09-02
1007,LOW,LOW,Lowe's,US,equity,sp500,,1,n/a,2026-09-02
1008,LRCX,LRCX,Lam Research,US,equity,sp500,,1,n/a,2026-09-02
1009,LULU,LULU,Lululemon Athletica,US,equity,sp500,,1,n/a,2026-09-02
1010,LUV,LUV,Southwest Airlines,US,equity,sp500,,1,n/a,2026-09-02
1011,LVS,LVS,Las Vegas Sands,US,equity,sp500,,1,n/a,2026-09-02
1012,LYB,LYB,LyondellBasell,US,equity,sp500,,1,n/a,2026-09-02
1013,LYV,LYV,Live Nation Entertainment,US,equity,sp500,,1,n/a,2026-09-02
1014,MA,MA,Mastercard,US,equity,sp500,,1,n/a,2026-09-02
1015,MAA,MAA,Mid-America Apartment Communities,US,equity,sp500,,1,n/a,2026-09-02
1016,MAR,MAR,Marriott International,US,equity,sp500,,1,n/a,2026-09-02
1017,MAS,MAS,Masco,US,equity,sp500,,1,n/a,2026-09-02
1018,MCD,MCD,McDonald's,US,equity,sp500,,1,n/a,2026-09-02
1019,MCHP,MCHP,Microchip Technology,US,equity,sp500,,1,n/a,2026-09-02
1020,MCK,MCK,McKesson Corporation,US,equity,sp500,,1,n/a,2026-09-02
1021,MCO,MCO,Moody's Corporation,US,equity,sp500,,1,n/a,2026-09-02
1022,MDLZ,MDLZ,Mondelez International,US,equity,sp500,,1,n/a,2026-09-02
1023,MDT,MDT,Medtronic,US,equity,sp500,,1,n/a,2026-09-02
1024,MET,MET,MetLife,US,equity,sp500,,1,n/a,2026-09-02
1025,META,META,Meta Platforms,US,equity,sp500,,1,n/a,2026-09-02
1026,MGM,MGM,MGM Resorts,US,equity,sp500,,1,n/a,2026-09-02
1027,MKC,MKC,McCormick & Company,US,equity,sp500,,1,n/a,2026-09-02
1028,MLM,MLM,Martin Marietta Materials,US,equity,sp500,,1,n/a,2026-09-02
1029,MMM,MMM,3M,US,equity,sp500,,1,n/a,2026-09-02
1030,MNST,MNST,Monster Beverage,US,equity,sp500,,1,n/a,2026-09-02
1031,MO,MO,Altria,US,equity,sp500,,1,n/a,2026-09-02
1032,MOS,MOS,Mosaic Company (The),US,equity,sp500,,1,n/a,2026-09-02
1033,MPC,MPC,Marathon Petroleum,US,equity,sp500,,1,n/a,2026-09-02
1034,MPWR,MPWR,Monolithic Power Systems,US,equity,sp500,,1,n/a,2026-09-02
1035,MRK,MRK,Merck & Co.,US,equity,sp500,,1,n/a,2026-09-02
1036,MRNA,MRNA,Moderna,US,equity,sp500,,1,n/a,2026-09-02
1037,MRSH,MRSH,Marsh McLennan,US,equity,sp500,,1,n/a,2026-09-02
1038,MRVL,MRVL,Marvell Technology,US,equity,sp500,,1,n/a,2026-09-02
1039,MS,MS,Morgan Stanley,US,equity,sp500,,1,n/a,2026-09-02
1040,MSCI,MSCI,MSCI,US,equity,sp500,,1,n/a,2026-09-02
1041,MSFT,MSFT,Microsoft,US,equity,sp500,,1,n/a,2026-09-02
1042,MSI,MSI,Motorola Solutions,US,equity,sp500,,1,n/a,2026-09-02
1043,MTB,MTB,M&T Bank,US,equity,sp500,,1,n/a,2026-09-02
1044,MTD,MTD,Mettler Toledo,US,equity,sp500,,1,n/a,2026-09-02
1045,MU,MU,Micron Technology,US,equity,sp500,,1,n/a,2026-09-02
1046,NCLH,NCLH,Norwegian Cruise Line Holdings,US,equity,sp500,,1,n/a,2026-09-02
1047,NDAQ,NDAQ,"Nasdaq, Inc.",US,equity,sp500,,1,n/a,2026-09-02
1048,NDSN,NDSN,Nordson Corporation,US,equity,sp500,,1,n/a,2026-09-02
1049,NEE,NEE,NextEra Energy,US,equity,sp500,,1,n/a,2026-09-02
1050,NEM,NEM,Newmont,US,equity,sp500,,1,n/a,2026-09-02
1051,NFLX,NFLX,Netflix,US,equity,sp500,,1,n/a,2026-09-02
1052,NI,NI,NiSource,US,equity,sp500,,1,n/a,2026-09-02
1053,NKE,NKE,"Nike, Inc.",US,equity,sp500,,1,n/a,2026-09-02
1054,NOC,NOC,Northrop Grumman,US,equity,sp500,,1,n/a,2026-09-02
1055,NOW,NOW,ServiceNow,US,equity,sp500,,1,n/a,2026-09-02
1056,NRG,NRG,NRG Energy,US,equity,sp500,,1,n/a,2026-09-02
1057,NSC,NSC,Norfolk Southern,US,equity,sp500,,1,n/a,2026-09-02
1058,NTAP,NTAP,NetApp,US,equity,sp500,,1,n/a,2026-09-02
1059,NTRS,NTRS,Northern Trust,US,equity,sp500,,1,n/a,2026-09-02
1060,NUE,NUE,Nucor,US,equity,sp500,,1,n/a,2026-09-02
1061,NVDA,NVDA,Nvidia,US,equity,sp500,,1,n/a,2026-09-02
1062,NVR,NVR,"NVR, Inc.",US,equity,sp500,,1,n/a,2026-09-02
1063,NWS,NWS,News Corp,US,equity,sp500,,1,n/a,2026-09-02
1064,NWSA,NWSA,News Corp,US,equity,sp500,,1,n/a,2026-09-02
1065,NXPI,NXPI,NXP Semiconductors,US,equity,sp500,,1,n/a,2026-09-02
1066,O,O,Realty Income,US,equity,sp500,,1,n/a,2026-09-02
1067,ODFL,ODFL,Old Dominion,US,equity,sp500,,1,n/a,2026-09-02
1068,OKE,OKE,Oneok,US,equity,sp500,,1,n/a,2026-09-02
1069,OMC,OMC,Omnicom Group,US,equity,sp500,,1,n/a,2026-09-02
1070,ON,ON,ON Semiconductor,US,equity,sp500,,1,n/a,2026-09-02
1071,ORCL,ORCL,Oracle Corporation,US,equity,sp500,,1,n/a,2026-09-02
1072,ORLY,ORLY,O'Reilly Automotive,US,equity,sp500,,1,n/a,2026-09-02
1073,OTIS,OTIS,Otis Worldwide,US,equity,sp500,,1,n/a,2026-09-02
1074,OXY,OXY,Occidental Petroleum,US,equity,sp500,,1,n/a,2026-09-02
1075,PANW,PANW,Palo Alto Networks,US,equity,sp500,,1,n/a,2026-09-02
1076,PAYX,PAYX,Paychex,US,equity,sp500,,1,n/a,2026-09-02
1077,PCAR,PCAR,Paccar,US,equity,sp500,,1,n/a,2026-09-02
1078,PCG,PCG,PG&E Corporation,US,equity,sp500,,1,n/a,2026-09-02
1079,PEG,PEG,Public Service Enterprise Group,US,equity,sp500,,1,n/a,2026-09-02
1080,PEP,PEP,PepsiCo,US,equity,sp500,,1,n/a,2026-09-02
1081,PFE,PFE,Pfizer,US,equity,sp500,,1,n/a,2026-09-02
1082,PFG,PFG,Principal Financial Group,US,equity,sp500,,1,n/a,2026-09-02
1083,PG,PG,Procter & Gamble,US,equity,sp500,,1,n/a,2026-09-02
1084,PGR,PGR,Progressive Corporation,US,equity,sp500,,1,n/a,2026-09-02
1085,PH,PH,Parker Hannifin,US,equity,sp500,,1,n/a,2026-09-02
1086,PHM,PHM,PulteGroup,US,equity,sp500,,1,n/a,2026-09-02
1087,PKG,PKG,Packaging Corporation of America,US,equity,sp500,,1,n/a,2026-09-02
1088,PLD,PLD,Prologis,US,equity,sp500,,1,n/a,2026-09-02
1089,PLTR,PLTR,Palantir Technologies,US,equity,sp500,,1,n/a,2026-09-02
1090,PM,PM,Philip Morris International,US,equity,sp500,,1,n/a,2026-09-02
1091,PNC,PNC,PNC Financial Services,US,equity,sp500,,1,n/a,2026-09-02
1092,PNR,PNR,Pentair,US,equity,sp500,,1,n/a,2026-09-02
1093,PNW,PNW,Pinnacle West Capital,US,equity,sp500,,1,n/a,2026-09-02
1094,PODD,PODD,Insulet Corporation,US,equity,sp500,,1,n/a,2026-09-02
1095,PPG,PPG,PPG Industries,US,equity,sp500,,1,n/a,2026-09-02
1096,PPL,PPL,PPL Corporation,US,equity,sp500,,1,n/a,2026-09-02
1097,PRU,PRU,Prudential Financial,US,equity,sp500,,1,n/a,2026-09-02
1098,PSA,PSA,Public Storage,US,equity,sp500,,1,n/a,2026-09-02
1099,PSKY,PSKY,Paramount Skydance Corporation,US,equity,sp500,,1,n/a,2026-09-02
1100,PSX,PSX,Phillips 66,US,equity,sp500,,1,n/a,2026-09-02
1101,PTC,PTC,PTC Inc.,US,equity,sp500,,1,n/a,2026-09-02
1102,PWR,PWR,Quanta Services,US,equity,sp500,,1,n/a,2026-09-02
1103,PYPL,PYPL,PayPal,US,equity,sp500,,1,n/a,2026-09-02
1104,Q,Q,Qnity Electronics,US,equity,sp500,,1,n/a,2026-09-02
1105,QCOM,QCOM,Qualcomm,US,equity,sp500,,1,n/a,2026-09-02
1106,RCL,RCL,Royal Caribbean Group,US,equity,sp500,,1,n/a,2026-09-02
1107,RDDT,RDDT,Reddit,US,equity,sp500,,1,n/a,2026-09-02
1108,REG,REG,Regency Centers,US,equity,sp500,,1,n/a,2026-09-02
1109,REGN,REGN,Regeneron Pharmaceuticals,US,equity,sp500,,1,n/a,2026-09-02
1110,RF,RF,Regions Financial Corporation,US,equity,sp500,,1,n/a,2026-09-02
1111,RJF,RJF,Raymond James Financial,US,equity,sp500,,1,n/a,2026-09-02
1112,RL,RL,Ralph Lauren Corporation,US,equity,sp500,,1,n/a,2026-09-02
1113,RMD,RMD,ResMed,US,equity,sp500,,1,n/a,2026-09-02
1114,ROK,ROK,Rockwell Automation,US,equity,sp500,,1,n/a,2026-09-02
1115,ROL,ROL,"Rollins, Inc.",US,equity,sp500,,1,n/a,2026-09-02
1116,ROP,ROP,Roper Technologies,US,equity,sp500,,1,n/a,2026-09-02
1117,ROST,ROST,Ross Stores,US,equity,sp500,,1,n/a,2026-09-02
1118,RSG,RSG,Republic Services,US,equity,sp500,,1,n/a,2026-09-02
1119,RTX,RTX,RTX Corporation,US,equity,sp500,,1,n/a,2026-09-02
1120,RVTY,RVTY,Revvity,US,equity,sp500,,1,n/a,2026-09-02
1121,SBAC,SBAC,SBA Communications,US,equity,sp500,,1,n/a,2026-09-02
1122,SBUX,SBUX,Starbucks,US,equity,sp500,,1,n/a,2026-09-02
1123,SCHW,SCHW,Charles Schwab Corporation,US,equity,sp500,,1,n/a,2026-09-02
1124,SHW,SHW,Sherwin-Williams,US,equity,sp500,,1,n/a,2026-09-02
1125,SJM,SJM,J.M. Smucker Company (The),US,equity,sp500,,1,n/a,2026-09-02
1126,SLB,SLB,Schlumberger,US,equity,sp500,,1,n/a,2026-09-02
1127,SMCI,SMCI,Supermicro,US,equity,sp500,,1,n/a,2026-09-02
1128,SNA,SNA,Snap-on,US,equity,sp500,,1,n/a,2026-09-02
1129,SNDK,SNDK,Sandisk,US,equity,sp500,,1,n/a,2026-09-02
1130,SNPS,SNPS,Synopsys,US,equity,sp500,,1,n/a,2026-09-02
1131,SO,SO,Southern Company,US,equity,sp500,,1,n/a,2026-09-02
1132,SOLV,SOLV,Solventum,US,equity,sp500,,1,n/a,2026-09-02
1133,SPCX,SPCX,Space Exploration Technologies Corp,US,equity,,,1,n/a,2026-09-03
1134,SPG,SPG,Simon Property Group,US,equity,sp500,,1,n/a,2026-09-02
1135,SPGI,SPGI,S&P Global,US,equity,sp500,,1,n/a,2026-09-02
1136,SRE,SRE,Sempra,US,equity,sp500,,1,n/a,2026-09-02
1137,STE,STE,Steris,US,equity,sp500,,1,n/a,2026-09-02
1138,STLD,STLD,Steel Dynamics,US,equity,sp500,,1,n/a,2026-09-02
1139,STT,STT,State Street Corporation,US,equity,sp500,,1,n/a,2026-09-02
1140,STX,STX,Seagate Technology,US,equity,sp500,,1,n/a,2026-09-02
1141,STZ,STZ,Constellation Brands,US,equity,sp500,,1,n/a,2026-09-02
1142,SW,SW,Smurfit Westrock,US,equity,sp500,,1,n/a,2026-09-02
1143,SWK,SWK,Stanley Black & Decker,US,equity,sp500,,1,n/a,2026-09-02
1144,SWKS,SWKS,Skyworks Solutions,US,equity,sp500,,1,n/a,2026-09-02
1145,SYF,SYF,Synchrony Financial,US,equity,sp500,,1,n/a,2026-09-02
1146,SYK,SYK,Stryker Corporation,US,equity,sp500,,1,n/a,2026-09-02
1147,SYY,SYY,Sysco,US,equity,sp500,,1,n/a,2026-09-02
1148,T,T,AT&T,US,equity,sp500,,1,n/a,2026-09-02
1149,TAP,TAP,Molson Coors Beverage Company,US,equity,sp500,,1,n/a,2026-09-02
1150,TDG,TDG,TransDigm Group,US,equity,sp500,,1,n/a,2026-09-02
1151,TDY,TDY,Teledyne Technologies,US,equity,sp500,,1,n/a,2026-09-02
1152,TECH,TECH,Bio-Techne,US,equity,sp500,,1,n/a,2026-09-02
1153,TEL,TEL,TE Connectivity,US,equity,sp500,,1,n/a,2026-09-02
1154,TER,TER,Teradyne,US,equity,sp500,,1,n/a,2026-09-02
1155,TFC,TFC,Truist Financial,US,equity,sp500,,1,n/a,2026-09-02
1156,TGT,TGT,Target Corporation,US,equity,sp500,,1,n/a,2026-09-02
1157,TJX,TJX,TJX Companies,US,equity,sp500,,1,n/a,2026-09-02
1158,TKO,TKO,TKO Group Holdings,US,equity,sp500,,1,n/a,2026-09-02
1159,TMO,TMO,Thermo Fisher Scientific,US,equity,sp500,,1,n/a,2026-09-02
1160,TMUS,TMUS,T-Mobile US,US,equity,sp500,,1,n/a,2026-09-02
1161,TPL,TPL,Texas Pacific Land Corporation,US,equity,sp500,,1,n/a,2026-09-02
1162,TPR,TPR,"Tapestry, Inc.",US,equity,sp500,,1,n/a,2026-09-02
1163,TRGP,TRGP,Targa Resources,US,equity,sp500,,1,n/a,2026-09-02
1164,TRMB,TRMB,Trimble Inc.,US,equity,sp500,,1,n/a,2026-09-02
1165,TROW,TROW,T. Rowe Price,US,equity,sp500,,1,n/a,2026-09-02
1166,TRV,TRV,Travelers Companies (The),US,equity,sp500,,1,n/a,2026-09-02
1167,TSCO,TSCO,Tractor Supply,US,equity,sp500,,1,n/a,2026-09-02
1168,TSLA,TSLA,"Tesla, Inc.",US,equity,sp500,,1,n/a,2026-09-02
1169,TSN,TSN,Tyson Foods,US,equity,sp500,,1,n/a,2026-09-04
1170,TT,TT,Trane Technologies,US,equity,sp500,,1,n/a,2026-09-02
1171,TTD,TTD,Trade Desk (The),US,equity,sp500,,1,n/a,2026-09-02
1172,TTWO,TTWO,Take-Two Interactive,US,equity,sp500,,1,n/a,2026-09-02
1173,TXN,TXN,Texas Instruments,US,equity,sp500,,1,n/a,2026-09-02
1174,TXT,TXT,Textron,US,equity,sp500,,1,n/a,2026-09-02
1175,TYL,TYL,Tyler Technologies,US,equity,sp500,,1,n/a,2026-09-02
1176,UAL,UAL,United Airlines Holdings,US,equity,sp500,,1,n/a,2026-09-02
1177,UBER,UBER,Uber,US,equity,sp500,,1,n/a,2026-09-02
1178,UDR,UDR,"UDR, Inc.",US,equity,sp500,,1,n/a,2026-09-02
1179,UHS,UHS,Universal Health Services,US,equity,sp500,,1,n/a,2026-09-02
1180,ULTA,ULTA,Ulta Beauty,US,equity,sp500,,1,n/a,2026-09-02
1181,UNH,UNH,UnitedHealth Group,US,equity,sp500,,1,n/a,2026-09-02
1182,UNP,UNP,Union Pacific Corporation,US,equity,sp500,,1,n/a,2026-09-02
1183,UPS,UPS,United Parcel Service,US,equity,sp500,,1,n/a,2026-09-02
1184,URI,URI,United Rentals,US,equity,sp500,,1,n/a,2026-09-02
1185,USB,USB,U.S. Bancorp,US,equity,sp500,,1,n/a,2026-09-02
1186,V,V,Visa Inc.,US,equity,sp500,,1,n/a,2026-09-02
1187,VEEV,VEEV,Veeva Systems,US,equity,sp500,,1,n/a,2026-09-02
1188,VICI,VICI,Vici Properties,US,equity,sp500,,1,n/a,2026-09-02
1189,VLO,VLO,Valero Energy,US,equity,sp500,,1,n/a,2026-09-02
1190,VLTO,VLTO,Veralto,US,equity,sp500,,1,n/a,2026-09-02
1191,VMC,VMC,Vulcan Materials Company,US,equity,sp500,,1,n/a,2026-09-02
1192,VMRK,VMRK,Vivmark Residential,US,equity,sp500,,1,n/a,2026-09-02
1193,VRSK,VRSK,Verisk Analytics,US,equity,sp500,,1,n/a,2026-09-02
1194,VRSN,VRSN,Verisign,US,equity,sp500,,1,n/a,2026-09-02
1195,VRT,VRT,Vertiv,US,equity,sp500,,1,n/a,2026-09-02
1196,VRTX,VRTX,Vertex Pharmaceuticals,US,equity,sp500,,1,n/a,2026-09-02
1197,VST,VST,Vistra Corp,US,equity,sp500,,1,n/a,2026-09-02
1198,VTR,VTR,Ventas,US,equity,sp500,,1,n/a,2026-09-02
1199,VTRS,VTRS,Viatris,US,equity,sp500,,1,n/a,2026-09-02
1200,VZ,VZ,Verizon,US,equity,sp500,,1,n/a,2026-09-02
1201,WAB,WAB,Wabtec,US,equity,sp500,,1,n/a,2026-09-02
1202,WAT,WAT,Waters Corporation,US,equity,sp500,,1,n/a,2026-09-02
1203,WBD,WBD,Warner Bros. Discovery,US,equity,sp500,,1,n/a,2026-09-02
1204,WDAY,WDAY,"Workday, Inc.",US,equity,sp500,,1,n/a,2026-09-02
1205,WDC,WDC,Western Digital,US,equity,sp500,,1,n/a,2026-09-02
1206,WEC,WEC,WEC Energy Group,US,equity,sp500,,1,n/a,2026-09-02
1207,WELL,WELL,Welltower,US,equity,sp500,,1,n/a,2026-09-02
1208,WFC,WFC,Wells Fargo,US,equity,sp500,,1,n/a,2026-09-02
1209,WM,WM,Waste Management,US,equity,sp500,,1,n/a,2026-09-02
1210,WMB,WMB,Williams Companies,US,equity,sp500,,1,n/a,2026-09-02
1211,WMT,WMT,Walmart,US,equity,sp500,,1,n/a,2026-09-02
1212,WRB,WRB,W. R. Berkley Corporation,US,equity,sp500,,1,n/a,2026-09-02
1213,WSM,WSM,"Williams-Sonoma, Inc.",US,equity,sp500,,1,n/a,2026-09-02
1214,WST,WST,West Pharmaceutical Services,US,equity,sp500,,1,n/a,2026-09-02
1215,WTW,WTW,Willis Towers Watson,US,equity,sp500,,1,n/a,2026-09-02
1216,WY,WY,Weyerhaeuser,US,equity,sp500,,1,n/a,2026-09-02
1217,WYNN,WYNN,Wynn Resorts,US,equity,sp500,,1,n/a,2026-09-02
1218,XEL,XEL,Xcel Energy,US,equity,sp500,,1,n/a,2026-09-02
1219,XOM,XOM,ExxonMobil,US,equity,sp500,,1,n/a,2026-09-02
1220,XYL,XYL,Xylem Inc.,US,equity,sp500,,1,n/a,2026-09-02
1221,XYZ,XYZ,"Block, Inc.",US,equity,sp500,,1,n/a,2026-09-02
1222,YUM,YUM,Yum! Brands,US,equity,sp500,,1,n/a,2026-09-02
1223,ZBH,ZBH,Zimmer Biomet,US,equity,sp500,,1,n/a,2026-09-02
1224,ZBRA,ZBRA,Zebra Technologies,US,equity,sp500,,1,n/a,2026-09-02
1225,ZTS,ZTS,Zoetis,US,equity,sp500,,1,n/a,2026-09-02
1226,ARKX,ARKX,ARK Space Exploration & Innovation ETF,US,etf,Active ETFs,ARK,2,n/a,2026-09-03
1227,ECON,ECON,EGShares Emerging Markets Consumer,US,etf,Broad ex-US ETFs,ARK,2,n/a,2026-09-03
1228,AVDE,AVDE,Avantis International Equity ETF,US,etf,,Avantis,2,n/a,2026-09-03
1229,AVUV,AVUV,Avantis US Small Cap Value ETF,US,etf,,Avantis,2,n/a,2026-09-03
1230,HISA-XTSE,HISA.TO,Evolve High Interest Savings Account Fund,CA,etf,,Evolve,2,n/a,2026-09-03
1231,EMLP,EMLP,First Trust North American Energy Infrastructure Fund,US,etf,Active ETFs,First Trust,2,n/a,2026-09-03
1232,FBT,FBT,First Trust NYSE Arca Biotech Index,US,etf,US domestic sectors,First Trust,2,n/a,2026-09-03
1233,FMB,FMB,First Trust Managed Municipal ETF,US,etf,Active ETFs,First Trust,2,n/a,2026-09-03
1234,FMF,FMF,First Trust [[Morningstar,US,etf,Active ETFs,First Trust,2,n/a,2026-09-03
1235,FPE,FPE,First Trust Preferred Securities and Income ETF,US,etf,Active ETFs,First Trust,2,n/a,2026-09-03
1236,FTGS,FTGS,First Trust Global Tactical Commodity Strategy Fund,US,etf,Active ETFs,First Trust,2,n/a,2026-09-03
1237,FTHI,FTHI,First Trust High Income ETF,US,etf,Active ETFs,First Trust,2,n/a,2026-09-03
1238,FTLB,FTLB,First Trust Low Beta Income ETF,US,etf,Active ETFs,First Trust,2,n/a,2026-09-03
1239,FTSL,FTSL,First Trust Senior Loan ETF,US,etf,Active ETFs,First Trust,2,n/a,2026-09-03
1240,FXH,FXH,First Trust Health Care AlphaDEX,US,etf,US domestic sectors,First Trust,2,n/a,2026-09-03
1241,HYLS,HYLS,First Trust Tactical High Yield ETF,US,etf,Active ETFs,First Trust,2,n/a,2026-09-03
1242,AND,AND,Global X FTSE Andean 40 ETF,US,etf,Regional ex-US ETFs,Global X,2,n/a,2026-09-03
1243,ARGT,ARGT,Global X FTSE Argentina 20 ETF,US,etf,Emerging markets,Global X,2,n/a,2026-09-03
1244,GXF,GXF,Global X FTSE Nordic Region ETF,US,etf,Regional ex-US ETFs,Global X,2,n/a,2026-09-03
1245,GXG,GXG,Global X FTSE Colombia 20 ETF,US,etf,Emerging markets,Global X,2,n/a,2026-09-03
1246,NORW,NORW,Global X FTSE Norway 30 ETF,US,etf,Developed ex-US markets,Global X,2,n/a,2026-09-03
1247,HMAX-XTSE,HMAX.TO,Hamilton Canadian Financials YIELD MAXIMIZER,CA,etf,,Hamilton,2,n/a,2026-09-03
1248,HHL-XTSE,HHL.TO,Harvest Healthcare Leaders Income ETF,CA,etf,,Harvest,2,n/a,2026-09-03
1249,HTA-XTSE,HTA.TO,Harvest Tech Achievers Growth & Income ETF,CA,etf,,Harvest,2,n/a,2026-09-03
1250,BKLN,BKLN,PowerShares Senior Loan Port,US,etf,Bond ETFs,Invesco,2,n/a,2026-09-03
1251,CHNA,CHNA,PowerShares China-A Share Portfolio,US,etf,Active ETFs,Invesco,2,n/a,2026-09-03
1252,CVY,CVY,Guggenheim Multi-Asset Income,US,etf,Large-cap ETFs,Invesco,2,n/a,2026-09-03
1253,DBA,DBA,PowerShares DB Agriculture,US,etf,Agricultural ETFs,Invesco,2,n/a,2026-09-03
1254,DBB,DBB,PowerShares DB Base Metals,US,etf,Industrial commodity ETFs,Invesco,2,n/a,2026-09-03
1255,DBC,DBC,PowerShares DB Commodity Idx Trking Fund,US,etf,Broad basket,Invesco,2,n/a,2026-09-03
1256,GSY,GSY,Guggenheim Enhanced Short Duration Bond ETF,US,etf,Active ETFs,Invesco,2,n/a,2026-09-03
1257,PCY,PCY,PowerShares Emerging Mkts Sovereign Debt,US,etf,Bond ETFs,Invesco,2,n/a,2026-09-03
1258,PDP,PDP,PowerShares DWA Mom Port,US,etf,Mid-cap ETFs,Invesco,2,n/a,2026-09-03
1259,PID,PID,PowerShares Intl Dividend Achievers,US,etf,Broad ex-US ETFs,Invesco,2,n/a,2026-09-03
1260,PJP,PJP,PowerShares Dynamic Pharmaceuticals,US,etf,US domestic sectors,Invesco,2,n/a,2026-09-03
1261,PKW,PKW,PowerShares Buyback Achievers,US,etf,Large-cap ETFs,Invesco,2,n/a,2026-09-03
1262,PRF,PRF,PowerShares FTSE RAFI US 1000,US,etf,Large-cap ETFs,Invesco,2,n/a,2026-09-03
1263,RPG,RPG,Guggenheim S&P 500 Pure Growth ETF,US,etf,Large-cap ETFs,Invesco,2,n/a,2026-09-03
1264,RPV,RPV,Guggenheim S&P 500 Pure Value ETF,US,etf,Large-cap ETFs,Invesco,2,n/a,2026-09-03
1265,SPLV,SPLV,PowerShares S&P 500 Low Volatility,US,etf,Large-cap ETFs,Invesco,2,n/a,2026-09-03
1266,KEMQ,KEMQ,KraneShares Emerging Markets Consumer Technology ETF,US,etf,Emerging markets,KraneShares,2,n/a,2026-09-03
1267,KEMX,KEMX,KraneShares MSCI Emerging Markets ex China Index ETF,US,etf,Emerging markets,KraneShares,2,n/a,2026-09-03
1268,KGHG,KGHG,KraneShares Global Carbon Transformation ETF,US,etf,Active ETFs,KraneShares,2,n/a,2026-09-03
1269,KHYB,KHYB,KraneShares Asia Pacific High Income Bond ETF,US,etf,Active ETFs,KraneShares,2,n/a,2026-09-03
1270,KWEB,KWEB,KraneShares CSI China Internet ETF,US,etf,,KraneShares,2,n/a,2026-09-03
1271,OBOR,OBOR,KraneShares MSCI One Belt One Road ETF,US,etf,Emerging markets,KraneShares,2,n/a,2026-09-03
1272,COWZ,COWZ,Pacer US Cash Cows 100 ETF,US,etf,,Pacer,2,n/a,2026-09-03
1273,DDM,DDM,ProShares Ultra Dow 30  tracks 2x the Dow Jones Industrial A,US,etf,Leveraged ETFs,ProShares,2,n/a,2026-09-03
1274,DOG,DOG,ProShares Short Dow 30,US,etf,Short ETFs,ProShares,2,n/a,2026-09-03
1275,EFZ,EFZ,ProShares Short MSCI EAFE,US,etf,Short ETFs,ProShares,2,n/a,2026-09-03
1276,MYY,MYY,ProShares Short S&P MidCap 400,US,etf,Short ETFs,ProShares,2,n/a,2026-09-03
1277,PSQ,PSQ,ProShares Short Nasdaq 100,US,etf,Short ETFs,ProShares,2,n/a,2026-09-03
1278,QLD,QLD,ProShares Ultra NASDAQ-100  tracks 2x the NASDAQ-100 Index,US,etf,Leveraged ETFs,ProShares,2,n/a,2026-09-03
1279,RWM,RWM,ProShares Short Russell 2000,US,etf,Short ETFs,ProShares,2,n/a,2026-09-03
1280,SBB,SBB,ProShares Short S&P SmallCap 600,US,etf,Short ETFs,ProShares,2,n/a,2026-09-03
1281,SH,SH,ProShares Short S&P 500,US,etf,Short ETFs,ProShares,2,n/a,2026-09-03
1282,SPXU,SPXU,ProShares S&P 500 Direxionshares Bear 3x ETF,US,etf,Leveraged short ETFs,ProShares,2,n/a,2026-09-03
1283,UWM,UWM,ProShares Ultra Russell 2000  tracks 2x the Russell 2000 Ind,US,etf,Leveraged ETFs,ProShares,2,n/a,2026-09-03
1284,PSA-XTSE,PSA.TO,Purpose High Interest Savings ETF,CA,etf,,Purpose,2,n/a,2026-09-03
1285,BIL,BIL,SPDR Barclays 1-3 Month T-Bill,US,etf,Bond ETFs,SPDR,2,n/a,2026-09-03
1286,BWX,BWX,SPDR Barclays International Treasury Bd,US,etf,Bond ETFs,SPDR,2,n/a,2026-09-03
1287,DWX,DWX,SPDR S&P International Dividend,US,etf,Broad ex-US ETFs,SPDR,2,n/a,2026-09-03
1288,FEZ,FEZ,SPDR EURO STOXX 50,US,etf,Regional ex-US ETFs,SPDR,2,n/a,2026-09-03
1289,GAL,GAL,SPDR SSgA Global Allocation,US,etf,Active ETFs,SPDR,2,n/a,2026-09-03
1290,INKM,INKM,SPDR SSgA Income Allocation,US,etf,Active ETFs,SPDR,2,n/a,2026-09-03
1291,IPD,IPD,SPDR S&P International Consumer Discretionary,US,etf,Global sectors,SPDR,2,n/a,2026-09-03
1292,IPF,IPF,SPDR S&P International Financial,US,etf,Global sectors,SPDR,2,n/a,2026-09-03
1293,IPK,IPK,SPDR S&P International Technology,US,etf,Global sectors,SPDR,2,n/a,2026-09-03
1294,IPN,IPN,SPDR S&P International Industrial,US,etf,Global sectors,SPDR,2,n/a,2026-09-03
1295,IPS,IPS,SPDR S&P International Consumer Staples,US,etf,Global sectors,SPDR,2,n/a,2026-09-03
1296,IPU,IPU,SPDR S&P International Utilities,US,etf,Global sectors,SPDR,2,n/a,2026-09-03
1297,IPW,IPW,SPDR S&P International Energy,US,etf,Global sectors,SPDR,2,n/a,2026-09-03
1298,IRV,IRV,SPDR S&P International Materials,US,etf,Global sectors,SPDR,2,n/a,2026-09-03
1299,IRY,IRY,SPDR S&P International Health Care,US,etf,Global sectors,SPDR,2,n/a,2026-09-03
1300,IST,IST,SPDR S&P International Telecommunications,US,etf,Global sectors,SPDR,2,n/a,2026-09-03
1301,JNK,JNK,SPDR BarCap ST High Yield Bond ETF,US,etf,Bond ETFs,SPDR,2,n/a,2026-09-03
1302,KBE,KBE,SPDR S&P Bank ETF,US,etf,US domestic sectors,SPDR,2,n/a,2026-09-03
1303,KRE,KRE,SPDR S&P Regional Banking ETF,US,etf,US domestic sectors,SPDR,2,n/a,2026-09-03
1304,RLY,RLY,SPDR SSgA Multi-Asset Real Return,US,etf,Active ETFs,SPDR,2,n/a,2026-09-03
1305,RWO,RWO,SPDR Dow Jones Global Real Estate,US,etf,Real estate ETFs,SPDR,2,n/a,2026-09-03
1306,RWR,RWR,SPDR Dow Jones REIT ETF,US,etf,Real estate ETFs,SPDR,2,n/a,2026-09-03
1307,RWX,RWX,SPDR Dow Jones Intl Real Estate,US,etf,Real estate ETFs,SPDR,2,n/a,2026-09-03
1308,SCPB,SCPB,SPDR Barclays Capital Short Term Corp Bd,US,etf,Bond ETFs,SPDR,2,n/a,2026-09-03
1309,SDY,SDY,SPDR S&P Dividend ETF,US,etf,Large-cap ETFs,SPDR,2,n/a,2026-09-03
1310,SHM,SHM,SPDR Nuveen Barclays Capital S/T Muni Bd,US,etf,Bond ETFs,SPDR,2,n/a,2026-09-03
1311,SJNK,SJNK,SPDR Barclays Short Term Hi Yld Bd ETF,US,etf,Bond ETFs,SPDR,2,n/a,2026-09-03
1312,SPEM,SPEM,SPDR Portfolio Emerging Markets ETF,US,etf,Emerging markets,SPDR,2,n/a,2026-09-03
1313,SRLN,SRLN,SPDR Blackstone/GSO Senior Loan ETF,US,etf,Active ETFs,SPDR,2,n/a,2026-09-03
1314,TFI,TFI,SPDR Nuveen Barclays Capital Muni Bond,US,etf,Bond ETFs,SPDR,2,n/a,2026-09-03
1315,ULST,ULST,SPDR SSgA Ultra Short Term Bond ETF,US,etf,Active ETFs,SPDR,2,n/a,2026-09-03
1316,XBI,XBI,SPDR S&P Biotech ETF,US,etf,US domestic sectors,SPDR,2,n/a,2026-09-03
1317,XHB,XHB,SPDR S&P Homebuilders ETF,US,etf,US domestic sectors,SPDR,2,n/a,2026-09-03
1318,XOP,XOP,SPDR S&P Oil & Gas Explor & Prod ETF,US,etf,US domestic sectors,SPDR,2,n/a,2026-09-03
1319,FNDA,FNDA,Schwab Fundamental U.S. Small Company Index ETF,US,etf,Small-cap ETFs,Schwab,2,n/a,2026-09-03
1320,FNDB,FNDB,Schwab Fundamental U.S. Broad Market Index ETF,US,etf,Broad market ETFs,Schwab,2,n/a,2026-09-03
1321,FNDC,FNDC,Schwab Fundamental International Small Company Index ETF,US,etf,Broad ex-US ETFs,Schwab,2,n/a,2026-09-03
1322,FNDE,FNDE,Schwab Fundamental Emerging Markets Large Company Index ETF,US,etf,Broad ex-US ETFs,Schwab,2,n/a,2026-09-03
1323,FNDF,FNDF,Schwab Fundamental International Large Company Index ETF,US,etf,Broad ex-US ETFs,Schwab,2,n/a,2026-09-03
1324,FNDX,FNDX,Schwab Fundamental U.S. Large Company Index ETF,US,etf,Large-cap ETFs,Schwab,2,n/a,2026-09-03
1325,SCHC,SCHC,Schwab International Small-Cap Equity,US,etf,Broad ex-US ETFs,Schwab,2,n/a,2026-09-03
1326,SCHE,SCHE,Schwab Emerging Markets Equity ETF,US,etf,Broad ex-US ETFs,Schwab,2,n/a,2026-09-03
1327,SCHM,SCHM,Schwab US Mid-Cap,US,etf,Mid-cap ETFs,Schwab,2,n/a,2026-09-03
1328,SCHO,SCHO,Schwab Short-Term US Treasury,US,etf,Bond ETFs,Schwab,2,n/a,2026-09-03
1329,SCHP,SCHP,Schwab US TIPS,US,etf,Bond ETFs,Schwab,2,n/a,2026-09-03
1330,SCHR,SCHR,Schwab Intermediate-Term US Treasury,US,etf,Bond ETFs,Schwab,2,n/a,2026-09-03
1331,SCHV,SCHV,* Schwab US Large-Cap Value ETF,US,etf,Large-cap ETFs,Schwab,2,n/a,2026-09-03
1332,SCHZ,SCHZ,Schwab US Aggregate Bond,US,etf,Bond ETFs,Schwab,2,n/a,2026-09-03
1333,ESPO,ESPO,VanEck Vectors Video Gaming and eSports ETF,US,etf,US domestic sectors,VanEck,2,n/a,2026-09-03
1334,GDX,GDX,Market Vectors Gold Miners ETF,US,etf,US domestic sectors,VanEck,2,n/a,2026-09-03
1335,GDXJ,GDXJ,Market Vectors Junior Gold Miners ETF,US,etf,US domestic sectors,VanEck,2,n/a,2026-09-03
1336,HYD,HYD,Market Vectors High-Yield Muni ETF,US,etf,Bond ETFs,VanEck,2,n/a,2026-09-03
1337,MOAT,MOAT,VanEck Morningstar Wide Moat ETF,US,etf,,VanEck,2,n/a,2026-09-03
1338,OIH,OIH,Market Vectors Oil Services ETF,US,etf,US domestic sectors,VanEck,2,n/a,2026-09-03
1339,RSX,RSX,Market Vectors Russia ETF,US,etf,Emerging markets,VanEck,2,n/a,2026-09-03
1340,SMH,SMH,VanEck Semiconductor ETF,US,etf,,VanEck,2,n/a,2026-09-03
1341,BIV,BIV,Vanguard Intermediate-Term Bond,US,etf,Bond ETFs,Vanguard US,2,n/a,2026-09-03
1342,BLV,BLV,Vanguard Long-Term Bond,US,etf,Bond ETFs,Vanguard US,2,n/a,2026-09-03
1343,BSV,BSV,Vanguard Short-Term Bond,US,etf,Bond ETFs,Vanguard US,2,n/a,2026-09-03
1344,EDV,EDV,Vanguard Extended Duration Treasury,US,etf,Bond ETFs,Vanguard US,2,n/a,2026-09-03
1345,IVOG,IVOG,* Vanguard S&P Mid-Cap 400 Growth,US,etf,Mid-cap ETFs,Vanguard US,2,n/a,2026-09-03
1346,IVOO,IVOO,Vanguard S&P Mid-Cap 400,US,etf,Mid-cap ETFs,Vanguard US,2,n/a,2026-09-03
1347,IVOV,IVOV,* Vanguard S&P Mid-Cap 400 Value,US,etf,Mid-cap ETFs,Vanguard US,2,n/a,2026-09-03
1348,MGC,MGC,Vanguard Mega-Cap 300,US,etf,Large-cap ETFs,Vanguard US,2,n/a,2026-09-03
1349,MGK,MGK,* Vanguard Mega-Cap 300 Growth,US,etf,Large-cap ETFs,Vanguard US,2,n/a,2026-09-03
1350,MGV,MGV,* Vanguard Mega-Cap 300 Value,US,etf,Large-cap ETFs,Vanguard US,2,n/a,2026-09-03
1351,VAW,VAW,Vanguard Materials,US,etf,US domestic sectors,Vanguard US,2,n/a,2026-09-03
1352,VBK,VBK,* Vanguard Small-Cap Growth,US,etf,Small-cap ETFs,Vanguard US,2,n/a,2026-09-03
1353,VCIT,VCIT,Vanguard Intermediate-Term Corporate Bond,US,etf,Bond ETFs,Vanguard US,2,n/a,2026-09-03
1354,VCLT,VCLT,Vanguard Long-Term Corporate Bond,US,etf,Bond ETFs,Vanguard US,2,n/a,2026-09-03
1355,VCR,VCR,Vanguard Consumer Discretionary,US,etf,US domestic sectors,Vanguard US,2,n/a,2026-09-03
1356,VCSH,VCSH,Vanguard Short-Term Corporate Bond,US,etf,Bond ETFs,Vanguard US,2,n/a,2026-09-03
1357,VDC,VDC,Vanguard Consumer Staples,US,etf,US domestic sectors,Vanguard US,2,n/a,2026-09-03
1358,VDE,VDE,Vanguard Energy,US,etf,US domestic sectors,Vanguard US,2,n/a,2026-09-03
1359,VEU,VEU,Vanguard FTSE All-World ex-US,US,etf,Broad ex-US ETFs,Vanguard US,2,n/a,2026-09-03
1360,VFH,VFH,Vanguard Financials,US,etf,US domestic sectors,Vanguard US,2,n/a,2026-09-03
1361,VGIT,VGIT,Vanguard Intermediate-Term Government Bond,US,etf,Bond ETFs,Vanguard US,2,n/a,2026-09-03
1362,VGK,VGK,Vanguard MSCI Europe,US,etf,Regional ex-US ETFs,Vanguard US,2,n/a,2026-09-03
1363,VGLT,VGLT,Vanguard Long-Term Government Bond,US,etf,Bond ETFs,Vanguard US,2,n/a,2026-09-03
1364,VGSH,VGSH,Vanguard Short-Term Government Bond,US,etf,Bond ETFs,Vanguard US,2,n/a,2026-09-03
1365,VIOG,VIOG,* Vanguard S&P Small-Cap 600 Growth,US,etf,Small-cap ETFs,Vanguard US,2,n/a,2026-09-03
1366,VIOO,VIOO,Vanguard S&P Small-Cap 600,US,etf,Small-cap ETFs,Vanguard US,2,n/a,2026-09-03
1367,VIOV,VIOV,* Vanguard S&P Small-Cap 600 Value,US,etf,Small-cap ETFs,Vanguard US,2,n/a,2026-09-03
1368,VIS,VIS,Vanguard Industrials,US,etf,US domestic sectors,Vanguard US,2,n/a,2026-09-03
1369,VMBS,VMBS,Vanguard Mortgage-Backed Securities,US,etf,Bond ETFs,Vanguard US,2,n/a,2026-09-03
1370,VNQI,VNQI,Vanguard Global ex-US Real Estate,US,etf,Real estate ETFs,Vanguard US,2,n/a,2026-09-03
1371,VONE,VONE,Vanguard Russell 1000,US,etf,Large-cap ETFs,Vanguard US,2,n/a,2026-09-03
1372,VONG,VONG,* Vanguard Russell 1000 Growth,US,etf,Large-cap ETFs,Vanguard US,2,n/a,2026-09-03
1373,VONV,VONV,* Vanguard Russell 1000 Value,US,etf,Large-cap ETFs,Vanguard US,2,n/a,2026-09-03
1374,VOOG,VOOG,* Vanguard S&P 500 Growth,US,etf,Large-cap ETFs,Vanguard US,2,n/a,2026-09-03
1375,VOOV,VOOV,* Vanguard S&P 500 Value,US,etf,Large-cap ETFs,Vanguard US,2,n/a,2026-09-03
1376,VOT,VOT,* Vanguard Mid-Cap Growth,US,etf,Mid-cap ETFs,Vanguard US,2,n/a,2026-09-03
1377,VOX,VOX,Vanguard Telecommunication Services,US,etf,US domestic sectors,Vanguard US,2,n/a,2026-09-03
1378,VPL,VPL,Vanguard MSCI Pacific,US,etf,Regional ex-US ETFs,Vanguard US,2,n/a,2026-09-03
1379,VPU,VPU,Vanguard Utilities,US,etf,US domestic sectors,Vanguard US,2,n/a,2026-09-03
1380,VSS,VSS,Vanguard FTSE All-World ex-US Small-Cap,US,etf,Broad ex-US ETFs,Vanguard US,2,n/a,2026-09-03
1381,VTHR,VTHR,Vanguard Russell 3000,US,etf,Broad market ETFs,Vanguard US,2,n/a,2026-09-03
1382,VTWG,VTWG,* Vanguard Russell 2000 Growth,US,etf,Small-cap ETFs,Vanguard US,2,n/a,2026-09-03
1383,VTWO,VTWO,Vanguard Russell 2000,US,etf,Small-cap ETFs,Vanguard US,2,n/a,2026-09-03
1384,VTWV,VTWV,* Vanguard Russell 2000 Value,US,etf,Small-cap ETFs,Vanguard US,2,n/a,2026-09-03
1385,VV,VV,Vanguard Large-Cap,US,etf,Large-cap ETFs,Vanguard US,2,n/a,2026-09-03
1386,VXF,VXF,Vanguard Extended Market,US,etf,Mid-cap ETFs,Vanguard US,2,n/a,2026-09-03
1387,CEW,CEW,WisdomTree Dreyfus Emerging Currency,US,etf,Active ETFs,WisdomTree,2,n/a,2026-09-03
1388,CYB,CYB,WisdomTree Dreyfus Chinese Yuan,US,etf,Active ETFs,WisdomTree,2,n/a,2026-09-03
1389,DEM,DEM,WisdomTree Emerging Markets Equity Inc,US,etf,Broad ex-US ETFs,WisdomTree,2,n/a,2026-09-03
1390,DFE,DFE,WisdomTree Europe SmallCap Dividend,US,etf,Regional ex-US ETFs,WisdomTree,2,n/a,2026-09-03
1391,DGS,DGS,WisdomTree Emerging Mkts SmallCap Div,US,etf,Broad ex-US ETFs,WisdomTree,2,n/a,2026-09-03
1392,DLN,DLN,WisdomTree LargeCap Dividend,US,etf,Large-cap ETFs,WisdomTree,2,n/a,2026-09-03
1393,DON,DON,WisdomTree MidCap Dividend ETF,US,etf,Mid-cap ETFs,WisdomTree,2,n/a,2026-09-03
1394,DTN,DTN,WisdomTree Dividend ex-Financials,US,etf,Large-cap ETFs,WisdomTree,2,n/a,2026-09-03
1395,DXJ,DXJ,WisdomTree Japan Hedged Equity,US,etf,Developed ex-US markets,WisdomTree,2,n/a,2026-09-03
1396,ELD,ELD,WisdomTree Emerging Markets Local Debts Fund,US,etf,Active ETFs,WisdomTree,2,n/a,2026-09-03
1397,EMCB,EMCB,WisdomTree Emerging Markets Corporate Bond Fund,US,etf,Active ETFs,WisdomTree,2,n/a,2026-09-03
1398,EPI,EPI,WisdomTree India Earnings ETF,US,etf,Emerging markets,WisdomTree,2,n/a,2026-09-03
1399,HEDJ,HEDJ,WisdomTree Europe Hedged Equity ETF,US,etf,Regional ex-US ETFs,WisdomTree,2,n/a,2026-09-03
1400,USDU,USDU,WisdomTree Bloomberg U.S. Dollar Bullish Fund,US,etf,Active ETFs,WisdomTree,2,n/a,2026-09-03
1401,ACWI,ACWI,iShares MSCI ACWI Index,US,etf,Broad market ETFs,iShares US,2,n/a,2026-09-03
1402,BKF,BKF,iShares MSCI BRIC Index,US,etf,Broad ex-US ETFs,iShares US,2,n/a,2026-09-03
1403,CIU,CIU,iShares Intermediate Credit Bd,US,etf,Bond ETFs,iShares US,2,n/a,2026-09-03
1404,CSJ,CSJ,iShares 1-3 Year Credit Bond,US,etf,Bond ETFs,iShares US,2,n/a,2026-09-03
1405,DVY,DVY,iShares Select Dividend,US,etf,Mid-cap ETFs,iShares US,2,n/a,2026-09-03
1406,EEM,EEM,iShares MSCI Emerging Markets Index,US,etf,Broad ex-US ETFs,iShares US,2,n/a,2026-09-03
1407,EFG,EFG,* iShares MSCI EAFE Growth Index,US,etf,Broad ex-US ETFs,iShares US,2,n/a,2026-09-03
1408,EFV,EFV,* iShares MSCI EAFE Value Index,US,etf,Broad ex-US ETFs,iShares US,2,n/a,2026-09-03
1409,EIS,EIS,iShares MSCI Israel ETF,US,etf,Developed ex-US markets,iShares US,2,n/a,2026-09-03
1410,EMB,EMB,iShares JPMorgan USD Emerg Markets Bond,US,etf,Bond ETFs,iShares US,2,n/a,2026-09-03
1411,EPHE,EPHE,iShares MSCI Philippines Index,US,etf,Emerging markets,iShares US,2,n/a,2026-09-03
1412,EPP,EPP,iShares MSCI Pacific ex-Japan,US,etf,Regional ex-US ETFs,iShares US,2,n/a,2026-09-03
1413,EWA,EWA,iShares MSCI Australia Index,US,etf,Developed ex-US markets,iShares US,2,n/a,2026-09-03
1414,EWC,EWC,iShares MSCI Canada Index,US,etf,Developed ex-US markets,iShares US,2,n/a,2026-09-03
1415,EWD,EWD,iShares MSCI Sweden Index,US,etf,Developed ex-US markets,iShares US,2,n/a,2026-09-03
1416,EWG,EWG,iShares MSCI German Index,US,etf,Developed ex-US markets,iShares US,2,n/a,2026-09-03
1417,EWH,EWH,iShares MSCI Hong Kong Index,US,etf,Emerging markets,iShares US,2,n/a,2026-09-03
1418,EWI,EWI,iShares MSCI Italy Capped,US,etf,Developed ex-US markets,iShares US,2,n/a,2026-09-03
1419,EWJ,EWJ,iShares MSCI Japan Index,US,etf,Developed ex-US markets,iShares US,2,n/a,2026-09-03
1420,EWL,EWL,iShares MSCI Switzerland Capped,US,etf,Developed ex-US markets,iShares US,2,n/a,2026-09-03
1421,EWM,EWM,iShares MSCI Malaysia Index,US,etf,Emerging markets,iShares US,2,n/a,2026-09-03
1422,EWP,EWP,iShares MSCI Spain Capped,US,etf,Developed ex-US markets,iShares US,2,n/a,2026-09-03
1423,EWS,EWS,iShares MSCI Singapore Index,US,etf,Emerging markets,iShares US,2,n/a,2026-09-03
1424,EWT,EWT,iShares MSCI Taiwan Index,US,etf,Emerging markets,iShares US,2,n/a,2026-09-03
1425,EWU,EWU,iShares MSCI United Kingdom Index,US,etf,Developed ex-US markets,iShares US,2,n/a,2026-09-03
1426,EWW,EWW,iShares MSCI Mexico Index,US,etf,Emerging markets,iShares US,2,n/a,2026-09-03
1427,EWY,EWY,iShares MSCI Korea Index,US,etf,Developed ex-US markets,iShares US,2,n/a,2026-09-03
1428,EWZ,EWZ,iShares MSCI Brazil Index,US,etf,Emerging markets,iShares US,2,n/a,2026-09-03
1429,EXI,EXI,iShares S&P Global Industrials,US,etf,Global sectors,iShares US,2,n/a,2026-09-03
1430,EZU,EZU,iShares MSCI EMU Index,US,etf,Regional ex-US ETFs,iShares US,2,n/a,2026-09-03
1431,FLOT,FLOT,iShares Floating Rate Bond,US,etf,Bond ETFs,iShares US,2,n/a,2026-09-03
1432,FXI,FXI,iShares FTSE/Xinhua China 25 Index,US,etf,Emerging markets,iShares US,2,n/a,2026-09-03
1433,GSG,GSG,iShares S&P GSCI Commodity-Indexed Trust,US,etf,Broad basket,iShares US,2,n/a,2026-09-03
1434,GVI,GVI,iShares Intm Government/Credit Bond,US,etf,Bond ETFs,iShares US,2,n/a,2026-09-03
1435,ICF,ICF,iShares Cohen & Steers Realty Majors,US,etf,Real estate ETFs,iShares US,2,n/a,2026-09-03
1436,ICSH,ICSH,iShares Liquidity Income ETF,US,etf,Active ETFs,iShares US,2,n/a,2026-09-03
1437,IDU,IDU,iShares Dow Jones US Utilities,US,etf,US domestic sectors,iShares US,2,n/a,2026-09-03
1438,IDV,IDV,iShares International Select Div,US,etf,Broad ex-US ETFs,iShares US,2,n/a,2026-09-03
1439,IEF,IEF,iShares Barclays 7-10 Year Treasury,US,etf,Bond ETFs,iShares US,2,n/a,2026-09-03
1440,IEI,IEI,iShares 3-7 Year Treasury Bond,US,etf,Bond ETFs,iShares US,2,n/a,2026-09-03
1441,IEIL,IEIL,iShares Enhanced International Large-Cap ETF,US,etf,Active ETFs,iShares US,2,n/a,2026-09-03
1442,IEIS,IEIS,iShares Enhanced International Small-Cap ETF,US,etf,Active ETFs,iShares US,2,n/a,2026-09-03
1443,IEV,IEV,iShares S&P Europe 350 Index,US,etf,Regional ex-US ETFs,iShares US,2,n/a,2026-09-03
1444,IFAS,IFAS,iShares Dow Jones Asia Real Estate,US,etf,Real estate ETFs,iShares US,2,n/a,2026-09-03
1445,IFEU,IFEU,iShares Dow Jones Europe Real Estate,US,etf,Real estate ETFs,iShares US,2,n/a,2026-09-03
1446,IGE,IGE,iShares North American Natural Resources,US,etf,US domestic sectors,iShares US,2,n/a,2026-09-03
1447,IGV,IGV,iShares North American Tech-Software,US,etf,US domestic sectors,iShares US,2,n/a,2026-09-03
1448,IJJ,IJJ,* iShares S&P MidCap 400 Value Index,US,etf,Mid-cap ETFs,iShares US,2,n/a,2026-09-03
1449,IJK,IJK,* iShares S&P MidCap 400 Growth Index,US,etf,Mid-cap ETFs,iShares US,2,n/a,2026-09-03
1450,IJT,IJT,* iShares S&P SmallCap 600 Growth Index,US,etf,Small-cap ETFs,iShares US,2,n/a,2026-09-03
1451,ILF,ILF,iShares S&P Latin America 40 Index,US,etf,Regional ex-US ETFs,iShares US,2,n/a,2026-09-03
1452,IOO,IOO,iShares S&P Global 100 Index,US,etf,Index-tracking ETFs,iShares US,2,n/a,2026-09-03
1453,ITB,ITB,iShares US Home Construction,US,etf,US domestic sectors,iShares US,2,n/a,2026-09-03
1454,IVE,IVE,* iShares S&P 500 Value Index,US,etf,Large-cap ETFs,iShares US,2,n/a,2026-09-03
1455,IWC,IWC,iShares Micro-Cap,US,etf,Small-cap ETFs,iShares US,2,n/a,2026-09-03
1456,IWN,IWN,* iShares Russell 2000 Value Index,US,etf,Small-cap ETFs,iShares US,2,n/a,2026-09-03
1457,IWO,IWO,* iShares Russell 2000 Growth Index,US,etf,Small-cap ETFs,iShares US,2,n/a,2026-09-03
1458,IWP,IWP,* iShares Russell Midcap Growth Index,US,etf,Mid-cap ETFs,iShares US,2,n/a,2026-09-03
1459,IWR,IWR,iShares Russell Midcap Index,US,etf,Mid-cap ETFs,iShares US,2,n/a,2026-09-03
1460,IWS,IWS,* iShares Russell Midcap Value Index,US,etf,Mid-cap ETFs,iShares US,2,n/a,2026-09-03
1461,IWV,IWV,iShares Russell 3000 Index,US,etf,Broad market ETFs,iShares US,2,n/a,2026-09-03
1462,IXC,IXC,iShares S&P Global Energy,US,etf,Global sectors,iShares US,2,n/a,2026-09-03
1463,IXG,IXG,iShares S&P Global Financial,US,etf,Global sectors,iShares US,2,n/a,2026-09-03
1464,IXJ,IXJ,iShares S&P Global Healthcare,US,etf,Global sectors,iShares US,2,n/a,2026-09-03
1465,IXN,IXN,iShares S&P Global Technology,US,etf,Global sectors,iShares US,2,n/a,2026-09-03
1466,IXP,IXP,iShares S&P Global Telecommunications,US,etf,Global sectors,iShares US,2,n/a,2026-09-03
1467,IYC,IYC,iShares Dow Jones US Consumer Services,US,etf,US domestic sectors,iShares US,2,n/a,2026-09-03
1468,IYE,IYE,iShares Dow Jones US Energy,US,etf,US domestic sectors,iShares US,2,n/a,2026-09-03
1469,IYF,IYF,iShares Dow Jones US Financial,US,etf,US domestic sectors,iShares US,2,n/a,2026-09-03
1470,IYH,IYH,iShares Dow Jones US Health Care,US,etf,US domestic sectors,iShares US,2,n/a,2026-09-03
1471,IYJ,IYJ,iShares Dow Jones US Industrial,US,etf,US domestic sectors,iShares US,2,n/a,2026-09-03
1472,IYK,IYK,iShares Dow Jones US Consumer Goods,US,etf,US domestic sectors,iShares US,2,n/a,2026-09-03
1473,IYM,IYM,iShares Dow Jones US Materials,US,etf,US domestic sectors,iShares US,2,n/a,2026-09-03
1474,IYR,IYR,iShares Dow Jones US Real Estate,US,etf,Real estate ETFs,iShares US,2,n/a,2026-09-03
1475,IYW,IYW,iShares Dow Jones US Technology,US,etf,US domestic sectors,iShares US,2,n/a,2026-09-03
1476,IYZ,IYZ,iShares Dow Jones US Telecommunications,US,etf,US domestic sectors,iShares US,2,n/a,2026-09-03
1477,JXI,JXI,iShares S&P Global Utilities,US,etf,Global sectors,iShares US,2,n/a,2026-09-03
1478,KXI,KXI,iShares S&P Global Consumer Staples,US,etf,Global sectors,iShares US,2,n/a,2026-09-03
1479,MBB,MBB,iShares MBS,US,etf,Bond ETFs,iShares US,2,n/a,2026-09-03
1480,MUB,MUB,iShares National AMT-Free Muni Bond,US,etf,Bond ETFs,iShares US,2,n/a,2026-09-03
1481,MXI,MXI,iShares S7P Global Materials,US,etf,Global sectors,iShares US,2,n/a,2026-09-03
1482,NEAR,NEAR,iShares Short Maturity Bond ETF,US,etf,Active ETFs,iShares US,2,n/a,2026-09-03
1483,OEF,OEF,iShares S&P 100 Index,US,etf,Index-tracking ETFs,iShares US,2,n/a,2026-09-03
1484,REM,REM,iShares Mortgage Real Estate Capped,US,etf,Real estate ETFs,iShares US,2,n/a,2026-09-03
1485,RXI,RXI,iShares S&P Global Consumer Discretionary,US,etf,Global sectors,iShares US,2,n/a,2026-09-03
1486,SCZ,SCZ,iShares MSCI EAFE Small-Cap,US,etf,Broad ex-US ETFs,iShares US,2,n/a,2026-09-03
1487,SHV,SHV,iShares Short Treasury Bond,US,etf,Bond ETFs,iShares US,2,n/a,2026-09-03
1488,SHY,SHY,iShares Barclays 1-3 Year Treasury Bond,US,etf,Bond ETFs,iShares US,2,n/a,2026-09-03
1489,SLV,SLV,iShares Silver Trust,US,etf,Precious metals ETFs,iShares US,2,n/a,2026-09-03
1490,TIP,TIP,iShares Barclays TIPS Bond,US,etf,Bond ETFs,iShares US,2,n/a,2026-09-03
1491,4DX-XASX,4DX.AX,4DMedical,AU,equity,asx200,,2,n/a,2026-09-02
1492,A2M-XASX,A2M.AX,a2 Milk Company,AU,equity,asx200,,2,n/a,2026-09-02
1493,AAI-XASX,AAI.AX,Alcoa,AU,equity,asx200,,2,n/a,2026-09-02
1494,AFI-XASX,AFI.AX,Australian Foundation Investment Company,AU,equity,asx200,,2,n/a,2026-09-02
1495,AGL-XASX,AGL.AX,AGL Energy,AU,equity,asx200,,2,n/a,2026-09-02
1496,AIA-XASX,AIA.AX,Auckland International Airport Limited,AU,equity,asx200,,2,n/a,2026-09-02
1497,ALD-XASX,ALD.AX,Ampol,AU,equity,asx200,,2,n/a,2026-09-02
1498,ALK-XASX,ALK.AX,Alkane Resources,AU,equity,asx200,,2,UNSAFE,2026-09-02
1499,ALL-XASX,ALL.AX,Aristocrat Leisure,AU,equity,asx200,,2,UNSAFE,2026-09-02
1500,ALQ-XASX,ALQ.AX,ALS,AU,equity,asx200,,2,n/a,2026-09-02
1501,ALX-XASX,ALX.AX,Atlas Arteria,AU,equity,asx200,,2,n/a,2026-09-02
1502,AMC-XASX,AMC.AX,Amcor,AU,equity,asx200,,2,n/a,2026-09-02
1503,AMP-XASX,AMP.AX,AMP,AU,equity,asx200,,2,UNSAFE,2026-09-02
1504,ANN-XASX,ANN.AX,Ansell,AU,equity,asx200,,2,n/a,2026-09-02
1505,ANZ-XASX,ANZ.AX,Australia & New Zealand Banking Group,AU,equity,asx200,,2,n/a,2026-09-02
1506,APA-XASX,APA.AX,APA Group,AU,equity,asx200,,2,UNSAFE,2026-09-02
1507,APE-XASX,APE.AX,Eagers Automotive,AU,equity,asx200,,2,n/a,2026-09-02
1508,ARB-XASX,ARB.AX,ARB Corporation,AU,equity,asx200,,2,n/a,2026-09-02
1509,ARG-XASX,ARG.AX,Argo Investments,AU,equity,asx200,,2,n/a,2026-09-02
1510,ASB-XASX,ASB.AX,Austal,AU,equity,asx200,,2,UNSAFE,2026-09-02
1511,ASK-XASX,ASK.AX,Abacus Storage King,AU,equity,asx200,,2,n/a,2026-09-02
1512,ASX-XASX,ASX.AX,ASX,AU,equity,asx200,,2,n/a,2026-09-02
1513,AUB-XASX,AUB.AX,AUB Group,AU,equity,asx200,,2,UNSAFE,2026-09-02
1514,AZJ-XASX,AZJ.AX,Aurizon,AU,equity,asx200,,2,n/a,2026-09-02
1515,BEN-XASX,BEN.AX,Bendigo & Adelaide Bank,AU,equity,asx200,,2,UNSAFE,2026-09-02
1516,BFL-XASX,BFL.AX,BSP Financial Group,AU,equity,asx200,,2,n/a,2026-09-02
1517,BGA-XASX,BGA.AX,Bega Cheese,AU,equity,asx200,,2,n/a,2026-09-02
1518,BGL-XASX,BGL.AX,Bellevue Gold,AU,equity,asx200,,2,n/a,2026-09-04
1519,BHP-XASX,BHP.AX,BHP,AU,equity,asx200,,2,UNSAFE,2026-09-02
1520,BOQ-XASX,BOQ.AX,Bank of Queensland,AU,equity,asx200,,2,n/a,2026-09-02
1521,BPT-XASX,BPT.AX,Beach Energy,AU,equity,asx200,,2,n/a,2026-09-02
1522,BRG-XASX,BRG.AX,Breville Group,AU,equity,asx200,,2,n/a,2026-09-02
1523,BSL-XASX,BSL.AX,BlueScope,AU,equity,asx200,,2,n/a,2026-09-02
1524,BWP-XASX,BWP.AX,BWP Trust,AU,equity,asx200,,2,n/a,2026-09-02
1525,BXB-XASX,BXB.AX,Brambles,AU,equity,asx200,,2,n/a,2026-09-02
1526,CAR-XASX,CAR.AX,CAR Group,AU,equity,asx200,,2,UNSAFE,2026-09-02
1527,CBA-XASX,CBA.AX,Commonwealth Bank,AU,equity,asx200,,2,n/a,2026-09-02
1528,CDA-XASX,CDA.AX,Codan,AU,equity,asx200,,2,n/a,2026-09-02
1529,CEN-XASX,CEN.AX,Contact Energy,AU,equity,asx200,,2,n/a,2026-09-02
1530,CGF-XASX,CGF.AX,Challenger,AU,equity,asx200,,2,n/a,2026-09-02
1531,CHC-XASX,CHC.AX,Charter Hall,AU,equity,asx200,,2,n/a,2026-09-02
1532,CIA-XASX,CIA.AX,Champion Iron,AU,equity,asx200,,2,n/a,2026-09-02
1533,CIP-XASX,CIP.AX,Centuria Industrial REIT,AU,equity,asx200,,2,n/a,2026-09-02
1534,CLW-XASX,CLW.AX,Charter Hall Long WALE REIT,AU,equity,asx200,,2,n/a,2026-09-02
1535,CMM-XASX,CMM.AX,Capricorn Metals,AU,equity,asx200,,2,n/a,2026-09-02
1536,CNU-XASX,CNU.AX,Chorus,AU,equity,asx200,,2,n/a,2026-09-02
1537,COH-XASX,COH.AX,Cochlear,AU,equity,asx200,,2,n/a,2026-09-02
1538,COL-XASX,COL.AX,Coles Group,AU,equity,asx200,,2,n/a,2026-09-02
1539,CPU-XASX,CPU.AX,Computershare,AU,equity,asx200,,2,n/a,2026-09-02
1540,CQR-XASX,CQR.AX,Charter Hall Retail REIT,AU,equity,asx200,,2,n/a,2026-09-02
1541,CSC-XASX,CSC.AX,Capstone Copper,AU,equity,asx200,,2,n/a,2026-09-02
1542,CSL-XASX,CSL.AX,CSL,AU,equity,asx200,,2,UNSAFE,2026-09-02
1543,CTD-XASX,CTD.AX,Corporate Travel Management,AU,equity,asx200,,2,n/a,2026-09-02
1544,CWY-XASX,CWY.AX,Cleanaway,AU,equity,asx200,,2,n/a,2026-09-02
1545,CYL-XASX,CYL.AX,Catalyst Metals,AU,equity,asx200,,2,n/a,2026-09-02
1546,DBI-XASX,DBI.AX,Dalrymple Bay Infrastructure,AU,equity,asx200,,2,n/a,2026-09-02
1547,DNL-XASX,DNL.AX,Dyno Nobel,AU,equity,asx200,,2,n/a,2026-09-04
1548,DOW-XASX,DOW.AX,Downer Group,AU,equity,asx200,,2,UNSAFE,2026-09-02
1549,DRO-XASX,DRO.AX,Droneshield,AU,equity,asx200,,2,n/a,2026-09-02
1550,DRR-XASX,DRR.AX,Deterra Royalties,AU,equity,asx200,,2,n/a,2026-09-02
1551,DXS-XASX,DXS.AX,Dexus,AU,equity,asx200,,2,n/a,2026-09-02
1552,DYL-XASX,DYL.AX,Deep Yellow,AU,equity,asx200,,2,n/a,2026-09-02
1553,EBO-XASX,EBO.AX,EBOS Group,AU,equity,asx200,,2,n/a,2026-09-02
1554,EDV-XASX,EDV.AX,Endeavour Group,AU,equity,asx200,,2,n/a,2026-09-02
1555,EMR-XASX,EMR.AX,Emerald Resources,AU,equity,asx200,,2,UNSAFE,2026-09-02
1556,EOS-XASX,EOS.AX,Electro Optic Systems Holdings,AU,equity,asx200,,2,n/a,2026-09-02
1557,EVN-XASX,EVN.AX,Evolution Mining,AU,equity,asx200,,2,n/a,2026-09-02
1558,EVT-XASX,EVT.AX,EVT,AU,equity,asx200,,2,n/a,2026-09-02
1559,FBU-XASX,FBU.AX,Fletcher Building,AU,equity,asx200,,2,n/a,2026-09-02
1560,FLT-XASX,FLT.AX,Flight Centre Travel Group,AU,equity,asx200,,2,n/a,2026-09-02
1561,FMG-XASX,FMG.AX,Fortescue,AU,equity,asx200,,2,n/a,2026-09-02
1562,FRW-XASX,FRW.AX,Freightways Group,AU,equity,asx200,,2,n/a,2026-09-02
1563,GDG-XASX,GDG.AX,Generation Development Group,AU,equity,asx200,,2,n/a,2026-09-02
1564,GGP-XASX,GGP.AX,Greatland Resources,AU,equity,asx200,,2,n/a,2026-09-02
1565,GMD-XASX,GMD.AX,Genesis Minerals,AU,equity,asx200,,2,n/a,2026-09-02
1566,GMG-XASX,GMG.AX,Goodman Group,AU,equity,asx200,,2,n/a,2026-09-02
1567,GNE-XASX,GNE.AX,Genesis Energy,AU,equity,asx200,,2,n/a,2026-09-02
1568,GQG-XASX,GQG.AX,GQG Partners,AU,equity,asx200,,2,n/a,2026-09-02
1569,HDN-XASX,HDN.AX,HomeCo Daily Needs REIT,AU,equity,asx200,,2,n/a,2026-09-02
1570,HUB-XASX,HUB.AX,HUB24,AU,equity,asx200,,2,n/a,2026-09-02
1571,HVN-XASX,HVN.AX,Harvey Norman,AU,equity,asx200,,2,n/a,2026-09-02
1572,IAG-XASX,IAG.AX,Insurance Australia Group,AU,equity,asx200,,2,n/a,2026-09-02
1573,IFT-XASX,IFT.AX,Infratil,AU,equity,asx200,,2,n/a,2026-09-02
1574,IGO-XASX,IGO.AX,IGO,AU,equity,asx200,,2,n/a,2026-09-02
1575,ILU-XASX,ILU.AX,Iluka Resources,AU,equity,asx200,,2,n/a,2026-09-02
1576,IMD-XASX,IMD.AX,IMDEX,AU,equity,asx200,,2,n/a,2026-09-02
1577,JBH-XASX,JBH.AX,JB Hi-Fi,AU,equity,asx200,,2,n/a,2026-09-02
1578,JHX-XASX,JHX.AX,James Hardie,AU,equity,asx200,,2,n/a,2026-09-02
1579,L1G-XASX,L1G.AX,L1 Group,AU,equity,asx200,,2,n/a,2026-09-02
1580,LLC-XASX,LLC.AX,Lendlease,AU,equity,asx200,,2,n/a,2026-09-02
1581,LNW-XASX,LNW.AX,Light & Wonder,AU,equity,asx200,,2,n/a,2026-09-02
1582,LOV-XASX,LOV.AX,Lovisa,AU,equity,asx200,,2,n/a,2026-09-02
1583,LSF-XASX,LSF.AX,L1 Long Short Fund,AU,equity,asx200,,2,n/a,2026-09-02
1584,LTR-XASX,LTR.AX,Liontown Resources,AU,equity,asx200,,2,n/a,2026-09-02
1585,LYC-XASX,LYC.AX,Lynas Rare Earths,AU,equity,asx200,,2,n/a,2026-09-02
1586,MCY-XASX,MCY.AX,Mercury NZ,AU,equity,asx200,,2,safe,2026-09-02
1587,MEZ-XASX,MEZ.AX,Meridian Energy,AU,equity,asx200,,2,n/a,2026-09-02
1588,MFF-XASX,MFF.AX,MFF Capital Investments,AU,equity,asx200,,2,n/a,2026-09-02
1589,MFG-XASX,MFG.AX,Magellan Financial Group,AU,equity,asx200,,2,UNSAFE,2026-09-02
1590,MGR-XASX,MGR.AX,Mirvac,AU,equity,asx200,,2,n/a,2026-09-02
1591,MIN-XASX,MIN.AX,Mineral Resources,AU,equity,asx200,,2,n/a,2026-09-02
1592,MND-XASX,MND.AX,Monadelphous Group,AU,equity,asx200,,2,n/a,2026-09-02
1593,MPL-XASX,MPL.AX,Medibank,AU,equity,asx200,,2,n/a,2026-09-02
1594,MQG-XASX,MQG.AX,Macquarie Group,AU,equity,asx200,,2,n/a,2026-09-02
1595,MSB-XASX,MSB.AX,Mesoblast,AU,equity,asx200,,2,n/a,2026-09-02
1596,MTS-XASX,MTS.AX,Metcash,AU,equity,asx200,,2,n/a,2026-09-02
1597,MXT-XASX,MXT.AX,Metrics Master Income Trust,AU,equity,asx200,,2,n/a,2026-09-02
1598,NAB-XASX,NAB.AX,National Australia Bank,AU,equity,asx200,,2,n/a,2026-09-02
1599,NEM-XASX,NEM.AX,Newmont,AU,equity,asx200,,2,safe,2026-09-02
1600,NHC-XASX,NHC.AX,New Hope,AU,equity,asx200,,2,UNSAFE,2026-09-02
1601,NHF-XASX,NHF.AX,Nib,AU,equity,asx200,,2,n/a,2026-09-02
1602,NIC-XASX,NIC.AX,Nickel Industries,AU,equity,asx200,,2,UNSAFE,2026-09-02
1603,NST-XASX,NST.AX,Northern Star Resources,AU,equity,asx200,,2,n/a,2026-09-02
1604,NWH-XASX,NWH.AX,NRW Holdings,AU,equity,asx200,,2,n/a,2026-09-02
1605,NWL-XASX,NWL.AX,Netwealth Group,AU,equity,asx200,,2,UNSAFE,2026-09-02
1606,NWS-XASX,NWS.AX,News Corp Class B,AU,equity,asx200,,2,safe,2026-09-02
1607,NXG-XASX,NXG.AX,Nexgen Energy,AU,equity,asx200,,2,n/a,2026-09-02
1608,NXT-XASX,NXT.AX,NextDC,AU,equity,asx200,,2,UNSAFE,2026-09-02
1609,OBM-XASX,OBM.AX,Ora Banda Mining,AU,equity,asx200,,2,n/a,2026-09-02
1610,ORA-XASX,ORA.AX,Orora,AU,equity,asx200,,2,UNSAFE,2026-09-02
1611,ORG-XASX,ORG.AX,Origin Energy,AU,equity,asx200,,2,n/a,2026-09-02
1612,ORI-XASX,ORI.AX,Orica,AU,equity,asx200,,2,UNSAFE,2026-09-02
1613,PDI-XASX,PDI.AX,Predictive Discovery,AU,equity,asx200,,2,n/a,2026-09-02
1614,PDN-XASX,PDN.AX,Paladin Energy,AU,equity,asx200,,2,n/a,2026-09-02
1615,PLS-XASX,PLS.AX,PLS Group,AU,equity,asx200,,2,n/a,2026-09-02
1616,PME-XASX,PME.AX,Pro Medicus,AU,equity,asx200,,2,n/a,2026-09-02
1617,PMV-XASX,PMV.AX,Premier Investments,AU,equity,asx200,,2,n/a,2026-09-02
1618,PNI-XASX,PNI.AX,Pinnacle Investment Management,AU,equity,asx200,,2,n/a,2026-09-02
1619,PPT-XASX,PPT.AX,Perpetual,AU,equity,asx200,,2,n/a,2026-09-02
1620,PRN-XASX,PRN.AX,Perenti,AU,equity,asx200,,2,n/a,2026-09-02
1621,PRU-XASX,PRU.AX,Perseus Mining,AU,equity,asx200,,2,UNSAFE,2026-09-02
1622,PXA-XASX,PXA.AX,Pexa Group,AU,equity,asx200,,2,n/a,2026-09-02
1623,QAN-XASX,QAN.AX,Qantas,AU,equity,asx200,,2,n/a,2026-09-02
1624,QBE-XASX,QBE.AX,QBE Insurance,AU,equity,asx200,,2,n/a,2026-09-02
1625,RDX-XASX,RDX.AX,Redox,AU,equity,asx200,,2,n/a,2026-09-02
1626,REA-XASX,REA.AX,REA Group,AU,equity,asx200,,2,n/a,2026-09-02
1627,REG-XASX,REG.AX,Regis Healthcare,AU,equity,asx200,,2,UNSAFE,2026-09-02
1628,REH-XASX,REH.AX,Reece Group,AU,equity,asx200,,2,n/a,2026-09-02
1629,RGN-XASX,RGN.AX,Region Group,AU,equity,asx200,,2,n/a,2026-09-02
1630,RHC-XASX,RHC.AX,Ramsay Health Care,AU,equity,asx200,,2,n/a,2026-09-02
1631,RIO-XASX,RIO.AX,Rio Tinto,AU,equity,asx200,,2,safe,2026-09-02
1632,RMD-XASX,RMD.AX,ResMed,AU,equity,asx200,,2,safe,2026-09-02
1633,RMS-XASX,RMS.AX,Ramelius Resources,AU,equity,asx200,,2,n/a,2026-09-02
1634,RRL-XASX,RRL.AX,Regis Resources,AU,equity,asx200,,2,n/a,2026-09-02
1635,RSG-XASX,RSG.AX,Resolute Mining,AU,equity,asx200,,2,UNSAFE,2026-09-02
1636,RWC-XASX,RWC.AX,Reliance Worldwide Corporation,AU,equity,asx200,,2,n/a,2026-09-02
1637,RYM-XASX,RYM.AX,Ryman Healthcare,AU,equity,asx200,,2,n/a,2026-09-02
1638,S32-XASX,S32.AX,South32,AU,equity,asx200,,2,n/a,2026-09-02
1639,SCG-XASX,SCG.AX,Scentre Group,AU,equity,asx200,,2,n/a,2026-09-02
1640,SDF-XASX,SDF.AX,Steadfast Group,AU,equity,asx200,,2,n/a,2026-09-02
1641,SEK-XASX,SEK.AX,Seek,AU,equity,asx200,,2,n/a,2026-09-02
1642,SFR-XASX,SFR.AX,Sandfire Resources,AU,equity,asx200,,2,n/a,2026-09-02
1643,SGH-XASX,SGH.AX,SGH,AU,equity,asx200,,2,n/a,2026-09-02
1644,SGM-XASX,SGM.AX,Sims Metal,AU,equity,asx200,,2,n/a,2026-09-02
1645,SGP-XASX,SGP.AX,Stockland,AU,equity,asx200,,2,n/a,2026-09-02
1646,SHL-XASX,SHL.AX,Sonic Healthcare,AU,equity,asx200,,2,n/a,2026-09-02
1647,SIG-XASX,SIG.AX,Sigma Healthcare,AU,equity,asx200,,2,UNSAFE,2026-09-02
1648,SMR-XASX,SMR.AX,Stanmore Resources,AU,equity,asx200,,2,n/a,2026-09-02
1649,SNZ-XASX,SNZ.AX,Summerset Group Holdings,AU,equity,asx200,,2,n/a,2026-09-02
1650,SOL-XASX,SOL.AX,Soul Patts,AU,equity,asx200,,2,n/a,2026-09-02
1651,SPK-XASX,SPK.AX,Spark New Zealand,AU,equity,asx200,,2,n/a,2026-09-02
1652,STO-XASX,STO.AX,Santos,AU,equity,asx200,,2,n/a,2026-09-02
1653,SUL-XASX,SUL.AX,Super Retail Group,AU,equity,asx200,,2,n/a,2026-09-02
1654,SUN-XASX,SUN.AX,Suncorp,AU,equity,asx200,,2,n/a,2026-09-04
1655,TAH-XASX,TAH.AX,Tabcorp,AU,equity,asx200,,2,n/a,2026-09-02
1656,TCL-XASX,TCL.AX,Transurban,AU,equity,asx200,,2,n/a,2026-09-02
1657,TLC-XASX,TLC.AX,The Lottery Corporation,AU,equity,asx200,,2,n/a,2026-09-02
1658,TLS-XASX,TLS.AX,Telstra,AU,equity,asx200,,2,n/a,2026-09-02
1659,TLX-XASX,TLX.AX,Telix Pharmaceuticals,AU,equity,asx200,,2,n/a,2026-09-02
1660,TNE-XASX,TNE.AX,TechnologyOne,AU,equity,asx200,,2,n/a,2026-09-02
1661,TPG-XASX,TPG.AX,TPG Telecom,AU,equity,asx200,,2,n/a,2026-09-02
1662,TUA-XASX,TUA.AX,Tuas,AU,equity,asx200,,2,n/a,2026-09-02
1663,TWE-XASX,TWE.AX,Treasury Wine Estates,AU,equity,asx200,,2,n/a,2026-09-02
1664,VAU-XASX,VAU.AX,Vault Minerals,AU,equity,asx200,,2,n/a,2026-09-02
1665,VCX-XASX,VCX.AX,Vicinity Centres,AU,equity,asx200,,2,n/a,2026-09-02
1666,VEA-XASX,VEA.AX,Viva Energy,AU,equity,asx200,,2,UNSAFE,2026-09-02
1667,VGN-XASX,VGN.AX,Virgin Australia Holdings,AU,equity,asx200,,2,n/a,2026-09-02
1668,VNT-XASX,VNT.AX,Ventia Services Group,AU,equity,asx200,,2,UNSAFE,2026-09-02
1669,WAF-XASX,WAF.AX,West African Resources,AU,equity,asx200,,2,n/a,2026-09-02
1670,WAM-XASX,WAM.AX,WAM Capital,AU,equity,asx200,,2,n/a,2026-09-02
1671,WBC-XASX,WBC.AX,Westpac,AU,equity,asx200,,2,n/a,2026-09-02
1672,WDS-XASX,WDS.AX,Woodside Energy Group,AU,equity,asx200,,2,n/a,2026-09-02
1673,WES-XASX,WES.AX,Wesfarmers,AU,equity,asx200,,2,n/a,2026-09-02
1674,WGX-XASX,WGX.AX,Westgold Resources,AU,equity,asx200,,2,n/a,2026-09-02
1675,WHC-XASX,WHC.AX,Whitehaven Coal,AU,equity,asx200,,2,n/a,2026-09-02
1676,WLE-XASX,WLE.AX,WAM Leaders,AU,equity,asx200,,2,n/a,2026-09-02
1677,WOR-XASX,WOR.AX,Worley,AU,equity,asx200,,2,UNSAFE,2026-09-02
1678,WOW-XASX,WOW.AX,Woolworths Group,AU,equity,asx200,,2,n/a,2026-09-02
1679,WTC-XASX,WTC.AX,Wisetech Global,AU,equity,asx200,,2,n/a,2026-09-02
1680,XRO-XASX,XRO.AX,Xero,AU,equity,asx200,,2,n/a,2026-09-02
1681,XYX-XASX,XYX.AX,"Block, Inc.",AU,equity,asx200,,2,n/a,2026-09-02
1682,YAL-XASX,YAL.AX,Yancoal Australia,AU,equity,asx200,,2,n/a,2026-09-02
1683,ZIM-XASX,ZIM.AX,Zimplats Holdings,AU,equity,asx200,,2,n/a,2026-09-02
1684,ZIP-XASX,ZIP.AX,Zip,AU,equity,asx200,,2,n/a,2026-09-02
1685,AAUC-XTSE,AAUC.TO,Allied Gold Corporation,CA,equity,tsxcomp,,2,n/a,2026-09-02
1686,AAV-XTSE,AAV.TO,Advantage Energy Ltd.,CA,equity,tsxcomp,,2,n/a,2026-09-02
1687,ABRA-XTSE,ABRA.TO,AbraSilver Resource Corp.,CA,equity,tsxcomp,,2,n/a,2026-09-02
1688,AC-XTSE,AC.TO,Air Canada,CA,equity,tsxcomp,,2,n/a,2026-09-02
1689,ACO-X-XTSE,ACO-X.TO,ATCO Ltd.,CA,equity,tsxcomp,,2,n/a,2026-09-02
1690,AG-XTSE,AG.TO,First Majestic Silver Corp.,CA,equity,tsxcomp,,2,n/a,2026-09-02
1691,AGI-XTSE,AGI.TO,Alamos Gold Inc.,CA,equity,tsxcomp,,2,n/a,2026-09-02
1692,AIF-XTSE,AIF.TO,Altus Group Limited,CA,equity,tsxcomp,,2,n/a,2026-09-02
1693,ALA-XTSE,ALA.TO,AltaGas Ltd.,CA,equity,tsxcomp,,2,n/a,2026-09-02
1694,AP-UN-XTSE,AP-UN.TO,Allied Properties Real Estate Investment Trust,CA,equity,tsxcomp,,2,n/a,2026-09-02
1695,AQN-XTSE,AQN.TO,Algonquin Power & Utilities Corp.,CA,equity,tsxcomp,,2,n/a,2026-09-02
1696,ARE-XTSE,ARE.TO,Aecon Group Inc.,CA,equity,tsxcomp,,2,UNSAFE,2026-09-02
1697,ARIS-XTSE,ARIS.TO,Aris Mining Corporation,CA,equity,tsxcomp,,2,n/a,2026-09-02
1698,ARX-XTSE,ARX.TO,ARC Resources Ltd.,CA,equity,tsxcomp,,2,n/a,2026-09-02
1699,ASM-XTSE,ASM.TO,Avino Silver & Gold Mines Ltd.,CA,equity,tsxcomp,,2,n/a,2026-09-02
1700,ATH-XTSE,ATH.TO,Athabasca Oil Corporation,CA,equity,tsxcomp,,2,n/a,2026-09-02
1701,ATRL-XTSE,ATRL.TO,AtkinsRéalis Group Inc.,CA,equity,tsxcomp,,2,n/a,2026-09-02
1702,ATS-XTSE,ATS.TO,ATS Corporation,CA,equity,tsxcomp,,2,n/a,2026-09-02
1703,ATZ-XTSE,ATZ.TO,Aritzia Inc.,CA,equity,tsxcomp,,2,n/a,2026-09-02
1704,AYA-XTSE,AYA.TO,Aya Gold & Silver Inc.,CA,equity,tsxcomp,,2,n/a,2026-09-02
1705,BB-XTSE,BB.TO,BlackBerry Limited,CA,equity,tsxcomp,,2,n/a,2026-09-02
1706,BBD-B-XTSE,BBD-B.TO,Bombardier Inc.,CA,equity,tsxcomp,,2,n/a,2026-09-02
1707,BBUC-XTSE,BBUC.TO,Brookfield Business Corporation,CA,equity,tsxcomp,,2,n/a,2026-09-02
1708,BDGI-XTSE,BDGI.TO,Badger Infrastructure Solutions Ltd.,CA,equity,tsxcomp,,2,n/a,2026-09-02
1709,BDT-XTSE,BDT.TO,Bird Construction Inc.,CA,equity,tsxcomp,,2,n/a,2026-09-02
1710,BEI-UN-XTSE,BEI-UN.TO,Boardwalk Real Estate Investment Trust,CA,equity,tsxcomp,,2,n/a,2026-09-02
1711,BEP-UN-XTSE,BEP-UN.TO,Brookfield Renewable Partners L.P.,CA,equity,tsxcomp,,2,n/a,2026-09-02
1712,BHC-XTSE,BHC.TO,Bausch Health Companies Inc.,CA,equity,tsxcomp,,2,n/a,2026-09-02
1713,BIR-XTSE,BIR.TO,Birchcliff Energy Ltd.,CA,equity,tsxcomp,,2,n/a,2026-09-02
1714,BLX-XTSE,BLX.TO,Boralex Inc.,CA,equity,tsxcomp,,2,n/a,2026-09-02
1715,BTE-XTSE,BTE.TO,Baytex Energy Corp.,CA,equity,tsxcomp,,2,n/a,2026-09-02
1716,BTO-XTSE,BTO.TO,B2Gold Corp.,CA,equity,tsxcomp,,2,n/a,2026-09-02
1717,BYD-XTSE,BYD.TO,Boyd Group Services Inc.,CA,equity,tsxcomp,,2,UNSAFE,2026-09-02
1718,CAR-UN-XTSE,CAR-UN.TO,Canadian Apartment Properties Real Estate Investment Trust,CA,equity,tsxcomp,,2,UNSAFE,2026-09-02
1719,CCA-XTSE,CCA.TO,Cogeco Communications Inc.,CA,equity,tsxcomp,,2,n/a,2026-09-02
1720,CEU-XTSE,CEU.TO,CES Energy Solutions Corp.,CA,equity,tsxcomp,,2,n/a,2026-09-02
1721,CG-XTSE,CG.TO,Centerra Gold Inc.,CA,equity,tsxcomp,,2,UNSAFE,2026-09-02
1722,CHP-UN-XTSE,CHP-UN.TO,Choice Properties Real Estate Investment Trust,CA,equity,tsxcomp,,2,n/a,2026-09-02
1723,CIGI-XTSE,CIGI.TO,Colliers International Group Inc.,CA,equity,tsxcomp,,2,n/a,2026-09-02
1724,CJT-XTSE,CJT.TO,Cargojet Inc.,CA,equity,tsxcomp,,2,n/a,2026-09-04
1725,CPX-XTSE,CPX.TO,Capital Power Corporation,CA,equity,tsxcomp,,2,n/a,2026-09-02
1726,CRR-UN-XTSE,CRR-UN.TO,Crombie Real Estate Investment Trust,CA,equity,tsxcomp,,2,n/a,2026-09-02
1727,CRT-UN-XTSE,CRT-UN.TO,CT Real Estate Investment Trust,CA,equity,tsxcomp,,2,n/a,2026-09-02
1728,CS-XTSE,CS.TO,Capstone Copper Corp.,CA,equity,tsxcomp,,2,unknown,2026-09-02
1729,CSH-UN-XTSE,CSH-UN.TO,Chartwell Retirement Residences,CA,equity,tsxcomp,,2,n/a,2026-09-02
1730,CU-XTSE,CU.TO,Canadian Utilities Limited,CA,equity,tsxcomp,,2,n/a,2026-09-02
1731,CURA-XTSE,CURA.TO,"Curaleaf Holdings, Inc.",CA,equity,tsxcomp,,2,n/a,2026-09-02
1732,DFY-XTSE,DFY.TO,Definity Financial Corporation,CA,equity,tsxcomp,,2,n/a,2026-09-02
1733,DIR-UN-XTSE,DIR-UN.TO,Dream Industrial Real Estate Investment Trust,CA,equity,tsxcomp,,2,n/a,2026-09-02
1734,DML-XTSE,DML.TO,Denison Mines Corp.,CA,equity,tsxcomp,,2,n/a,2026-09-02
1735,DOO-XTSE,DOO.TO,BRP Inc.,CA,equity,tsxcomp,,2,n/a,2026-09-02
1736,DPM-XTSE,DPM.TO,Dundee Precious Metals Inc.,CA,equity,tsxcomp,,2,n/a,2026-09-02
1737,DSG-XTSE,DSG.TO,Descartes Systems Group Inc.,CA,equity,tsxcomp,,2,n/a,2026-09-02
1738,EDR-XTSE,EDR.TO,Endeavour Silver Corp.,CA,equity,tsxcomp,,2,n/a,2026-09-02
1739,EFN-XTSE,EFN.TO,Element Fleet Management Corp.,CA,equity,tsxcomp,,2,n/a,2026-09-02
1740,EFR-XTSE,EFR.TO,Energy Fuels Inc.,CA,equity,tsxcomp,,2,n/a,2026-09-02
1741,EFX-XTSE,EFX.TO,Equifax Inc.,CA,equity,tsxcomp,,2,safe,2026-09-02
1742,EIF-XTSE,EIF.TO,Exchange Income Corporation,CA,equity,tsxcomp,,2,n/a,2026-09-02
1743,ELD-XTSE,ELD.TO,Eldorado Gold Corporation,CA,equity,tsxcomp,,2,n/a,2026-09-02
1744,EMP-A-XTSE,EMP-A.TO,Empire Company Limited,CA,equity,tsxcomp,,2,n/a,2026-09-02
1745,EQB-XTSE,EQB.TO,EQB Inc.,CA,equity,tsxcomp,,2,n/a,2026-09-02
1746,EQX-XTSE,EQX.TO,Equinox Gold Corp.,CA,equity,tsxcomp,,2,n/a,2026-09-02
1747,ERO-XTSE,ERO.TO,Ero Copper Corp.,CA,equity,tsxcomp,,2,n/a,2026-09-02
1748,FCR-UN-XTSE,FCR-UN.TO,First Capital Real Estate Investment Trust,CA,equity,tsxcomp,,2,n/a,2026-09-02
1749,FRU-XTSE,FRU.TO,Freehold Royalties Ltd.,CA,equity,tsxcomp,,2,n/a,2026-09-02
1750,FTT-XTSE,FTT.TO,Finning International Inc.,CA,equity,tsxcomp,,2,n/a,2026-09-02
1751,FVI-XTSE,FVI.TO,Fortuna Mining Corp.,CA,equity,tsxcomp,,2,n/a,2026-09-02
1752,GEI-XTSE,GEI.TO,Gibson Energy Inc.,CA,equity,tsxcomp,,2,n/a,2026-09-02
1753,GFL-XTSE,GFL.TO,GFL Environmental Inc.,CA,equity,tsxcomp,,2,n/a,2026-09-02
1754,GMIN-XTSE,GMIN.TO,G Mining Ventures Corp.,CA,equity,tsxcomp,,2,n/a,2026-09-02
1755,GRT-UN-XTSE,GRT-UN.TO,Granite Real Estate Investment Trust,CA,equity,tsxcomp,,2,n/a,2026-09-02
1756,GSY-XTSE,GSY.TO,goeasy Ltd.,CA,equity,tsxcomp,,2,n/a,2026-09-02
1757,GWO-XTSE,GWO.TO,Great-West Lifeco Inc.,CA,equity,tsxcomp,,2,n/a,2026-09-02
1758,HBM-XTSE,HBM.TO,Hudbay Minerals Inc.,CA,equity,tsxcomp,,2,n/a,2026-09-02
1759,HR-UN-XTSE,HR-UN.TO,H&R Real Estate Investment Trust,CA,equity,tsxcomp,,2,UNSAFE,2026-09-02
1760,HWX-XTSE,HWX.TO,Headwater Exploration Inc.,CA,equity,tsxcomp,,2,n/a,2026-09-02
1761,IAG-XTSE,IAG.TO,iA Financial Corporation Inc.,CA,equity,tsxcomp,,2,n/a,2026-09-02
1762,IAU-XTSE,IAU.TO,I-80 Gold Corp.,CA,equity,tsxcomp,,2,UNSAFE,2026-09-02
1763,IGM-XTSE,IGM.TO,IGM Financial Inc.,CA,equity,tsxcomp,,2,n/a,2026-09-02
1764,IIP-UN-XTSE,IIP-UN.TO,InterRent Real Estate Investment Trust,CA,equity,tsxcomp,,2,n/a,2026-09-02
1765,IMG-XTSE,IMG.TO,Iamgold Corporation,CA,equity,tsxcomp,,2,n/a,2026-09-02
1766,IPCO-XTSE,IPCO.TO,International Petroleum Corporation,CA,equity,tsxcomp,,2,n/a,2026-09-02
1767,IVN-XTSE,IVN.TO,Ivanhoe Mines Ltd.,CA,equity,tsxcomp,,2,n/a,2026-09-02
1768,JWEL-XTSE,JWEL.TO,Jamieson Wellness Inc.,CA,equity,tsxcomp,,2,n/a,2026-09-02
1769,KEL-XTSE,KEL.TO,Kelt Exploration Ltd.,CA,equity,tsxcomp,,2,n/a,2026-09-02
1770,KEY-XTSE,KEY.TO,Keyera Corp.,CA,equity,tsxcomp,,2,UNSAFE,2026-09-02
1771,KMP-UN-XTSE,KMP-UN.TO,Killam Apartment Real Estate Investment Trust,CA,equity,tsxcomp,,2,n/a,2026-09-02
1772,KNT-XTSE,KNT.TO,K92 Mining Inc.,CA,equity,tsxcomp,,2,n/a,2026-09-02
1773,KXS-XTSE,KXS.TO,Kinaxis Inc.,CA,equity,tsxcomp,,2,n/a,2026-09-02
1774,LAC-XTSE,LAC.TO,Lithium Americas Corp.,CA,equity,tsxcomp,,2,n/a,2026-09-02
1775,LB-XTSE,LB.TO,Laurentian Bank of Canada,CA,equity,tsxcomp,,2,n/a,2026-09-02
1776,LIF-XTSE,LIF.TO,Labrador Iron Ore Royalty Corporation,CA,equity,tsxcomp,,2,UNSAFE,2026-09-02
1777,LNR-XTSE,LNR.TO,Linamar Corporation,CA,equity,tsxcomp,,2,n/a,2026-09-02
1778,LSPD-XTSE,LSPD.TO,Lightspeed Commerce Inc.,CA,equity,tsxcomp,,2,n/a,2026-09-02
1779,LUG-XTSE,LUG.TO,Lundin Gold Inc.,CA,equity,tsxcomp,,2,n/a,2026-09-02
1780,LUN-XTSE,LUN.TO,Lundin Mining Corporation,CA,equity,tsxcomp,,2,n/a,2026-09-02
1781,MAU-XTSE,MAU.TO,Montage Gold Corp.,CA,equity,tsxcomp,,2,n/a,2026-09-02
1782,MDA-XTSE,MDA.TO,MDA Space Ltd.,CA,equity,tsxcomp,,2,n/a,2026-09-02
1783,MFI-XTSE,MFI.TO,Maple Leaf Foods Inc.,CA,equity,tsxcomp,,2,n/a,2026-09-02
1784,MTL-XTSE,MTL.TO,Mullen Group Ltd.,CA,equity,tsxcomp,,2,n/a,2026-09-02
1785,MX-XTSE,MX.TO,Methanex Corporation,CA,equity,tsxcomp,,2,n/a,2026-09-02
1786,NFI-XTSE,NFI.TO,NFI Group Inc.,CA,equity,tsxcomp,,2,n/a,2026-09-02
1787,NG-XTSE,NG.TO,NovaGold Resources Inc.,CA,equity,tsxcomp,,2,n/a,2026-09-02
1788,NGEX-XTSE,NGEX.TO,NGEx Minerals Ltd.,CA,equity,tsxcomp,,2,n/a,2026-09-02
1789,NPI-XTSE,NPI.TO,Northland Power Inc.,CA,equity,tsxcomp,,2,n/a,2026-09-02
1790,NVO-XTSE,NVO.TO,Novo Resources Corp.,CA,equity,tsxcomp,,2,UNSAFE,2026-09-03
1791,NWC-XTSE,NWC.TO,North West Company Inc.,CA,equity,tsxcomp,,2,n/a,2026-09-02
1792,NXE-XTSE,NXE.TO,NexGen Energy Ltd.,CA,equity,tsxcomp,,2,n/a,2026-09-02
1793,OGC-XTSE,OGC.TO,OceanaGold Corporation,CA,equity,tsxcomp,,2,n/a,2026-09-02
1794,OLA-XTSE,OLA.TO,Orla Mining Ltd.,CA,equity,tsxcomp,,2,n/a,2026-09-02
1795,ONEX-XTSE,ONEX.TO,Onex Corporation,CA,equity,tsxcomp,,2,n/a,2026-09-02
1796,OR-XTSE,OR.TO,Osisko Gold Royalties Ltd.,CA,equity,tsxcomp,,2,n/a,2026-09-02
1797,PAAS-XTSE,PAAS.TO,Pan American Silver Corp.,CA,equity,tsxcomp,,2,n/a,2026-09-02
1798,PBH-XTSE,PBH.TO,Premium Brands Holdings Corporation,CA,equity,tsxcomp,,2,UNSAFE,2026-09-02
1799,PET-XTSE,PET.TO,Pet Valu Holdings Ltd.,CA,equity,tsxcomp,,2,n/a,2026-09-02
1800,PEY-XTSE,PEY.TO,Peyto Exploration & Development Corp.,CA,equity,tsxcomp,,2,n/a,2026-09-02
1801,PMZ-UN-XTSE,PMZ-UN.TO,Primaris Real Estate Investment Trust,CA,equity,tsxcomp,,2,n/a,2026-09-02
1802,POU-XTSE,POU.TO,Paramount Resources Ltd.,CA,equity,tsxcomp,,2,n/a,2026-09-02
1803,PPTA-XTSE,PPTA.TO,Perpetua Resources Corp.,CA,equity,tsxcomp,,2,n/a,2026-09-02
1804,PSK-XTSE,PSK.TO,PrairieSky Royalty Ltd.,CA,equity,tsxcomp,,2,n/a,2026-09-02
1805,PXT-XTSE,PXT.TO,Parex Resources Inc.,CA,equity,tsxcomp,,2,n/a,2026-09-02
1806,QBR-B-XTSE,QBR-B.TO,Quebecor Inc.,CA,equity,tsxcomp,,2,n/a,2026-09-02
1807,RBA-XTSE,RBA.TO,"RB Global, Inc.",CA,equity,tsxcomp,,2,safe,2026-09-02
1808,RCH-XTSE,RCH.TO,Richelieu Hardware Ltd.,CA,equity,tsxcomp,,2,n/a,2026-09-02
1809,REI-UN-XTSE,REI-UN.TO,RioCan Real Estate Investment Trust,CA,equity,tsxcomp,,2,n/a,2026-09-02
1810,RUS-XTSE,RUS.TO,Russel Metals Inc.,CA,equity,tsxcomp,,2,n/a,2026-09-02
1811,SCR-XTSE,SCR.TO,Strathcona Resources Ltd.,CA,equity,tsxcomp,,2,n/a,2026-09-02
1812,SEA-XTSE,SEA.TO,Seabridge Gold Inc.,CA,equity,tsxcomp,,2,n/a,2026-09-02
1813,SES-XTSE,SES.TO,Secure Energy Services Inc.,CA,equity,tsxcomp,,2,n/a,2026-09-02
1814,SIA-XTSE,SIA.TO,Sienna Senior Living Inc.,CA,equity,tsxcomp,,2,n/a,2026-09-02
1815,SII-XTSE,SII.TO,Sprott Inc.,CA,equity,tsxcomp,,2,n/a,2026-09-02
1816,SJ-XTSE,SJ.TO,Stella-Jones Inc.,CA,equity,tsxcomp,,2,n/a,2026-09-02
1817,SKE-XTSE,SKE.TO,Skeena Resources Limited,CA,equity,tsxcomp,,2,n/a,2026-09-02
1818,SOBO-XTSE,SOBO.TO,South Bow Corporation,CA,equity,tsxcomp,,2,n/a,2026-09-02
1819,SPB-XTSE,SPB.TO,Superior Plus Corp.,CA,equity,tsxcomp,,2,n/a,2026-09-02
1820,SRU-UN-XTSE,SRU-UN.TO,SmartCentres Real Estate Investment Trust,CA,equity,tsxcomp,,2,n/a,2026-09-02
1821,SSRM-XTSE,SSRM.TO,SSR Mining Inc.,CA,equity,tsxcomp,,2,n/a,2026-09-02
1822,STN-XTSE,STN.TO,Stantec Inc.,CA,equity,tsxcomp,,2,n/a,2026-09-02
1823,SVM-XTSE,SVM.TO,Silvercorp Metals Inc.,CA,equity,tsxcomp,,2,n/a,2026-09-02
1824,TA-XTSE,TA.TO,TransAlta Corporation,CA,equity,tsxcomp,,2,n/a,2026-09-02
1825,TCL-A-XTSE,TCL-A.TO,Transcontinental Inc.,CA,equity,tsxcomp,,2,n/a,2026-09-02
1826,TFII-XTSE,TFII.TO,TFI International Inc.,CA,equity,tsxcomp,,2,n/a,2026-09-02
1827,TFPM-XTSE,TFPM.TO,Triple Flag Precious Metals Corp.,CA,equity,tsxcomp,,2,n/a,2026-09-02
1828,TIH-XTSE,TIH.TO,Toromont Industries Ltd.,CA,equity,tsxcomp,,2,n/a,2026-09-02
1829,TKO-XTSE,TKO.TO,Taseko Mines Limited,CA,equity,tsxcomp,,2,UNSAFE,2026-09-02
1830,TPZ-XTSE,TPZ.TO,Topaz Energy Corp.,CA,equity,tsxcomp,,2,n/a,2026-09-02
1831,TSU-XTSE,TSU.TO,Trisura Group Ltd.,CA,equity,tsxcomp,,2,n/a,2026-09-02
1832,TVE-XTSE,TVE.TO,Tamarack Valley Energy Ltd.,CA,equity,tsxcomp,,2,n/a,2026-09-02
1833,TVK-XTSE,TVK.TO,TerraVest Industries Inc.,CA,equity,tsxcomp,,2,n/a,2026-09-02
1834,TXG-XTSE,TXG.TO,Torex Gold Resources Inc.,CA,equity,tsxcomp,,2,n/a,2026-09-02
1835,USA-XTSE,USA.TO,Americas Gold And Silver Corporation,CA,equity,tsxcomp,,2,n/a,2026-09-02
1836,VET-XTSE,VET.TO,Vermilion Energy Inc.,CA,equity,tsxcomp,,2,n/a,2026-09-02
1837,VITL-UN-XTSE,VITL-UN.TO,Vital Infrastructure Property Trust.,CA,equity,tsxcomp,,2,n/a,2026-09-02
1838,VNP-XTSE,VNP.TO,5N Plus Inc.,CA,equity,tsxcomp,,2,n/a,2026-09-02
1839,VZLA-XTSE,VZLA.TO,Vizsla Silver Corp.,CA,equity,tsxcomp,,2,n/a,2026-09-02
1840,WCP-XTSE,WCP.TO,Whitecap Resources Inc.,CA,equity,tsxcomp,,2,n/a,2026-09-02
1841,WDO-XTSE,WDO.TO,Wesdome Gold Mines Ltd.,CA,equity,tsxcomp,,2,n/a,2026-09-02
1842,WFG-XTSE,WFG.TO,West Fraser Timber Co. Ltd.,CA,equity,tsxcomp,,2,n/a,2026-09-02
1843,WPK-XTSE,WPK.TO,Winpak Ltd.,CA,equity,tsxcomp,,2,n/a,2026-09-02
1844,X-XTSE,X.TO,TMX Group Limited,CA,equity,tsxcomp,,2,n/a,2026-09-02
1845,1SXP-XETR,1SXP.DE,Schott Pharma AG & Co. KGaA,DE,equity,sdax,,2,n/a,2026-09-02
1846,8TRA-XETR,8TRA.DE,Traton SE,DE,equity,mdax,,2,n/a,2026-09-02
1847,ACT-XETR,ACT.DE,AlzChem Group AG,DE,equity,sdax,,2,UNSAFE,2026-09-02
1848,AFX-XETR,AFX.DE,Carl Zeiss Meditec AG,DE,equity,tecdax,,2,n/a,2026-09-02
1849,AG1-XETR,AG1.DE,Auto1 Group SE,DE,equity,mdax,,2,n/a,2026-09-02
1850,AIXA-XETR,AIXA.DE,Aixtron SE,DE,equity,tecdax,,2,n/a,2026-09-02
1851,AMV0-XETR,AMV0.DE,Aumovio SE,DE,equity,mdax,,2,n/a,2026-09-02
1852,AOF-XETR,AOF.DE,Atoss Software AG,DE,equity,tecdax,,2,n/a,2026-09-02
1853,AT1-XETR,AT1.DE,Aroundtown S.A.,DE,equity,mdax,,2,n/a,2026-09-02
1854,BC8-XETR,BC8.DE,Bechtle AG,DE,equity,tecdax,,2,n/a,2026-09-02
1855,BFSA-XETR,BFSA.DE,Befesa S.A.,DE,equity,sdax,,2,n/a,2026-09-02
1856,BOSS-XETR,BOSS.DE,Hugo Boss AG,DE,equity,mdax,,2,n/a,2026-09-02
1857,BSL-XETR,BSL.DE,Basler AG,DE,equity,sdax,,2,n/a,2026-09-02
1858,COK-XETR,COK.DE,Cancom SE,DE,equity,tecdax,,2,n/a,2026-09-02
1859,CWC-XETR,CWC.DE,Cewe Stiftung & Co. KGaA,DE,equity,sdax,,2,n/a,2026-09-02
1860,DBAN-XETR,DBAN.DE,Deutsche Beteiligungs AG,DE,equity,sdax,,2,n/a,2026-09-02
1861,DEQ-XETR,DEQ.DE,Deutsche EuroShop AG,DE,equity,sdax,,2,n/a,2026-09-02
1862,DEZ-XETR,DEZ.DE,Deutz AG,DE,equity,mdax,,2,n/a,2026-09-02
1863,DHER-XETR,DHER.DE,Delivery Hero SE,DE,equity,mdax,,2,n/a,2026-09-02
1864,DMP-XETR,DMP.DE,Dermapharm Holding SE,DE,equity,sdax,,2,n/a,2026-09-02
1865,DOU-XETR,DOU.DE,Douglas Group AG,DE,equity,sdax,,2,n/a,2026-09-02
1866,DWS-XETR,DWS.DE,DWS Group GmbH & Co. KGaA,DE,equity,mdax,,2,n/a,2026-09-02
1867,EIN-XETR,EIN.DE,Einhell Germany AG,DE,equity,sdax,,2,n/a,2026-09-02
1868,EKT-XETR,EKT.DE,Energiekontor AG,DE,equity,sdax,,2,n/a,2026-09-02
1869,ELG-XETR,ELG.DE,Elmos Semiconductor SE,DE,equity,tecdax,,2,n/a,2026-09-02
1870,EUZ-XETR,EUZ.DE,Eckert & Ziegler Strahlen- und Medizintechnik AG,DE,equity,tecdax,,2,n/a,2026-09-02
1871,EVD-XETR,EVD.DE,CTS Eventim AG & Co. KGaA,DE,equity,mdax,,2,n/a,2026-09-02
1872,EVK-XETR,EVK.DE,Evonik Industries AG,DE,equity,mdax,,2,n/a,2026-09-02
1873,EVT-XETR,EVT.DE,Evotec SE,DE,equity,tecdax,,2,n/a,2026-09-02
1874,F3C-XETR,F3C.DE,SFC Energy AG,DE,equity,sdax,,2,n/a,2026-09-02
1875,FIE-XETR,FIE.DE,Fielmann Group AG,DE,equity,sdax,,2,n/a,2026-09-02
1876,FNTN-XETR,FNTN.DE,Freenet AG,DE,equity,tecdax,,2,n/a,2026-09-02
1877,FPE-XETR,FPE.DE,Fuchs SE,DE,equity,mdax,,2,n/a,2026-09-02
1878,FRA-XETR,FRA.DE,Fraport AG,DE,equity,mdax,,2,n/a,2026-09-02
1879,FTK-XETR,FTK.DE,Flatexdegiro AG,DE,equity,mdax,,2,n/a,2026-09-02
1880,GBF-XETR,GBF.DE,Bilfinger SE,DE,equity,mdax,,2,n/a,2026-09-02
1881,GFT-XETR,GFT.DE,GFT Technologies SE,DE,equity,sdax,,2,n/a,2026-09-02
1882,GLJ-XETR,GLJ.DE,Grenke AG,DE,equity,sdax,,2,n/a,2026-09-02
1883,GYC-XETR,GYC.DE,Grand City Properties S.A.,DE,equity,sdax,,2,n/a,2026-09-02
1884,HABA-XETR,HABA.DE,Hamborner Reit AG,DE,equity,sdax,,2,n/a,2026-09-02
1885,HAG-XETR,HAG.DE,Hensoldt AG,DE,equity,tecdax,,2,n/a,2026-09-02
1886,HBH-XETR,HBH.DE,Hornbach Holding AG,DE,equity,sdax,,2,n/a,2026-09-02
1887,HDD-XETR,HDD.DE,Heidelberger Druckmaschinen AG,DE,equity,sdax,,2,n/a,2026-09-02
1888,HFG-XETR,HFG.DE,HelloFresh SE,DE,equity,sdax,,2,n/a,2026-09-02
1889,HLE-XETR,HLE.DE,Hella GmbH & Co. KGaA,DE,equity,mdax,,2,n/a,2026-09-02
1890,HYQ-XETR,HYQ.DE,Hypoport SE,DE,equity,sdax,,2,n/a,2026-09-02
1891,ILM1-XETR,ILM1.DE,Medios AG,DE,equity,sdax,,2,n/a,2026-09-02
1892,INH-XETR,INH.DE,Indus Holding AG,DE,equity,sdax,,2,n/a,2026-09-02
1893,IOS-XETR,IOS.DE,Ionos SE,DE,equity,tecdax,,2,n/a,2026-09-02
1894,JEN-XETR,JEN.DE,Jenoptik AG,DE,equity,tecdax,,2,n/a,2026-09-02
1895,JST-XETR,JST.DE,Jost Werke AG,DE,equity,sdax,,2,n/a,2026-09-02
1896,JUN3-XETR,JUN3.DE,Jungheinrich AG,DE,equity,sdax,,2,n/a,2026-09-02
1897,KBX-XETR,KBX.DE,Knorr-Bremse AG,DE,equity,mdax,,2,n/a,2026-09-02
1898,KGX-XETR,KGX.DE,Kion Group AG,DE,equity,mdax,,2,n/a,2026-09-02
1899,KRN-XETR,KRN.DE,Krones AG,DE,equity,mdax,,2,n/a,2026-09-02
1900,KSB-XETR,KSB.DE,KSB SE & Co. KGaA,DE,equity,sdax,,2,n/a,2026-09-02
1901,KTN-XETR,KTN.DE,Kontron AG,DE,equity,tecdax,,2,n/a,2026-09-02
1902,KWS-XETR,KWS.DE,KWS Saat SE & Co. KGaA,DE,equity,sdax,,2,n/a,2026-09-02
1903,LEG-XETR,LEG.DE,LEG Immobilien AG,DE,equity,mdax,,2,UNSAFE,2026-09-02
1904,LHA-XETR,LHA.DE,Deutsche Lufthansa AG,DE,equity,mdax,,2,n/a,2026-09-02
1905,LPK-XETR,LPK.DE,LPKF Laser & Electronics SE,DE,equity,sdax,,2,n/a,2026-09-02
1906,LXS-XETR,LXS.DE,Lanxess AG,DE,equity,mdax,,2,n/a,2026-09-02
1907,MBB-XETR,MBB.DE,MBB SE,DE,equity,sdax,,2,n/a,2026-09-02
1908,MLP-XETR,MLP.DE,MLP SE,DE,equity,sdax,,2,n/a,2026-09-02
1909,MUX-XETR,MUX.DE,Mutares SE & Co. KGaA,DE,equity,sdax,,2,n/a,2026-09-02
1910,NA9-XETR,NA9.DE,Nagarro SE,DE,equity,sdax,,2,n/a,2026-09-02
1911,NDA-XETR,NDA.DE,Aurubis AG,DE,equity,mdax,,2,n/a,2026-09-02
1912,NDX1-XETR,NDX1.DE,Nordex SE,DE,equity,tecdax,,2,n/a,2026-09-02
1913,NEM-XETR,NEM.DE,Nemetschek SE,DE,equity,tecdax,,2,UNSAFE,2026-09-02
1914,NOEJ-XETR,NOEJ.DE,Norma Group SE,DE,equity,sdax,,2,n/a,2026-09-02
1915,OBCK-XETR,OBCK.DE,Ottobock SE & Co. KGaA,DE,equity,tecdax,,2,n/a,2026-09-02
1916,OHB-XETR,OHB.DE,OHB SE,DE,equity,sdax,,2,n/a,2026-09-02
1917,P911-XETR,P911.DE,Porsche Automobil Holding SE,DE,equity,mdax,,2,n/a,2026-09-02
1918,PAT-XETR,PAT.DE,Patrizia SE,DE,equity,sdax,,2,n/a,2026-09-02
1919,PNE3-XETR,PNE3.DE,PNE AG,DE,equity,sdax,,2,n/a,2026-09-02
1920,PUM-XETR,PUM.DE,Puma SE,DE,equity,mdax,,2,n/a,2026-09-02
1921,R3NK-XETR,R3NK.DE,Renk Group,DE,equity,mdax,,2,n/a,2026-09-02
1922,RAA-XETR,RAA.DE,Rational AG,DE,equity,mdax,,2,n/a,2026-09-02
1923,S92-XETR,S92.DE,SMA Solar Technology AG,DE,equity,tecdax,,2,n/a,2026-09-02
1924,SBS-XETR,SBS.DE,Stratec SE,DE,equity,sdax,,2,n/a,2026-09-02
1925,SDF-XETR,SDF.DE,K+S AG,DE,equity,mdax,,2,n/a,2026-09-02
1926,SFQ-XETR,SFQ.DE,SAF-Holland SE,DE,equity,sdax,,2,n/a,2026-09-02
1927,SHA0-XETR,SHA0.DE,Schaeffler AG,DE,equity,mdax,,2,n/a,2026-09-02
1928,SIX2-XETR,SIX2.DE,Sixt SE,DE,equity,sdax,,2,n/a,2026-09-02
1929,SMHN-XETR,SMHN.DE,Suss Microtec SE,DE,equity,tecdax,,2,n/a,2026-09-02
1930,SPG-XETR,SPG.DE,Springer Nature AG & Co. KGaA,DE,equity,sdax,,2,UNSAFE,2026-09-02
1931,SRT-XETR,SRT.DE,Sartorius AG,DE,equity,mdax,,2,n/a,2026-09-02
1932,SRT3-XETR,SRT3.DE,Sartorius AG,DE,equity,tecdax,,2,n/a,2026-09-02
1933,STM-XETR,STM.DE,Stabilus SE,DE,equity,sdax,,2,UNSAFE,2026-09-02
1934,STO3-XETR,STO3.DE,Sto SE & Co. KGaA,DE,equity,sdax,,2,n/a,2026-09-02
1935,SZG-XETR,SZG.DE,Salzgitter AG,DE,equity,mdax,,2,n/a,2026-09-02
1936,TEG-XETR,TEG.DE,TAG Immobilien AG,DE,equity,mdax,,2,n/a,2026-09-02
1937,TKA-XETR,TKA.DE,Thyssenkrupp AG,DE,equity,mdax,,2,n/a,2026-09-02
1938,TKMS-XETR,TKMS.DE,TKMS AG & Co. KGaA,DE,equity,mdax,,2,n/a,2026-09-02
1939,TLX-XETR,TLX.DE,Talanx AG,DE,equity,mdax,,2,n/a,2026-09-02
1940,TMV-XETR,TMV.DE,TeamViewer AG,DE,equity,tecdax,,2,n/a,2026-09-02
1941,TNIE-XETR,TNIE.DE,tonies SE,DE,equity,sdax,,2,n/a,2026-09-02
1942,TPE-XETR,TPE.DE,PVA TePla AG,DE,equity,tecdax,,2,n/a,2026-09-02
1943,TUI1-XETR,TUI1.DE,TUI AG,DE,equity,mdax,,2,n/a,2026-09-02
1944,UTDI-XETR,UTDI.DE,United Internet AG,DE,equity,tecdax,,2,n/a,2026-09-02
1945,V1NC-XETR,V1NC.DE,Vincorion SE,DE,equity,sdax,,2,n/a,2026-09-02
1946,VBK-XETR,VBK.DE,Verbio SE,DE,equity,tecdax,,2,n/a,2026-09-02
1947,VH2-XETR,VH2.DE,Friedrich Vorwerk SE,DE,equity,sdax,,2,n/a,2026-09-02
1948,VOS-XETR,VOS.DE,Vossloh AG,DE,equity,sdax,,2,n/a,2026-09-02
1949,WAC-XETR,WAC.DE,Wacker Neuson SE,DE,equity,sdax,,2,n/a,2026-09-02
1950,WAF-XETR,WAF.DE,Siltronic AG,DE,equity,tecdax,,2,n/a,2026-09-02
1951,WCH-XETR,WCH.DE,Wacker Chemie AG,DE,equity,mdax,,2,n/a,2026-09-02
1952,YSN-XETR,YSN.DE,Secunet Security Networks AG,DE,equity,sdax,,2,n/a,2026-09-02
1953,1878-XTKS,1878.T,Daito Trust Construction,JP,equity,jp-largecap300,,2,n/a,2026-09-03
1954,1911-XTKS,1911.T,Sumitomo Forestry,JP,equity,jp-largecap300,,2,n/a,2026-09-03
1955,1942-XTKS,1942.T,Kandenko,JP,equity,jp-largecap300,,2,n/a,2026-09-03
1956,1944-XTKS,1944.T,Kinden,JP,equity,jp-largecap300,,2,n/a,2026-09-03
1957,2181-XTKS,2181.T,Persol,JP,equity,jp-largecap300,,2,n/a,2026-09-03
1958,2212-XTKS,2212.T,Yamazaki Baking,JP,equity,jp-largecap300,,2,n/a,2026-09-03
1959,2267-XTKS,2267.T,Yakult Honsha,JP,equity,jp-largecap300,,2,n/a,2026-09-03
1960,2327-XTKS,2327.T,Ns Solutions,JP,equity,jp-largecap300,,2,n/a,2026-09-03
1961,2371-XTKS,2371.T,Kakaku Com,JP,equity,jp-largecap300,,2,n/a,2026-09-03
1962,2587-XTKS,2587.T,Suntory,JP,equity,jp-largecap300,,2,n/a,2026-09-03
1963,2670-XTKS,2670.T,Abc Mart,JP,equity,jp-largecap300,,2,n/a,2026-09-03
1964,2702-XTKS,2702.T,Mcdonalds,JP,equity,jp-largecap300,,2,n/a,2026-09-03
1965,2809-XTKS,2809.T,Kewpie,JP,equity,jp-largecap300,,2,n/a,2026-09-03
1966,2875-XTKS,2875.T,Toyo Suisan Kaisha,JP,equity,jp-largecap300,,2,n/a,2026-09-03
1967,2897-XTKS,2897.T,Nissin Foods,JP,equity,jp-largecap300,,2,n/a,2026-09-03
1968,3003-XTKS,3003.T,Hulic,JP,equity,jp-largecap300,,2,n/a,2026-09-03
1969,3064-XTKS,3064.T,Monotaro,JP,equity,jp-largecap300,,2,n/a,2026-09-03
1970,3088-XTKS,3088.T,Matsukiyococokara,JP,equity,jp-largecap300,,2,n/a,2026-09-03
1971,3197-XTKS,3197.T,Skylark,JP,equity,jp-largecap300,,2,n/a,2026-09-03
1972,3231-XTKS,3231.T,Nomura Real Estate,JP,equity,jp-largecap300,,2,n/a,2026-09-03
1973,3283-XTKS,3283.T,Prologis,JP,equity,jp-largecap300,,2,n/a,2026-09-03
1974,3288-XTKS,3288.T,Open House,JP,equity,jp-largecap300,,2,n/a,2026-09-03
1975,3391-XTKS,3391.T,Tsuruha,JP,equity,jp-largecap300,,2,n/a,2026-09-03
1976,3462-XTKS,3462.T,Nomura Real Estate Master Fund,JP,equity,jp-largecap300,,2,n/a,2026-09-03
1977,3563-XTKS,3563.T,Food And Life Companies,JP,equity,jp-largecap300,,2,n/a,2026-09-03
1978,3626-XTKS,3626.T,Tis,JP,equity,jp-largecap300,,2,n/a,2026-09-03
1979,3769-XTKS,3769.T,Gmo Payment Gateway,JP,equity,jp-largecap300,,2,n/a,2026-09-03
1980,4062-XTKS,4062.T,Ibiden,JP,equity,jp-largecap300,,2,n/a,2026-09-03
1981,4091-XTKS,4091.T,Nippon Sanso Holdings,JP,equity,jp-largecap300,,2,n/a,2026-09-03
1982,4182-XTKS,4182.T,Mitsubishi Gas Chemical,JP,equity,jp-largecap300,,2,n/a,2026-09-03
1983,4186-XTKS,4186.T,Tokyo Ohka Kogyo,JP,equity,jp-largecap300,,2,n/a,2026-09-03
1984,4204-XTKS,4204.T,Sekisui Chemical,JP,equity,jp-largecap300,,2,n/a,2026-09-03
1985,4527-XTKS,4527.T,Rohto Pharmaceutical,JP,equity,jp-largecap300,,2,n/a,2026-09-03
1986,4528-XTKS,4528.T,Ono Pharmaceutical,JP,equity,jp-largecap300,,2,n/a,2026-09-03
1987,4612-XTKS,4612.T,Nippon Paint Holdings,JP,equity,jp-largecap300,,2,n/a,2026-09-03
1988,4684-XTKS,4684.T,Obic,JP,equity,jp-largecap300,,2,n/a,2026-09-03
1989,4716-XTKS,4716.T,Oracle Corporation Japan,JP,equity,jp-largecap300,,2,n/a,2026-09-03
1990,4732-XTKS,4732.T,"USS Co., Ltd.",JP,equity,jp-largecap300,,2,n/a,2026-09-03
1991,4768-XTKS,4768.T,Otsuka Corporation,JP,equity,jp-largecap300,,2,n/a,2026-09-03
1992,5016-XTKS,5016.T,Jx Advanced Metals,JP,equity,jp-largecap300,,2,n/a,2026-09-03
1993,5021-XTKS,5021.T,Cosmo Energy Holdings,JP,equity,jp-largecap300,,2,n/a,2026-09-03
1994,5076-XTKS,5076.T,Infroneer Holdings preferred stock,JP,equity,jp-largecap300,,2,n/a,2026-09-03
1995,5334-XTKS,5334.T,Niterra,JP,equity,jp-largecap300,,2,n/a,2026-09-03
1996,5444-XTKS,5444.T,Yamato Kogyo,JP,equity,jp-largecap300,,2,n/a,2026-09-03
1997,5830-XTKS,5830.T,Iyogin Holdings,JP,equity,jp-largecap300,,2,n/a,2026-09-03
1998,5838-XTKS,5838.T,Rakuten Bank,JP,equity,jp-largecap300,,2,n/a,2026-09-03
1999,5844-XTKS,5844.T,Kyoto Financial Group,JP,equity,jp-largecap300,,2,n/a,2026-09-03
2000,5929-XTKS,5929.T,Sanwa Holdings,JP,equity,jp-largecap300,,2,n/a,2026-09-03
2001,5991-XTKS,5991.T,Nhk Spring,JP,equity,jp-largecap300,,2,n/a,2026-09-03
2002,6134-XTKS,6134.T,FUJI Corporation,JP,equity,jp-largecap300,,2,n/a,2026-09-03
2003,6323-XTKS,6323.T,Rorze,JP,equity,jp-largecap300,,2,n/a,2026-09-03
2004,6370-XTKS,6370.T,Kurita Water Industries,JP,equity,jp-largecap300,,2,n/a,2026-09-03
2005,6383-XTKS,6383.T,Daifuku,JP,equity,jp-largecap300,,2,n/a,2026-09-03
2006,6448-XTKS,6448.T,Brother Industries,JP,equity,jp-largecap300,,2,n/a,2026-09-03
2007,6465-XTKS,6465.T,Hoshizaki,JP,equity,jp-largecap300,,2,n/a,2026-09-03
2008,6481-XTKS,6481.T,Thk,JP,equity,jp-largecap300,,2,n/a,2026-09-03
2009,6525-XTKS,6525.T,Kokusai Electric,JP,equity,jp-largecap300,,2,n/a,2026-09-03
2010,6586-XTKS,6586.T,Makita,JP,equity,jp-largecap300,,2,n/a,2026-09-03
2011,6806-XTKS,6806.T,Hirose Electric,JP,equity,jp-largecap300,,2,n/a,2026-09-03
2012,6845-XTKS,6845.T,Azbil,JP,equity,jp-largecap300,,2,n/a,2026-09-03
2013,6856-XTKS,6856.T,Horiba,JP,equity,jp-largecap300,,2,n/a,2026-09-03
2014,6869-XTKS,6869.T,Sysmex,JP,equity,jp-largecap300,,2,n/a,2026-09-03
2015,6965-XTKS,6965.T,Hamamatsu Photonics,JP,equity,jp-largecap300,,2,n/a,2026-09-03
2016,7167-XTKS,7167.T,Mebuki Financial,JP,equity,jp-largecap300,,2,n/a,2026-09-03
2017,7180-XTKS,7180.T,Kyushu Financial,JP,equity,jp-largecap300,,2,n/a,2026-09-03
2018,7181-XTKS,7181.T,Japan Post Insurance,JP,equity,jp-largecap300,,2,n/a,2026-09-03
2019,7182-XTKS,7182.T,Japan Post Bank,JP,equity,jp-largecap300,,2,n/a,2026-09-03
2020,7189-XTKS,7189.T,Nishi Nippon Financial,JP,equity,jp-largecap300,,2,n/a,2026-09-03
2021,7259-XTKS,7259.T,Aisin,JP,equity,jp-largecap300,,2,n/a,2026-09-03
2022,7276-XTKS,7276.T,Koito Manufacturing,JP,equity,jp-largecap300,,2,n/a,2026-09-03
2023,7309-XTKS,7309.T,Shimano,JP,equity,jp-largecap300,,2,n/a,2026-09-03
2024,7327-XTKS,7327.T,Daishi Hokuetsu Financial,JP,equity,jp-largecap300,,2,n/a,2026-09-03
2025,7337-XTKS,7337.T,Hirogin,JP,equity,jp-largecap300,,2,n/a,2026-09-03
2026,7550-XTKS,7550.T,Zensho,JP,equity,jp-largecap300,,2,n/a,2026-09-03
2027,7701-XTKS,7701.T,Shimadzu,JP,equity,jp-largecap300,,2,n/a,2026-09-03
2028,7729-XTKS,7729.T,Tokyo Seimitsu,JP,equity,jp-largecap300,,2,n/a,2026-09-03
2029,7747-XTKS,7747.T,Asahi Intecc,JP,equity,jp-largecap300,,2,n/a,2026-09-03
2030,7762-XTKS,7762.T,Citizen Watch,JP,equity,jp-largecap300,,2,n/a,2026-09-03
2031,7936-XTKS,7936.T,Asics,JP,equity,jp-largecap300,,2,n/a,2026-09-03
2032,8050-XTKS,8050.T,Seiko,JP,equity,jp-largecap300,,2,n/a,2026-09-03
2033,8060-XTKS,8060.T,Canon,JP,equity,jp-largecap300,,2,n/a,2026-09-03
2034,8113-XTKS,8113.T,Unicharm,JP,equity,jp-largecap300,,2,n/a,2026-09-03
2035,8136-XTKS,8136.T,Sanrio,JP,equity,jp-largecap300,,2,n/a,2026-09-03
2036,8227-XTKS,8227.T,Shimamura,JP,equity,jp-largecap300,,2,n/a,2026-09-03
2037,8303-XTKS,8303.T,Shinsei Bank,JP,equity,jp-largecap300,,2,n/a,2026-09-03
2038,8334-XTKS,8334.T,Gunma Bank,JP,equity,jp-largecap300,,2,n/a,2026-09-03
2039,8341-XTKS,8341.T,77th Bank,JP,equity,jp-largecap300,,2,n/a,2026-09-03
2040,8359-XTKS,8359.T,Hachijuni Nagano Bank,JP,equity,jp-largecap300,,2,n/a,2026-09-03
2041,8377-XTKS,8377.T,Hokuhoku Financial,JP,equity,jp-largecap300,,2,n/a,2026-09-03
2042,8421-XTKS,8421.T,Shinkin Central Bank Non Cum Prf Jpy100000,JP,equity,jp-largecap300,,2,n/a,2026-09-03
2043,8439-XTKS,8439.T,Tokyo Century Corporation,JP,equity,jp-largecap300,,2,n/a,2026-09-03
2044,8473-XTKS,8473.T,Sbi,JP,equity,jp-largecap300,,2,n/a,2026-09-03
2045,8572-XTKS,8572.T,Acom,JP,equity,jp-largecap300,,2,n/a,2026-09-03
2046,8593-XTKS,8593.T,Mitsubishi HC Capital,JP,equity,jp-largecap300,,2,n/a,2026-09-03
2047,8729-XTKS,8729.T,Sony Financial,JP,equity,jp-largecap300,,2,n/a,2026-09-03
2048,8951-XTKS,8951.T,Nippon Building Fund,JP,equity,jp-largecap300,,2,n/a,2026-09-03
2049,8952-XTKS,8952.T,Japan Real Estate Investment,JP,equity,jp-largecap300,,2,n/a,2026-09-03
2050,8953-XTKS,8953.T,Japan Met Fd Inv,JP,equity,jp-largecap300,,2,n/a,2026-09-03
2051,9023-XTKS,9023.T,Tokyo Metro,JP,equity,jp-largecap300,,2,n/a,2026-09-03
2052,9024-XTKS,9024.T,Seibu,JP,equity,jp-largecap300,,2,n/a,2026-09-03
2053,9042-XTKS,9042.T,Hankyu Hanshin,JP,equity,jp-largecap300,,2,n/a,2026-09-03
2054,9143-XTKS,9143.T,Sg,JP,equity,jp-largecap300,,2,n/a,2026-09-03
2055,9401-XTKS,9401.T,Tbs,JP,equity,jp-largecap300,,2,n/a,2026-09-03
2056,9404-XTKS,9404.T,Nippon Television Network,JP,equity,jp-largecap300,,2,n/a,2026-09-03
2057,9435-XTKS,9435.T,Hikari Tsushin,JP,equity,jp-largecap300,,2,n/a,2026-09-03
2058,9506-XTKS,9506.T,Tohoku Electric Power,JP,equity,jp-largecap300,,2,n/a,2026-09-03
2059,9508-XTKS,9508.T,Kyushu Electric Power,JP,equity,jp-largecap300,,2,n/a,2026-09-03
2060,9513-XTKS,9513.T,Electric Power Development Epdc,JP,equity,jp-largecap300,,2,n/a,2026-09-03
2061,9684-XTKS,9684.T,Square Enix,JP,equity,jp-largecap300,,2,n/a,2026-09-03
2062,9697-XTKS,9697.T,Capcom,JP,equity,jp-largecap300,,2,n/a,2026-09-03
2063,9962-XTKS,9962.T,Misumi Group,JP,equity,jp-largecap300,,2,n/a,2026-09-03
2064,ABN-XAMS,ABN.AS,ABN AMRO,NL,equity,aex,,2,n/a,2026-09-04
2065,AD-XAMS,AD.AS,Ahold Delhaize,NL,equity,aex,,2,n/a,2026-09-02
2066,AGN-XAMS,AGN.AS,Aegon,NL,equity,aex,,2,n/a,2026-09-04
2067,ASM-XAMS,ASM.AS,ASM International,NL,equity,aex,,2,n/a,2026-09-02
2068,ASML-XAMS,ASML.AS,ASML Holding,NL,equity,aex,,2,safe,2026-09-04
2069,BESI-XAMS,BESI.AS,BE Semiconductors,NL,equity,aex,,2,n/a,2026-09-02
2070,HEIA-XAMS,HEIA.AS,Heineken,NL,equity,aex,,2,n/a,2026-09-04
2071,INGA-XAMS,INGA.AS,ING Group,NL,equity,aex,,2,n/a,2026-09-04
2072,NN-XAMS,NN.AS,NN Group,NL,equity,aex,,2,n/a,2026-09-02
2073,PHIA-XAMS,PHIA.AS,Philips,NL,equity,aex,,2,n/a,2026-09-04
2074,RAND-XAMS,RAND.AS,Randstad,NL,equity,aex,,2,n/a,2026-09-04
2075,REN-XAMS,REN.AS,RELX,NL,equity,aex,,2,n/a,2026-09-02
2076,UNA-XAMS,UNA.AS,Unilever,NL,equity,aex,,2,n/a,2026-09-02
2077,3IN-XLON,3IN.L,3i Infrastructure,UK,equity,ftse250,,2,n/a,2026-09-02
2078,AAS-XLON,AAS.L,Aberdeen Asia Focus,UK,equity,ftse250,,2,n/a,2026-09-02
2079,AEP-XLON,AEP.L,AEP Plantations,UK,equity,ftse250,,2,UNSAFE,2026-09-02
2080,AGT-XLON,AGT.L,AVI Global Trust,UK,equity,ftse250,,2,n/a,2026-09-02
2081,AIE-XLON,AIE.L,Ashoka India Equity Investment Trust,UK,equity,ftse250,,2,n/a,2026-09-02
2082,AJB-XLON,AJB.L,AJ Bell,UK,equity,ftse250,,2,n/a,2026-09-02
2083,ALFA-XLON,ALFA.L,Alfa Financial Software,UK,equity,ftse250,,2,n/a,2026-09-02
2084,AML-XLON,AML.L,Aston Martin Lagonda,UK,equity,ftse250,,2,n/a,2026-09-02
2085,AO-XLON,AO.L,AO World,UK,equity,ftse250,,2,n/a,2026-09-02
2086,APN-XLON,APN.L,Applied Nutrition,UK,equity,ftse250,,2,n/a,2026-09-02
2087,ASHM-XLON,ASHM.L,Ashmore Group,UK,equity,ftse250,,2,n/a,2026-09-02
2088,ASL-XLON,ASL.L,Aberforth Smaller Companies Trust,UK,equity,ftse250,,2,n/a,2026-09-02
2089,ATG-XLON,ATG.L,Auction Technology Group,UK,equity,ftse250,,2,n/a,2026-09-02
2090,ATR-XLON,ATR.L,Schroder Asian Total Return Investment Company,UK,equity,ftse250,,2,UNSAFE,2026-09-02
2091,ATT-XLON,ATT.L,Allianz Technology Trust,UK,equity,ftse250,,2,n/a,2026-09-02
2092,ATYM-XLON,ATYM.L,Atalaya Mining,UK,equity,ftse250,,2,n/a,2026-09-02
2093,AVON-XLON,AVON.L,Avon Technologies,UK,equity,ftse250,,2,n/a,2026-09-02
2094,BAG-XLON,BAG.L,A.G. Barr,UK,equity,ftse250,,2,n/a,2026-09-02
2095,BBY-XLON,BBY.L,Balfour Beatty,UK,equity,ftse250,,2,UNSAFE,2026-09-02
2096,BCG-XLON,BCG.L,Baltic Classifieds,UK,equity,ftse250,,2,n/a,2026-09-02
2097,BGFD-XLON,BGFD.L,Baillie Gifford Japan Trust,UK,equity,ftse250,,2,n/a,2026-09-02
2098,BHMG-XLON,BHMG.L,BH Macro,UK,equity,ftse250,,2,n/a,2026-09-02
2099,BKG-XLON,BKG.L,Berkeley Group Holdings,UK,equity,ftse250,,2,n/a,2026-09-02
2100,BME-XLON,BME.L,B&M,UK,equity,ftse250,,2,n/a,2026-09-02
2101,BMY-XLON,BMY.L,Bloomsbury Publishing,UK,equity,ftse250,,2,UNSAFE,2026-09-02
2102,BNKR-XLON,BNKR.L,Bankers Investment Trust,UK,equity,ftse250,,2,n/a,2026-09-02
2103,BOWL-XLON,BOWL.L,Hollywood Bowl Group,UK,equity,ftse250,,2,n/a,2026-09-02
2104,BOY-XLON,BOY.L,Bodycote,UK,equity,ftse250,,2,n/a,2026-09-02
2105,BPT-XLON,BPT.L,Bridgepoint Group,UK,equity,ftse250,,2,n/a,2026-09-02
2106,BREE-XLON,BREE.L,Breedon Group,UK,equity,ftse250,,2,n/a,2026-09-02
2107,BRGE-XLON,BRGE.L,BlackRock Greater Europe Investment Trust,UK,equity,ftse250,,2,n/a,2026-09-02
2108,BRWM-XLON,BRWM.L,BlackRock World Mining Trust,UK,equity,ftse250,,2,n/a,2026-09-02
2109,BWY-XLON,BWY.L,Bellway,UK,equity,ftse250,,2,n/a,2026-09-02
2110,BYG-XLON,BYG.L,Big Yellow Group,UK,equity,ftse250,,2,n/a,2026-09-02
2111,BYIT-XLON,BYIT.L,Bytes Technology Group,UK,equity,ftse250,,2,n/a,2026-09-02
2112,CBG-XLON,CBG.L,Close Brothers Group,UK,equity,ftse250,,2,n/a,2026-09-02
2113,CHG-XLON,CHG.L,Chemring Group,UK,equity,ftse250,,2,n/a,2026-09-02
2114,CKN-XLON,CKN.L,Clarkson,UK,equity,ftse250,,2,n/a,2026-09-02
2115,CLDN-XLON,CLDN.L,Caledonia Investments,UK,equity,ftse250,,2,n/a,2026-09-02
2116,CMCX-XLON,CMCX.L,CMC Markets,UK,equity,ftse250,,2,n/a,2026-09-02
2117,COA-XLON,COA.L,Coats Group,UK,equity,ftse250,,2,n/a,2026-09-02
2118,CORD-XLON,CORD.L,Cordiant Digital Infrastructure,UK,equity,ftse250,,2,n/a,2026-09-02
2119,COST-XLON,COST.L,Costain Group,UK,equity,ftse250,,2,UNSAFE,2026-09-02
2120,CSN-XLON,CSN.L,Chesnara,UK,equity,ftse250,,2,n/a,2026-09-02
2121,CTY-XLON,CTY.L,City of London Investment Trust,UK,equity,ftse250,,2,n/a,2026-09-02
2122,CURY-XLON,CURY.L,Currys,UK,equity,ftse250,,2,n/a,2026-09-02
2123,CVSG-XLON,CVSG.L,CVS Group,UK,equity,ftse250,,2,n/a,2026-09-02
2124,CWK-XLON,CWK.L,Cranswick,UK,equity,ftse250,,2,UNSAFE,2026-09-02
2125,CWR-XLON,CWR.L,Ceres Power,UK,equity,ftse250,,2,n/a,2026-09-02
2126,DATA-XLON,DATA.L,GlobalData,UK,equity,ftse250,,2,n/a,2026-09-02
2127,DLN-XLON,DLN.L,Derwent London,UK,equity,ftse250,,2,n/a,2026-09-02
2128,DNLM-XLON,DNLM.L,Dunelm Group,UK,equity,ftse250,,2,n/a,2026-09-02
2129,DOCS-XLON,DOCS.L,Dr. Martens,UK,equity,ftse250,,2,UNSAFE,2026-09-02
2130,DOM-XLON,DOM.L,Domino's Pizza,UK,equity,ftse250,,2,n/a,2026-09-02
2131,DRX-XLON,DRX.L,Drax Group,UK,equity,ftse250,,2,n/a,2026-09-02
2132,DSCV-XLON,DSCV.L,discoverIE,UK,equity,ftse250,,2,n/a,2026-09-02
2133,EDIN-XLON,EDIN.L,Edinburgh Investment Trust,UK,equity,ftse250,,2,n/a,2026-09-04
2134,ELM-XLON,ELM.L,Elementis,UK,equity,ftse250,,2,n/a,2026-09-02
2135,EMG-XLON,EMG.L,Man Group,UK,equity,ftse250,,2,n/a,2026-09-02
2136,ENOG-XLON,ENOG.L,Energean,UK,equity,ftse250,,2,n/a,2026-09-02
2137,ESCT-XLON,ESCT.L,European Smaller Companies Trust,UK,equity,ftse250,,2,n/a,2026-09-02
2138,EWG-XLON,EWG.L,Eurowag,UK,equity,ftse250,,2,n/a,2026-09-02
2139,EWI-XLON,EWI.L,Edinburgh Worldwide Investment Trust,UK,equity,ftse250,,2,n/a,2026-09-04
2140,EZJ-XLON,EZJ.L,EasyJet,UK,equity,ftse250,,2,n/a,2026-09-02
2141,FAN-XLON,FAN.L,Volution Group,UK,equity,ftse250,,2,n/a,2026-09-02
2142,FCH-XLON,FCH.L,Funding Circle,UK,equity,ftse250,,2,n/a,2026-09-02
2143,FCSS-XLON,FCSS.L,Fidelity China Special Situations,UK,equity,ftse250,,2,n/a,2026-09-02
2144,FEML-XLON,FEML.L,Fidelity Emerging Markets,UK,equity,ftse250,,2,n/a,2026-09-02
2145,FEV-XLON,FEV.L,Fidelity European Trust,UK,equity,ftse250,,2,n/a,2026-09-02
2146,FGEN-XLON,FGEN.L,Foresight Environmental Infrastructure,UK,equity,ftse250,,2,n/a,2026-09-02
2147,FGP-XLON,FGP.L,FirstGroup,UK,equity,ftse250,,2,n/a,2026-09-02
2148,FGT-XLON,FGT.L,Finsbury Growth & Income Trust,UK,equity,ftse250,,2,n/a,2026-09-02
2149,FOUR-XLON,FOUR.L,4imprint,UK,equity,ftse250,,2,UNSAFE,2026-09-02
2150,FRAS-XLON,FRAS.L,Frasers Group,UK,equity,ftse250,,2,n/a,2026-09-02
2151,FSG-XLON,FSG.L,Foresight Group,UK,equity,ftse250,,2,n/a,2026-09-02
2152,FSV-XLON,FSV.L,Fidelity Special Values,UK,equity,ftse250,,2,n/a,2026-09-02
2153,GAMA-XLON,GAMA.L,Gamma Communications,UK,equity,ftse250,,2,n/a,2026-09-02
2154,GBG-XLON,GBG.L,GB Group,UK,equity,ftse250,,2,n/a,2026-09-02
2155,GCP-XLON,GCP.L,GCP Infrastructure Investments,UK,equity,ftse250,,2,n/a,2026-09-02
2156,GDWN-XLON,GDWN.L,Goodwin,UK,equity,ftse250,,2,n/a,2026-09-02
2157,GEN-XLON,GEN.L,Genuit Group,UK,equity,ftse250,,2,UNSAFE,2026-09-02
2158,GFRD-XLON,GFRD.L,Galliford Try,UK,equity,ftse250,,2,n/a,2026-09-02
2159,GFTU-XLON,GFTU.L,Grafton Group,UK,equity,ftse250,,2,n/a,2026-09-02
2160,GNC-XLON,GNC.L,Greencore,UK,equity,ftse250,,2,n/a,2026-09-02
2161,GNS-XLON,GNS.L,Genus,UK,equity,ftse250,,2,n/a,2026-09-02
2162,GPE-XLON,GPE.L,Great Portland Estates,UK,equity,ftse250,,2,n/a,2026-09-02
2163,GRG-XLON,GRG.L,Greggs,UK,equity,ftse250,,2,n/a,2026-09-02
2164,GRI-XLON,GRI.L,Grainger,UK,equity,ftse250,,2,n/a,2026-09-02
2165,GROW-XLON,GROW.L,Molten Ventures,UK,equity,ftse250,,2,n/a,2026-09-02
2166,GSCT-XLON,GSCT.L,Global Smaller Companies Trust,UK,equity,ftse250,,2,n/a,2026-09-02
2167,HAS-XLON,HAS.L,Hays,UK,equity,ftse250,,2,UNSAFE,2026-09-02
2168,HBR-XLON,HBR.L,Harbour Energy,UK,equity,ftse250,,2,n/a,2026-09-02
2169,HFD-XLON,HFD.L,Halfords,UK,equity,ftse250,,2,n/a,2026-09-02
2170,HFEL-XLON,HFEL.L,Henderson Far East Income,UK,equity,ftse250,,2,n/a,2026-09-02
2171,HFG-XLON,HFG.L,Hilton Food Group,UK,equity,ftse250,,2,n/a,2026-09-02
2172,HGT-XLON,HGT.L,Hg Capital Trust,UK,equity,ftse250,,2,n/a,2026-09-02
2173,HICL-XLON,HICL.L,HICL Infrastructure Company,UK,equity,ftse250,,2,n/a,2026-09-02
2174,HIK-XLON,HIK.L,Hikma Pharmaceuticals,UK,equity,ftse250,,2,n/a,2026-09-02
2175,HILS-XLON,HILS.L,Hill & Smith,UK,equity,ftse250,,2,n/a,2026-09-02
2176,HMSO-XLON,HMSO.L,Hammerson,UK,equity,ftse250,,2,n/a,2026-09-02
2177,HOC-XLON,HOC.L,Hochschild Mining,UK,equity,ftse250,,2,n/a,2026-09-02
2178,HRI-XLON,HRI.L,Herald Investment Trust,UK,equity,ftse250,,2,n/a,2026-09-02
2179,HSL-XLON,HSL.L,Henderson Smaller Companies Investment Trust,UK,equity,ftse250,,2,n/a,2026-09-02
2180,HTG-XLON,HTG.L,Hunting,UK,equity,ftse250,,2,n/a,2026-09-02
2181,HTWS-XLON,HTWS.L,Helios Towers,UK,equity,ftse250,,2,n/a,2026-09-02
2182,HWG-XLON,HWG.L,Harworth Group,UK,equity,ftse250,,2,n/a,2026-09-02
2183,IAD-XLON,IAD.L,Invesco Asia Dragon Trust,UK,equity,ftse250,,2,n/a,2026-09-02
2184,ICGT-XLON,ICGT.L,ICG Enterprise Trust,UK,equity,ftse250,,2,n/a,2026-09-02
2185,IHP-XLON,IHP.L,IntegraFin Holdings,UK,equity,ftse250,,2,n/a,2026-09-02
2186,INCH-XLON,INCH.L,Inchcape,UK,equity,ftse250,,2,n/a,2026-09-02
2187,INPP-XLON,INPP.L,International Public Partnerships,UK,equity,ftse250,,2,n/a,2026-09-02
2188,IPO-XLON,IPO.L,IP Group,UK,equity,ftse250,,2,n/a,2026-09-02
2189,ITH-XLON,ITH.L,Ithaca Energy,UK,equity,ftse250,,2,n/a,2026-09-02
2190,ITV-XLON,ITV.L,ITV,UK,equity,ftse250,,2,n/a,2026-09-02
2191,IWG-XLON,IWG.L,International Workplace Group,UK,equity,ftse250,,2,n/a,2026-09-02
2192,JAM-XLON,JAM.L,JPMorgan American Investment Trust,UK,equity,ftse250,,2,n/a,2026-09-02
2193,JCH-XLON,JCH.L,JPMorgan Claverhouse Investment Trust,UK,equity,ftse250,,2,n/a,2026-09-02
2194,JDW-XLON,JDW.L,Wetherspoons,UK,equity,ftse250,,2,n/a,2026-09-02
2195,JEDT-XLON,JEDT.L,JPMorgan European Discovery,UK,equity,ftse250,,2,n/a,2026-09-02
2196,JEGI-XLON,JEGI.L,JPMorgan European Growth & Income,UK,equity,ftse250,,2,n/a,2026-09-02
2197,JEMI-XLON,JEMI.L,JPMorgan Emerging Markets Dividend Income,UK,equity,ftse250,,2,n/a,2026-09-02
2198,JFJ-XLON,JFJ.L,JPMorgan Japanese Investment Trust,UK,equity,ftse250,,2,n/a,2026-09-02
2199,JGGI-XLON,JGGI.L,JPMorgan Global Growth & Income,UK,equity,ftse250,,2,n/a,2026-09-02
2200,JMGI-XLON,JMGI.L,JPMorgan Emerging Markets Growth & Income,UK,equity,ftse250,,2,n/a,2026-09-02
2201,JSG-XLON,JSG.L,Johnson Service Group,UK,equity,ftse250,,2,n/a,2026-09-02
2202,JUP-XLON,JUP.L,Jupiter Fund Management,UK,equity,ftse250,,2,n/a,2026-09-02
2203,KIE-XLON,KIE.L,Kier Group,UK,equity,ftse250,,2,n/a,2026-09-02
2204,KLR-XLON,KLR.L,Keller Group,UK,equity,ftse250,,2,n/a,2026-09-02
2205,KNOS-XLON,KNOS.L,Kainos,UK,equity,ftse250,,2,n/a,2026-09-02
2206,LRE-XLON,LRE.L,Lancashire Holdings,UK,equity,ftse250,,2,n/a,2026-09-02
2207,LWDB-XLON,LWDB.L,Law Debenture,UK,equity,ftse250,,2,n/a,2026-09-02
2208,MAB-XLON,MAB.L,Mitchells & Butlers,UK,equity,ftse250,,2,n/a,2026-09-02
2209,MEGP-XLON,MEGP.L,ME Group International,UK,equity,ftse250,,2,n/a,2026-09-02
2210,MGAM-XLON,MGAM.L,Morgan Advanced Materials,UK,equity,ftse250,,2,n/a,2026-09-02
2211,MGNS-XLON,MGNS.L,Morgan Sindall Group,UK,equity,ftse250,,2,n/a,2026-09-02
2212,MNDI-XLON,MNDI.L,Mondi,UK,equity,ftse250,,2,n/a,2026-09-02
2213,MNKS-XLON,MNKS.L,Monks Investment Trust,UK,equity,ftse250,,2,n/a,2026-09-02
2214,MNTN-XLON,MNTN.L,Schiehallion Fund,UK,equity,ftse250,,2,n/a,2026-09-02
2215,MONY-XLON,MONY.L,MONY Group,UK,equity,ftse250,,2,n/a,2026-09-02
2216,MOON-XLON,MOON.L,Moonpig,UK,equity,ftse250,,2,n/a,2026-09-02
2217,MRC-XLON,MRC.L,Mercantile Investment Trust,UK,equity,ftse250,,2,n/a,2026-09-02
2218,MTO-XLON,MTO.L,Mitie,UK,equity,ftse250,,2,n/a,2026-09-02
2219,MTRO-XLON,MTRO.L,Metro Bank,UK,equity,ftse250,,2,n/a,2026-09-02
2220,MUT-XLON,MUT.L,Murray Income Trust,UK,equity,ftse250,,2,n/a,2026-09-02
2221,MYI-XLON,MYI.L,Murray International Trust,UK,equity,ftse250,,2,n/a,2026-09-02
2222,N91-XLON,N91.L,Ninety One,UK,equity,ftse250,,2,n/a,2026-09-02
2223,NAIT-XLON,NAIT.L,North American Income Trust,UK,equity,ftse250,,2,n/a,2026-09-02
2224,NAS-XLON,NAS.L,North Atlantic Smaller Companies Investment Trust,UK,equity,ftse250,,2,n/a,2026-09-02
2225,NBPE-XLON,NBPE.L,NB Private Equity Partners,UK,equity,ftse250,,2,n/a,2026-09-02
2226,NCC-XLON,NCC.L,NCC Group,UK,equity,ftse250,,2,n/a,2026-09-02
2227,OCDO-XLON,OCDO.L,Ocado Group,UK,equity,ftse250,,2,n/a,2026-09-02
2228,OCI-XLON,OCI.L,Oakley Capital Investments,UK,equity,ftse250,,2,n/a,2026-09-02
2229,ONT-XLON,ONT.L,Oxford Nanopore Technologies,UK,equity,ftse250,,2,n/a,2026-09-02
2230,OSB-XLON,OSB.L,OSB Group,UK,equity,ftse250,,2,n/a,2026-09-02
2231,OXB-XLON,OXB.L,Oxford Biomedica,UK,equity,ftse250,,2,n/a,2026-09-02
2232,OXIG-XLON,OXIG.L,Oxford Instruments,UK,equity,ftse250,,2,n/a,2026-09-02
2233,PAF-XLON,PAF.L,Pan African Resources,UK,equity,ftse250,,2,n/a,2026-09-02
2234,PAG-XLON,PAG.L,Paragon Banking Group,UK,equity,ftse250,,2,UNSAFE,2026-09-02
2235,PAGE-XLON,PAGE.L,PageGroup,UK,equity,ftse250,,2,n/a,2026-09-02
2236,PCGH-XLON,PCGH.L,Polar Capital Global Healthcare Trust,UK,equity,ftse250,,2,n/a,2026-09-02
2237,PETS-XLON,PETS.L,Pets at Home,UK,equity,ftse250,,2,n/a,2026-09-02
2238,PEY-XLON,PEY.L,Partners Group Private Equity,UK,equity,ftse250,,2,n/a,2026-09-02
2239,PFD-XLON,PFD.L,Premier Foods,UK,equity,ftse250,,2,n/a,2026-09-02
2240,PHI-XLON,PHI.L,Pacific Horizon Investment Trust,UK,equity,ftse250,,2,n/a,2026-09-02
2241,PHP-XLON,PHP.L,Primary Health Properties,UK,equity,ftse250,,2,n/a,2026-09-02
2242,PIN-XLON,PIN.L,Pantheon International,UK,equity,ftse250,,2,n/a,2026-09-02
2243,PINT-XLON,PINT.L,Pantheon Infrastructure,UK,equity,ftse250,,2,n/a,2026-09-02
2244,PLUS-XLON,PLUS.L,Plus500,UK,equity,ftse250,,2,UNSAFE,2026-09-02
2245,PNL-XLON,PNL.L,Personal Assets Trust,UK,equity,ftse250,,2,n/a,2026-09-02
2246,PNN-XLON,PNN.L,Pennon Group,UK,equity,ftse250,,2,n/a,2026-09-02
2247,POLN-XLON,POLN.L,Pollen Street Group,UK,equity,ftse250,,2,n/a,2026-09-02
2248,PPET-XLON,PPET.L,Patria Private Equity Trust,UK,equity,ftse250,,2,n/a,2026-09-02
2249,PPH-XLON,PPH.L,PPHE Hotel Group,UK,equity,ftse250,,2,n/a,2026-09-02
2250,PRN-XLON,PRN.L,Princes Group,UK,equity,ftse250,,2,n/a,2026-09-02
2251,PTEC-XLON,PTEC.L,Playtech,UK,equity,ftse250,,2,n/a,2026-09-02
2252,QLT-XLON,QLT.L,Quilter,UK,equity,ftse250,,2,n/a,2026-09-02
2253,QQ-XLON,QQ.L,Qinetiq,UK,equity,ftse250,,2,n/a,2026-09-02
2254,RAT-XLON,RAT.L,Rathbones,UK,equity,ftse250,,2,n/a,2026-09-02
2255,RCP-XLON,RCP.L,RIT Capital Partners,UK,equity,ftse250,,2,n/a,2026-09-02
2256,RHIM-XLON,RHIM.L,RHI Magnesita,UK,equity,ftse250,,2,n/a,2026-09-02
2257,RICA-XLON,RICA.L,Ruffer Investment Company,UK,equity,ftse250,,2,n/a,2026-09-02
2258,RMV-XLON,RMV.L,Rightmove,UK,equity,ftse250,,2,n/a,2026-09-02
2259,RNK-XLON,RNK.L,Rank Group,UK,equity,ftse250,,2,n/a,2026-09-02
2260,ROR-XLON,ROR.L,Rotork,UK,equity,ftse250,,2,n/a,2026-09-02
2261,ROSE-XLON,ROSE.L,Rosebank Industries,UK,equity,ftse250,,2,n/a,2026-09-02
2262,RPI-XLON,RPI.L,Raspberry Pi Holdings,UK,equity,ftse250,,2,n/a,2026-09-02
2263,RS1-XLON,RS1.L,RS Group,UK,equity,ftse250,,2,n/a,2026-09-02
2264,RSW-XLON,RSW.L,Renishaw,UK,equity,ftse250,,2,n/a,2026-09-02
2265,RTW-XLON,RTW.L,RTW Biotech Opportunities,UK,equity,ftse250,,2,n/a,2026-09-02
2266,SAFE-XLON,SAFE.L,Safestore,UK,equity,ftse250,,2,UNSAFE,2026-09-02
2267,SAGA-XLON,SAGA.L,Saga,UK,equity,ftse250,,2,n/a,2026-09-02
2268,SAIN-XLON,SAIN.L,Scottish American Investment Company,UK,equity,ftse250,,2,n/a,2026-09-02
2269,SCT-XLON,SCT.L,Softcat,UK,equity,ftse250,,2,n/a,2026-09-02
2270,SDP-XLON,SDP.L,Schroder AsiaPacific Fund,UK,equity,ftse250,,2,n/a,2026-09-02
2271,SEIT-XLON,SEIT.L,SDCL Efficiency Income Trust,UK,equity,ftse250,,2,n/a,2026-09-02
2272,SEQI-XLON,SEQI.L,Sequoia Economic Infrastructure Income Fund,UK,equity,ftse250,,2,n/a,2026-09-02
2273,SHAW-XLON,SHAW.L,Shawbrook Bank,UK,equity,ftse250,,2,n/a,2026-09-02
2274,SHC-XLON,SHC.L,Shaftesbury Capital,UK,equity,ftse250,,2,UNSAFE,2026-09-02
2275,SMWH-XLON,SMWH.L,WHSmith,UK,equity,ftse250,,2,n/a,2026-09-02
2276,SNR-XLON,SNR.L,Senior,UK,equity,ftse250,,2,n/a,2026-09-02
2277,SOI-XLON,SOI.L,Schroder Oriental Income Fund,UK,equity,ftse250,,2,n/a,2026-09-02
2278,SPI-XLON,SPI.L,Spire Healthcare,UK,equity,ftse250,,2,n/a,2026-09-02
2279,SRE-XLON,SRE.L,Sirius Real Estate,UK,equity,ftse250,,2,UNSAFE,2026-09-02
2280,SRP-XLON,SRP.L,Serco,UK,equity,ftse250,,2,n/a,2026-09-02
2281,SSPG-XLON,SSPG.L,SSP Group,UK,equity,ftse250,,2,n/a,2026-09-02
2282,SUPR-XLON,SUPR.L,Supermarket Income REIT,UK,equity,ftse250,,2,n/a,2026-09-02
2283,SVS-XLON,SVS.L,Savills,UK,equity,ftse250,,2,n/a,2026-09-02
2284,SYNC-XLON,SYNC.L,Syncona,UK,equity,ftse250,,2,n/a,2026-09-02
2285,TATE-XLON,TATE.L,Tate & Lyle,UK,equity,ftse250,,2,n/a,2026-09-02
2286,TBCG-XLON,TBCG.L,TBC Bank,UK,equity,ftse250,,2,n/a,2026-09-02
2287,TCAP-XLON,TCAP.L,TP ICAP,UK,equity,ftse250,,2,n/a,2026-09-02
2288,TEM-XLON,TEM.L,Templeton Emerging Markets Investment Trust,UK,equity,ftse250,,2,n/a,2026-09-02
2289,TEP-XLON,TEP.L,Telecom Plus,UK,equity,ftse250,,2,n/a,2026-09-02
2290,TFIF-XLON,TFIF.L,Twentyfour Income Fund,UK,equity,ftse250,,2,n/a,2026-09-02
2291,THG-XLON,THG.L,THG,UK,equity,ftse250,,2,UNSAFE,2026-09-02
2292,THRL-XLON,THRL.L,Target Healthcare REIT,UK,equity,ftse250,,2,n/a,2026-09-02
2293,TMPL-XLON,TMPL.L,Temple Bar Investment Trust,UK,equity,ftse250,,2,n/a,2026-09-02
2294,TPK-XLON,TPK.L,Travis Perkins,UK,equity,ftse250,,2,n/a,2026-09-02
2295,TRIG-XLON,TRIG.L,The Renewables Infrastructure Group,UK,equity,ftse250,,2,n/a,2026-09-02
2296,TRN-XLON,TRN.L,Trainline,UK,equity,ftse250,,2,UNSAFE,2026-09-02
2297,TRST-XLON,TRST.L,Trustpilot,UK,equity,ftse250,,2,UNSAFE,2026-09-02
2298,TRY-XLON,TRY.L,TR Property Investment Trust,UK,equity,ftse250,,2,n/a,2026-09-02
2299,TW-XLON,TW.L,Taylor Wimpey,UK,equity,ftse250,,2,n/a,2026-09-02
2300,UEM-XLON,UEM.L,Utilico Emerging Markets,UK,equity,ftse250,,2,n/a,2026-09-02
2301,UKW-XLON,UKW.L,Greencoat UK Wind,UK,equity,ftse250,,2,n/a,2026-09-02
2302,USA-XLON,USA.L,Baillie Gifford US Growth Trust,UK,equity,ftse250,,2,n/a,2026-09-02
2303,UTG-XLON,UTG.L,Unite Group,UK,equity,ftse250,,2,n/a,2026-09-02
2304,VCT-XLON,VCT.L,Victrex,UK,equity,ftse250,,2,n/a,2026-09-02
2305,VOF-XLON,VOF.L,VinaCapital Vietnam Opportunity Fund,UK,equity,ftse250,,2,n/a,2026-09-02
2306,VSVS-XLON,VSVS.L,Vesuvius,UK,equity,ftse250,,2,n/a,2026-09-02
2307,VTY-XLON,VTY.L,Vistry Group,UK,equity,ftse250,,2,n/a,2026-09-02
2308,WIX-XLON,WIX.L,Wickes,UK,equity,ftse250,,2,n/a,2026-09-02
2309,WIZZ-XLON,WIZZ.L,Wizz Air,UK,equity,ftse250,,2,n/a,2026-09-02
2310,WKP-XLON,WKP.L,Workspace Group,UK,equity,ftse250,,2,n/a,2026-09-02
2311,WOSG-XLON,WOSG.L,Watches of Switzerland,UK,equity,ftse250,,2,n/a,2026-09-02
2312,WPP-XLON,WPP.L,WPP,UK,equity,ftse250,,2,n/a,2026-09-02
2313,WWH-XLON,WWH.L,Worldwide Healthcare Trust,UK,equity,ftse250,,2,n/a,2026-09-02
2314,XPP-XLON,XPP.L,XP Power,UK,equity,ftse250,,2,n/a,2026-09-02
2315,XPS-XLON,XPS.L,XPS Pensions,UK,equity,ftse250,,2,n/a,2026-09-02
2316,ZIG-XLON,ZIG.L,Zigup,UK,equity,ftse250,,2,n/a,2026-09-02
2317,AA,AA,Alcoa,US,equity,sp400,,2,n/a,2026-09-02
2318,AAL,AAL,American Airlines Group,US,equity,sp400,,2,n/a,2026-09-02
2319,AAMI,AAMI,Acadian Asset Management Inc.,US,equity,sp600,,2,n/a,2026-09-02
2320,AAON,AAON,AAON,US,equity,sp400,,2,n/a,2026-09-02
2321,AAP,AAP,"Advance Auto Parts, Inc.",US,equity,sp600,,2,n/a,2026-09-02
2322,AAT,AAT,American Assets Trust,US,equity,sp600,,2,n/a,2026-09-02
2323,ABCB,ABCB,Ameris Bancorp,US,equity,sp600,,2,n/a,2026-09-02
2324,ABG,ABG,Asbury Automotive Group,US,equity,sp600,,2,n/a,2026-09-02
2325,ABM,ABM,"ABM Industries, Inc.",US,equity,sp600,,2,n/a,2026-09-02
2326,ABR,ABR,Arbor Realty Trust,US,equity,sp600,,2,n/a,2026-09-02
2327,ACA,ACA,"Arcosa, Inc.",US,equity,sp600,,2,n/a,2026-09-02
2328,ACAD,ACAD,Acadia Pharmaceuticals,US,equity,sp600,,2,n/a,2026-09-02
2329,ACHC,ACHC,Acadia Healthcare,US,equity,sp600,,2,n/a,2026-09-02
2330,ACI,ACI,Albertsons,US,equity,sp400,,2,n/a,2026-09-02
2331,ACIW,ACIW,ACI Worldwide,US,equity,sp600,,2,n/a,2026-09-02
2332,ACLS,ACLS,"Axcelis Technologies, Inc.",US,equity,sp600,,2,n/a,2026-09-02
2333,ACM,ACM,AECOM,US,equity,sp400,,2,n/a,2026-09-02
2334,ACMR,ACMR,"ACM Research, Inc.",US,equity,sp600,,2,n/a,2026-09-02
2335,ACT,ACT,"Enact Holdings, Inc.",US,equity,sp600,,2,n/a,2026-09-02
2336,ADAM,ADAM,"Adamas Trust, Inc.",US,equity,sp600,,2,n/a,2026-09-02
2337,ADC,ADC,Agree Realty Corp,US,equity,sp400,,2,n/a,2026-09-02
2338,ADEA,ADEA,"Adeia, Inc.",US,equity,sp600,,2,n/a,2026-09-02
2339,ADIG,ADIG,ADI Global Distribution,US,equity,sp600,,2,n/a,2026-09-02
2340,ADMA,ADMA,"ADMA Biologics, Inc.",US,equity,sp600,,2,n/a,2026-09-02
2341,ADNT,ADNT,Adient,US,equity,sp600,,2,n/a,2026-09-02
2342,ADT,ADT,ADT Inc.,US,equity,sp600,,2,n/a,2026-09-02
2343,ADUS,ADUS,Addus HomeCare,US,equity,sp600,,2,n/a,2026-09-02
2344,AEIS,AEIS,Advanced Energy,US,equity,sp400,,2,n/a,2026-09-02
2345,AEO,AEO,American Eagle Outfitters,US,equity,sp600,,2,n/a,2026-09-02
2346,AESI,AESI,"Atlas Energy Solutions, Inc.",US,equity,sp600,,2,n/a,2026-09-02
2347,AFG,AFG,American Financial Group,US,equity,sp400,,2,n/a,2026-09-02
2348,AGCO,AGCO,AGCO,US,equity,sp400,,2,n/a,2026-09-02
2349,AGNT,AGNT,"eXp World Holdings, Inc.",US,equity,sp600,,2,n/a,2026-09-02
2350,AGO,AGO,Assured Guaranty Ltd.,US,equity,sp600,,2,n/a,2026-09-02
2351,AGX,AGX,"Argan, Inc.",US,equity,sp600,,2,n/a,2026-09-02
2352,AGYS,AGYS,"Agilysys, Inc.",US,equity,sp600,,2,n/a,2026-09-02
2353,AHCO,AHCO,AdaptHealth,US,equity,sp600,,2,n/a,2026-09-02
2354,AHR,AHR,"American Healthcare Reit, Inc.",US,equity,sp400,,2,n/a,2026-09-02
2355,AIN,AIN,Albany International Corp.,US,equity,sp600,,2,n/a,2026-09-02
2356,AIR,AIR,AAR Corp.,US,equity,sp600,,2,n/a,2026-09-02
2357,AIT,AIT,Applied Industrial Technologies,US,equity,sp400,,2,n/a,2026-09-02
2358,AKR,AKR,Acadia Realty Trust,US,equity,sp600,,2,n/a,2026-09-02
2359,ALG,ALG,Alamo Group,US,equity,sp600,,2,n/a,2026-09-02
2360,ALGM,ALGM,"Allegro Microsystems, Inc.",US,equity,sp400,,2,n/a,2026-09-02
2361,ALGT,ALGT,Allegiant Travel Company,US,equity,sp600,,2,n/a,2026-09-02
2362,ALHC,ALHC,"Alignment Healthcare, Inc.",US,equity,sp600,,2,n/a,2026-09-02
2363,ALK,ALK,Alaska Air Group,US,equity,sp400,,2,n/a,2026-09-02
2364,ALKS,ALKS,Alkermes plc,US,equity,sp600,,2,n/a,2026-09-02
2365,ALLY,ALLY,Ally Financial,US,equity,sp400,,2,n/a,2026-09-02
2366,ALRM,ALRM,"Alarm.Com, Inc.",US,equity,sp600,,2,n/a,2026-09-02
2367,ALSN,ALSN,Allison Transmission,US,equity,sp400,,2,n/a,2026-09-02
2368,ALV,ALV,Autoliv,US,equity,sp400,,2,n/a,2026-09-02
2369,AM,AM,Antero Midstream,US,equity,sp400,,2,n/a,2026-09-02
2370,AMG,AMG,Affiliated Managers Group,US,equity,sp400,,2,n/a,2026-09-02
2371,AMH,AMH,American Homes 4 Rent,US,equity,sp400,,2,n/a,2026-09-02
2372,AMKR,AMKR,Amkor Technology,US,equity,sp400,,2,n/a,2026-09-02
2373,AMN,AMN,"Amn Healthcare Services, Inc.",US,equity,sp600,,2,n/a,2026-09-02
2374,AMPH,AMPH,"Amphstar Pharmaceuticals, Inc.",US,equity,sp600,,2,n/a,2026-09-02
2375,AMR,AMR,"Alpha Metallurgical Resources, Inc.",US,equity,sp600,,2,n/a,2026-09-02
2376,AMRX,AMRX,Amneal Pharmaceuticals,US,equity,sp600,,2,n/a,2026-09-04
2377,AMSF,AMSF,"Amerisafe, Inc.",US,equity,sp600,,2,n/a,2026-09-02
2378,AMTM,AMTM,Amentum,US,equity,sp600,,2,n/a,2026-09-02
2379,AN,AN,AutoNation,US,equity,sp400,,2,n/a,2026-09-02
2380,ANDE,ANDE,"The Andersons, Inc.",US,equity,sp600,,2,n/a,2026-09-02
2381,ANF,ANF,Abercrombie & Fitch,US,equity,sp400,,2,n/a,2026-09-02
2382,ANIP,ANIP,"ANI Pharmaceuticals, Inc.",US,equity,sp600,,2,n/a,2026-09-02
2383,AORT,AORT,Artivion,US,equity,sp600,,2,n/a,2026-09-02
2384,AOSL,AOSL,"Alpha and Omega Semiconductor, Ltd.",US,equity,sp600,,2,n/a,2026-09-02
2385,APAM,APAM,"Artisan Partners Asset Management, Inc.",US,equity,sp600,,2,n/a,2026-09-02
2386,APG,APG,Api Group Corp,US,equity,sp400,,2,n/a,2026-09-02
2387,APLE,APLE,"Apple Hospitality REIT, Inc.",US,equity,sp600,,2,n/a,2026-09-02
2388,APOG,APOG,"Apogee Enterprises, Inc.",US,equity,sp600,,2,n/a,2026-09-02
2389,APPF,APPF,AppFolio,US,equity,sp400,,2,n/a,2026-09-02
2390,AR,AR,Antero Resources,US,equity,sp400,,2,n/a,2026-09-02
2391,ARCB,ARCB,ArcBest Corp.,US,equity,sp600,,2,n/a,2026-09-02
2392,ARLO,ARLO,Arlo Technologies,US,equity,sp600,,2,n/a,2026-09-02
2393,ARMK,ARMK,Aramark,US,equity,sp400,,2,n/a,2026-09-02
2394,AROC,AROC,"Archrock, Inc.",US,equity,sp600,,2,n/a,2026-09-02
2395,ARR,ARR,Armour Residential REIT,US,equity,sp600,,2,n/a,2026-09-02
2396,ARW,ARW,Arrow Electronics,US,equity,sp400,,2,n/a,2026-09-02
2397,ARWR,ARWR,Arrowhead Pharmaceuticals,US,equity,sp400,,2,n/a,2026-09-02
2398,ASB,ASB,Associated Bank,US,equity,sp400,,2,n/a,2026-09-02
2399,ASH,ASH,Ashland Global,US,equity,sp400,,2,n/a,2026-09-02
2400,ASO,ASO,Academy Sports + Outdoors,US,equity,sp600,,2,n/a,2026-09-02
2401,ASTE,ASTE,"Astec Industries, Inc.",US,equity,sp600,,2,n/a,2026-09-02
2402,ASTH,ASTH,"Astrana Health, Inc.",US,equity,sp600,,2,n/a,2026-09-02
2403,ATEN,ATEN,"A10 Networks, Inc.",US,equity,sp600,,2,n/a,2026-09-02
2404,ATI,ATI,ATI Inc.,US,equity,sp400,,2,n/a,2026-09-02
2405,ATMU,ATMU,Atmus Filtration Technologies Inc.,US,equity,sp600,,2,n/a,2026-09-02
2406,ATR,ATR,AptarGroup,US,equity,sp400,,2,n/a,2026-09-02
2407,AUB,AUB,"Atlantic Union Bankshares, Corp.",US,equity,sp600,,2,n/a,2026-09-02
2408,AVA,AVA,Avista Corporation,US,equity,sp600,,2,n/a,2026-09-02
2409,AVAV,AVAV,AeroVironment,US,equity,sp400,,2,n/a,2026-09-02
2410,AVNT,AVNT,Avient,US,equity,sp400,,2,n/a,2026-09-02
2411,AVT,AVT,Avnet,US,equity,sp400,,2,n/a,2026-09-02
2412,AVTR,AVTR,Avantor,US,equity,sp400,,2,n/a,2026-09-02
2413,AWI,AWI,"Armstrong World Industries, Inc.",US,equity,sp600,,2,n/a,2026-09-02
2414,AWR,AWR,American States Water Company,US,equity,sp600,,2,n/a,2026-09-02
2415,AX,AX,"Axos Financial, Inc.",US,equity,sp600,,2,n/a,2026-09-02
2416,AXTA,AXTA,Axalta,US,equity,sp400,,2,n/a,2026-09-02
2417,AYI,AYI,Acuity Brands,US,equity,sp400,,2,n/a,2026-09-02
2418,AZTA,AZTA,"Azenta, Inc.",US,equity,sp600,,2,n/a,2026-09-02
2419,AZZ,AZZ,"AZZ, Inc.",US,equity,sp600,,2,n/a,2026-09-02
2420,BAH,BAH,Booz Allen Hamilton,US,equity,sp400,,2,n/a,2026-09-02
2421,BANC,BANC,"Banc Of California, Inc.",US,equity,sp600,,2,n/a,2026-09-02
2422,BANF,BANF,Bancfirst Corp,US,equity,sp600,,2,n/a,2026-09-02
2423,BANR,BANR,Banner Corporation,US,equity,sp600,,2,n/a,2026-09-02
2424,BBT,BBT,Beacon Financial Corp.,US,equity,sp600,,2,n/a,2026-09-02
2425,BBWI,BBWI,"Bath & Body Works, Inc.",US,equity,sp400,,2,n/a,2026-09-02
2426,BC,BC,Brunswick,US,equity,sp400,,2,n/a,2026-09-02
2427,BCC,BCC,Boise Cascade,US,equity,sp600,,2,n/a,2026-09-02
2428,BCO,BCO,Brink's,US,equity,sp400,,2,n/a,2026-09-02
2429,BCPC,BCPC,Balchem Corporation,US,equity,sp600,,2,n/a,2026-09-02
2430,BDC,BDC,Belden Inc.,US,equity,sp400,,2,n/a,2026-09-02
2431,BFAM,BFAM,Bright Horizons Family Solutions Inc.,US,equity,sp600,,2,n/a,2026-09-02
2432,BFH,BFH,"Bread Financial Holdings, Inc.",US,equity,sp600,,2,n/a,2026-09-02
2433,BFS,BFS,"Saul Centers, Inc.",US,equity,sp600,,2,n/a,2026-09-02
2434,BGC,BGC,"BGC Group, Inc.",US,equity,sp600,,2,n/a,2026-09-02
2435,BHE,BHE,"Benchmark Electronics, Inc.",US,equity,sp600,,2,n/a,2026-09-02
2436,BHF,BHF,Brighthouse Financial,US,equity,sp400,,2,n/a,2026-09-02
2437,BILL,BILL,Bill Holdings,US,equity,sp400,,2,n/a,2026-09-02
2438,BIO,BIO,Bio-Rad Laboratories,US,equity,sp400,,2,n/a,2026-09-02
2439,BJ,BJ,BJ's Wholesale Club,US,equity,sp400,,2,n/a,2026-09-02
2440,BJRI,BJRI,"BJ's Restaurants, Inc.",US,equity,sp600,,2,n/a,2026-09-02
2441,BKE,BKE,"The Buckle, Inc.",US,equity,sp600,,2,n/a,2026-09-02
2442,BKH,BKH,Black Hills Corporation,US,equity,sp400,,2,n/a,2026-09-02
2443,BKU,BKU,"BankUnited, Inc.",US,equity,sp600,,2,n/a,2026-09-02
2444,BL,BL,"BlackLine Systems, Inc.",US,equity,sp600,,2,n/a,2026-09-02
2445,BLFS,BLFS,"BioLife Solutions, Inc.",US,equity,sp600,,2,n/a,2026-09-02
2446,BLKB,BLKB,Blackbaud,US,equity,sp600,,2,n/a,2026-09-02
2447,BMI,BMI,"Badger Meter, Inc.",US,equity,sp600,,2,n/a,2026-09-02
2448,BMRN,BMRN,BioMarin Pharmaceutical,US,equity,sp400,,2,n/a,2026-09-02
2449,BNL,BNL,"Broadstone Net Lease, Inc.",US,equity,sp600,,2,n/a,2026-09-02
2450,BOH,BOH,Bank of Hawaii,US,equity,sp600,,2,n/a,2026-09-02
2451,BOOT,BOOT,"Boot Barn Holdings, Inc.",US,equity,sp600,,2,n/a,2026-09-02
2452,BOX,BOX,"Box, Inc.",US,equity,sp600,,2,n/a,2026-09-02
2453,BRC,BRC,Brady Corporation,US,equity,sp600,,2,n/a,2026-09-02
2454,BRKR,BRKR,Bruker,US,equity,sp400,,2,n/a,2026-09-02
2455,BROS,BROS,Dutch Bros Inc.,US,equity,sp400,,2,n/a,2026-09-02
2456,BRX,BRX,Brixmor Property Group,US,equity,sp400,,2,n/a,2026-09-02
2457,BSY,BSY,Bentley Systems,US,equity,sp400,,2,n/a,2026-09-02
2458,BTSG,BTSG,"Brightspring Health Services, Inc.",US,equity,sp400,,2,n/a,2026-09-02
2459,BTU,BTU,"Peabody Energy, Inc.",US,equity,sp600,,2,n/a,2026-09-02
2460,BURL,BURL,Burlington Stores,US,equity,sp400,,2,n/a,2026-09-02
2461,BWA,BWA,BorgWarner,US,equity,sp400,,2,n/a,2026-09-02
2462,BWXT,BWXT,BWX Technologies,US,equity,sp400,,2,n/a,2026-09-02
2463,BXMT,BXMT,"Blackstone Mortgage Trust, Inc.",US,equity,sp600,,2,n/a,2026-09-02
2464,BYD,BYD,Boyd Gaming,US,equity,sp400,,2,n/a,2026-09-02
2465,CACC,CACC,Credit Acceptance,US,equity,sp600,,2,n/a,2026-09-02
2466,CACI,CACI,CACI International,US,equity,sp400,,2,n/a,2026-09-02
2467,CAG,CAG,Conagra Brands,US,equity,sp600,,2,n/a,2026-09-02
2468,CAKE,CAKE,"The Cheesecake Factory, Inc.",US,equity,sp600,,2,n/a,2026-09-02
2469,CALM,CALM,"Cal-Maine Foods, Inc.",US,equity,sp600,,2,n/a,2026-09-02
2470,CALX,CALX,Calix,US,equity,sp600,,2,n/a,2026-09-02
2471,CALY,CALY,Callaway Golf Company,US,equity,sp600,,2,n/a,2026-09-02
2472,CAR,CAR,Avis Budget Group,US,equity,sp400,,2,n/a,2026-09-02
2473,CARG,CARG,CarGurus,US,equity,sp600,,2,n/a,2026-09-02
2474,CART,CART,Maplebear Inc.,US,equity,sp400,,2,n/a,2026-09-02
2475,CASH,CASH,"Pathward Financial, Inc.",US,equity,sp600,,2,n/a,2026-09-02
2476,CATY,CATY,Cathay General Bancorp,US,equity,sp600,,2,n/a,2026-09-02
2477,CAVA,CAVA,Cava Group,US,equity,sp400,,2,n/a,2026-09-02
2478,CBRL,CBRL,Cracker Barrel,US,equity,sp600,,2,n/a,2026-09-02
2479,CBSH,CBSH,Commerce Bancshares,US,equity,sp400,,2,n/a,2026-09-02
2480,CBT,CBT,Cabot Corp,US,equity,sp400,,2,n/a,2026-09-02
2481,CBU,CBU,"Community Bank System, Inc.",US,equity,sp600,,2,n/a,2026-09-02
2482,CC,CC,Chemours,US,equity,sp600,,2,n/a,2026-09-02
2483,CCK,CCK,Crown Holdings,US,equity,sp400,,2,n/a,2026-09-02
2484,CCOI,CCOI,"Cogent Communications Holdings, Inc.",US,equity,sp600,,2,n/a,2026-09-02
2485,CCS,CCS,"Century Communities, Inc.",US,equity,sp600,,2,n/a,2026-09-02
2486,CDE,CDE,Coeur Mining,US,equity,sp400,,2,n/a,2026-09-02
2487,CDP,CDP,COPT Defense Properties,US,equity,sp400,,2,n/a,2026-09-02
2488,CE,CE,Celanese,US,equity,sp600,,2,n/a,2026-09-02
2489,CELH,CELH,Celsius Holdings,US,equity,sp400,,2,n/a,2026-09-02
2490,CENT,CENT,Central Garden & Pet Company,US,equity,sp600,,2,n/a,2026-09-02
2491,CENTA,CENTA,Central Garden & Pet Company (Class A),US,equity,sp600,,2,n/a,2026-09-02
2492,CENX,CENX,Century Aluminum Company,US,equity,sp600,,2,n/a,2026-09-02
2493,CERT,CERT,"Certara, Inc.",US,equity,sp600,,2,n/a,2026-09-02
2494,CFFN,CFFN,Capitol Federal Savings Bank,US,equity,sp600,,2,n/a,2026-09-02
2495,CFR,CFR,Frost Bank,US,equity,sp400,,2,n/a,2026-09-02
2496,CG,CG,Carlyle Group (The),US,equity,sp400,,2,n/a,2026-09-02
2497,CGNX,CGNX,Cognex,US,equity,sp400,,2,n/a,2026-09-02
2498,CHCO,CHCO,City Holding Company,US,equity,sp600,,2,n/a,2026-09-02
2499,CHDN,CHDN,Churchill Downs Inc.,US,equity,sp400,,2,n/a,2026-09-02
2500,CHE,CHE,Chemed Corp,US,equity,sp400,,2,n/a,2026-09-02
2501,CHEF,CHEF,"Chefs' Warehouse, Inc.",US,equity,sp600,,2,n/a,2026-09-02
2502,CHH,CHH,Choice Hotels,US,equity,sp400,,2,n/a,2026-09-02
2503,CHRD,CHRD,Chord Energy,US,equity,sp400,,2,n/a,2026-09-04
2504,CHWY,CHWY,Chewy,US,equity,sp400,,2,n/a,2026-09-02
2505,CLF,CLF,Cleveland-Cliffs,US,equity,sp400,,2,n/a,2026-09-02
2506,CLH,CLH,Clean Harbors,US,equity,sp400,,2,n/a,2026-09-02
2507,CLSK,CLSK,"CleanSpark, Inc.",US,equity,sp600,,2,n/a,2026-09-02
2508,CMC,CMC,Commercial Metals,US,equity,sp400,,2,n/a,2026-09-04
2509,CNH,CNH,CNH Industrial,US,equity,sp400,,2,n/a,2026-09-02
2510,CNK,CNK,"Cinemark Holdings, Inc.",US,equity,sp600,,2,n/a,2026-09-02
2511,CNM,CNM,Core & Main,US,equity,sp400,,2,n/a,2026-09-02
2512,CNMD,CNMD,CONMED Corporation,US,equity,sp600,,2,n/a,2026-09-02
2513,CNO,CNO,CNO Financial Group,US,equity,sp400,,2,n/a,2026-09-02
2514,CNR,CNR,"Core Natural Resources, Inc.",US,equity,sp600,,2,n/a,2026-09-02
2515,CNS,CNS,"Cohen & Steers, Inc.",US,equity,sp600,,2,n/a,2026-09-02
2516,CNX,CNX,CNX Resources,US,equity,sp400,,2,n/a,2026-09-02
2517,CNXC,CNXC,Concentrix,US,equity,sp600,,2,n/a,2026-09-02
2518,CNXN,CNXN,"PC Connection, Inc.",US,equity,sp600,,2,n/a,2026-09-02
2519,COCO,COCO,The Vita Coco Company,US,equity,sp600,,2,n/a,2026-09-02
2520,COHU,COHU,"Cohu, Inc.",US,equity,sp600,,2,n/a,2026-09-02
2521,COKE,COKE,Coca-Cola Consolidated,US,equity,sp400,,2,n/a,2026-09-02
2522,COLB,COLB,"Columbia Banking System, Inc.",US,equity,sp400,,2,n/a,2026-09-02
2523,COLL,COLL,"Collegium Pharmaceutical, Inc.",US,equity,sp600,,2,n/a,2026-09-02
2524,COLM,COLM,Columbia Sportswear,US,equity,sp400,,2,n/a,2026-09-02
2525,CON,CON,"Concentra Group Holdings Parent, Inc.",US,equity,sp600,,2,n/a,2026-09-02
2526,CORT,CORT,Corcept Therapeutics Incorporated,US,equity,sp600,,2,n/a,2026-09-02
2527,COTY,COTY,Coty,US,equity,sp600,,2,n/a,2026-09-02
2528,CPB,CPB,The Campbell's Company,US,equity,sp600,,2,n/a,2026-09-02
2529,CPF,CPF,Central Pacific Financial Corp.,US,equity,sp600,,2,n/a,2026-09-02
2530,CPK,CPK,Chesapeake Utilities Corp.,US,equity,sp600,,2,n/a,2026-09-02
2531,CPRI,CPRI,Capri Holdings,US,equity,sp400,,2,n/a,2026-09-02
2532,CR,CR,Crane,US,equity,sp400,,2,n/a,2026-09-02
2533,CRBG,CRBG,Corebridge Financial,US,equity,sp400,,2,n/a,2026-09-02
2534,CRC,CRC,California Resources Corporation,US,equity,sp600,,2,n/a,2026-09-02
2535,CRGY,CRGY,Crescent Energy Company,US,equity,sp600,,2,n/a,2026-09-02
2536,CRI,CRI,"Carter's, Inc.",US,equity,sp600,,2,n/a,2026-09-02
2537,CRK,CRK,"Comstock Resources, Inc.",US,equity,sp600,,2,n/a,2026-09-02
2538,CROX,CROX,Crocs,US,equity,sp400,,2,n/a,2026-09-02
2539,CRS,CRS,Carpenter Technology,US,equity,sp400,,2,n/a,2026-09-02
2540,CRSR,CRSR,Corsair Gaming,US,equity,sp600,,2,n/a,2026-09-02
2541,CRUS,CRUS,Cirrus Logic,US,equity,sp400,,2,n/a,2026-09-02
2542,CRVL,CRVL,CorVel Corporation,US,equity,sp600,,2,n/a,2026-09-02
2543,CSL,CSL,Carlisle Companies,US,equity,sp400,,2,n/a,2026-09-02
2544,CSR,CSR,Centerspace Trust,US,equity,sp600,,2,n/a,2026-09-02
2545,CSW,CSW,"CSW Industrials, Inc.",US,equity,sp600,,2,n/a,2026-09-02
2546,CTRE,CTRE,"Caretrust Reit, Inc.",US,equity,sp400,,2,n/a,2026-09-02
2547,CTS,CTS,CTS Corporation,US,equity,sp600,,2,n/a,2026-09-02
2548,CUBE,CUBE,CubeSmart,US,equity,sp400,,2,n/a,2026-09-02
2549,CUBI,CUBI,"Customers Bancorp, Inc.",US,equity,sp600,,2,n/a,2026-09-02
2550,CURB,CURB,Curbline Properties Corp.,US,equity,sp600,,2,n/a,2026-09-02
2551,CUZ,CUZ,Cousins Properties,US,equity,sp400,,2,n/a,2026-09-02
2552,CVBF,CVBF,CVB Financial Corp.,US,equity,sp600,,2,n/a,2026-09-02
2553,CVCO,CVCO,"Cavco Industries, Inc.",US,equity,sp600,,2,n/a,2026-09-02
2554,CVI,CVI,"CVR Energy, Inc.",US,equity,sp600,,2,n/a,2026-09-02
2555,CVLT,CVLT,CommVault Systems,US,equity,sp400,,2,n/a,2026-09-02
2556,CVSA,CVSA,Covista Inc.,US,equity,sp600,,2,n/a,2026-09-02
2557,CW,CW,Curtiss-Wright,US,equity,sp400,,2,n/a,2026-09-02
2558,CWEN,CWEN,"Clearway Energy, Inc. (Class C)",US,equity,sp600,,2,n/a,2026-09-02
2559,CWEN-A,CWEN-A,"Clearway Energy, Inc. (Class A)",US,equity,sp600,,2,safe,2026-09-02
2560,CWK,CWK,Cushman & Wakefield plc,US,equity,sp600,,2,n/a,2026-09-02
2561,CWST,CWST,"Casella Waste Systems, Inc.",US,equity,sp600,,2,n/a,2026-09-02
2562,CWT,CWT,California Water Service Group,US,equity,sp600,,2,n/a,2026-09-02
2563,CXM,CXM,"Sprinklr, Inc.",US,equity,sp600,,2,n/a,2026-09-02
2564,CXT,CXT,Crane NXT,US,equity,sp400,,2,n/a,2026-09-02
2565,CXW,CXW,CoreCivic,US,equity,sp600,,2,n/a,2026-09-02
2566,CYTK,CYTK,Cytokinetics,US,equity,sp400,,2,n/a,2026-09-02
2567,CZR,CZR,Caesars Entertainment,US,equity,sp600,,2,n/a,2026-09-02
2568,DAN,DAN,Dana Incorporated,US,equity,sp600,,2,n/a,2026-09-02
2569,DAR,DAR,Darling Ingredients Inc.,US,equity,sp400,,2,n/a,2026-09-02
2570,DAVE,DAVE,"Dave, Inc.",US,equity,sp600,,2,n/a,2026-09-02
2571,DBD,DBD,Diebold Nixdorf,US,equity,sp600,,2,n/a,2026-09-02
2572,DBX,DBX,Dropbox,US,equity,sp400,,2,n/a,2026-09-02
2573,DCH,DCH,Dauch Corporation,US,equity,sp600,,2,n/a,2026-09-02
2574,DCI,DCI,Donaldson Company,US,equity,sp400,,2,n/a,2026-09-02
2575,DCOM,DCOM,"Dime Community Bancshares, Inc.",US,equity,sp600,,2,n/a,2026-09-02
2576,DEA,DEA,"Easterly Government Properties, Inc.",US,equity,sp600,,2,n/a,2026-09-02
2577,DEI,DEI,Douglas Emmett,US,equity,sp600,,2,n/a,2026-09-02
2578,DFH,DFH,"Dream Finders Homes, Inc.",US,equity,sp600,,2,n/a,2026-09-02
2579,DFIN,DFIN,"Donnelley Financial Solutions, Inc.",US,equity,sp600,,2,n/a,2026-09-02
2580,DGII,DGII,Digi International Inc.,US,equity,sp600,,2,n/a,2026-09-02
2581,DINO,DINO,HF Sinclair,US,equity,sp400,,2,n/a,2026-09-02
2582,DIOD,DIOD,Diodes Incorporated,US,equity,sp600,,2,n/a,2026-09-02
2583,DKS,DKS,Dick's Sporting Goods,US,equity,sp400,,2,n/a,2026-09-02
2584,DLB,DLB,Dolby,US,equity,sp400,,2,n/a,2026-09-02
2585,DLX,DLX,Deluxe Corporation,US,equity,sp600,,2,n/a,2026-09-02
2586,DMC,DMC,Del Monte Corporation,US,equity,sp600,,2,n/a,2026-09-02
2587,DNOW,DNOW,NOW Inc,US,equity,sp600,,2,n/a,2026-09-02
2588,DOCN,DOCN,DigitalOcean,US,equity,sp400,,2,n/a,2026-09-02
2589,DOCS,DOCS,Doximity,US,equity,sp400,,2,n/a,2026-09-02
2590,DOCU,DOCU,Docusign,US,equity,sp400,,2,n/a,2026-09-02
2591,DORM,DORM,"Dorman Products, Inc.",US,equity,sp600,,2,n/a,2026-09-02
2592,DRH,DRH,DiamondRock Hospitality Company,US,equity,sp600,,2,n/a,2026-09-02
2593,DT,DT,Dynatrace,US,equity,sp400,,2,n/a,2026-09-02
2594,DTM,DTM,"Dt Midstream, Inc.",US,equity,sp400,,2,n/a,2026-09-02
2595,DUOL,DUOL,Duolingo,US,equity,sp400,,2,n/a,2026-09-02
2596,DV,DV,DoubleVerify Holdings Inc.,US,equity,sp600,,2,n/a,2026-09-02
2597,DXC,DXC,DXC Technology,US,equity,sp600,,2,n/a,2026-09-02
2598,DXPE,DXPE,"DXP Enterprises, Inc.",US,equity,sp600,,2,n/a,2026-09-02
2599,DY,DY,Dycom Industries Inc,US,equity,sp400,,2,n/a,2026-09-02
2600,EAT,EAT,"Brinker International, Inc.",US,equity,sp600,,2,n/a,2026-09-02
2601,EBC,EBC,"Eastern Bankshares, Inc.",US,equity,sp600,,2,n/a,2026-09-02
2602,ECG,ECG,"Everus Construction Group, Inc.",US,equity,sp600,,2,n/a,2026-09-02
2603,ECPG,ECPG,"Encore Capital Group, Inc.",US,equity,sp600,,2,n/a,2026-09-02
2604,EEFT,EEFT,Euronet Worldwide,US,equity,sp400,,2,n/a,2026-09-02
2605,EFC,EFC,"Ellington Financial, Inc.",US,equity,sp600,,2,n/a,2026-09-02
2606,EFOR,EFOR,Everforth Inc.,US,equity,sp600,,2,n/a,2026-09-02
2607,EGBN,EGBN,Eagle Bancorp Inc,US,equity,sp600,,2,n/a,2026-09-02
2608,EGP,EGP,Eastgroup Properties Inc,US,equity,sp400,,2,n/a,2026-09-02
2609,EHC,EHC,Encompass Health,US,equity,sp400,,2,n/a,2026-09-02
2610,EIG,EIG,"Employers Holdings, Inc.",US,equity,sp600,,2,n/a,2026-09-02
2611,ELAN,ELAN,Elanco,US,equity,sp400,,2,n/a,2026-09-02
2612,ELF,ELF,e.l.f. Beauty,US,equity,sp400,,2,n/a,2026-09-02
2613,ELS,ELS,Equity Lifestyle Properties Inc,US,equity,sp400,,2,n/a,2026-09-02
2614,EMN,EMN,Eastman Chemical Company,US,equity,sp600,,2,n/a,2026-09-02
2615,ENOV,ENOV,Enovis,US,equity,sp600,,2,n/a,2026-09-02
2616,ENPH,ENPH,Enphase Energy,US,equity,sp600,,2,n/a,2026-09-02
2617,ENR,ENR,Energizer,US,equity,sp600,,2,n/a,2026-09-02
2618,ENS,ENS,EnerSys,US,equity,sp400,,2,n/a,2026-09-02
2619,ENSG,ENSG,"Ensign Group, Inc",US,equity,sp400,,2,n/a,2026-09-02
2620,ENTG,ENTG,Entegris,US,equity,sp400,,2,n/a,2026-09-02
2621,ENVA,ENVA,"Enova International, Inc.",US,equity,sp600,,2,n/a,2026-09-02
2622,EPAC,EPAC,Enerpac Tool Group,US,equity,sp600,,2,n/a,2026-09-02
2623,EPAM,EPAM,EPAM Systems,US,equity,sp600,,2,n/a,2026-09-02
2624,EPC,EPC,Edgewell Personal Care,US,equity,sp600,,2,n/a,2026-09-02
2625,EPR,EPR,EPR Properties,US,equity,sp400,,2,n/a,2026-09-02
2626,EPRT,EPRT,"Essential Properties Realty Trust, Inc.",US,equity,sp600,,2,n/a,2026-09-02
2627,EQH,EQH,Equitable Holdings,US,equity,sp400,,2,n/a,2026-09-02
2628,ESAB,ESAB,ESAB,US,equity,sp400,,2,n/a,2026-09-02
2629,ESE,ESE,ESCO Technologies Inc.,US,equity,sp600,,2,n/a,2026-09-02
2630,ESI,ESI,Element Solutions,US,equity,sp600,,2,n/a,2026-09-02
2631,ESNT,ESNT,Essent Group Ltd.,US,equity,sp400,,2,n/a,2026-09-02
2632,ETSY,ETSY,Etsy,US,equity,sp600,,2,n/a,2026-09-02
2633,EVR,EVR,Evercore,US,equity,sp400,,2,n/a,2026-09-02
2634,EVTC,EVTC,"EVERTEC, Inc.",US,equity,sp600,,2,n/a,2026-09-02
2635,EWBC,EWBC,East West Bancorp,US,equity,sp400,,2,n/a,2026-09-02
2636,EXEL,EXEL,Exelixis,US,equity,sp400,,2,n/a,2026-09-02
2637,EXLS,EXLS,EXL Service,US,equity,sp400,,2,n/a,2026-09-02
2638,EXP,EXP,Eagle Materials,US,equity,sp400,,2,n/a,2026-09-02
2639,EXPO,EXPO,"Exponent, Inc.",US,equity,sp400,,2,n/a,2026-09-02
2640,EXTR,EXTR,"Extreme Networks, Inc.",US,equity,sp600,,2,n/a,2026-09-02
2641,EYE,EYE,National Vision Holdings,US,equity,sp600,,2,n/a,2026-09-02
2642,EZPW,EZPW,"EZCORP, Inc.",US,equity,sp600,,2,n/a,2026-09-02
2643,FA,FA,First Advantage Corporation,US,equity,sp600,,2,n/a,2026-09-02
2644,FAF,FAF,First American Financial Corporation,US,equity,sp400,,2,n/a,2026-09-02
2645,FBIN,FBIN,Fortune Brands Innovations,US,equity,sp400,,2,n/a,2026-09-02
2646,FBK,FBK,FB Financial Corp.,US,equity,sp600,,2,n/a,2026-09-02
2647,FBNC,FBNC,First Bancorp (Southern Pines NC),US,equity,sp600,,2,n/a,2026-09-02
2648,FBP,FBP,First BanCorp (Puerto Rico),US,equity,sp600,,2,n/a,2026-09-02
2649,FBRT,FBRT,"Franklin BSP Realty Trust, Inc.",US,equity,sp600,,2,n/a,2026-09-02
2650,FCF,FCF,"First Commonwealth Financial, Corp.",US,equity,sp600,,2,n/a,2026-09-02
2651,FCFS,FCFS,FirstCash,US,equity,sp400,,2,n/a,2026-09-02
2652,FCN,FCN,FTI Consulting,US,equity,sp400,,2,n/a,2026-09-02
2653,FCPT,FCPT,"Four Corners Property Trust, Inc.",US,equity,sp600,,2,n/a,2026-09-02
2654,FELE,FELE,Franklin Electric,US,equity,sp600,,2,n/a,2026-09-02
2655,FFBC,FFBC,First Financial Bancorp,US,equity,sp600,,2,n/a,2026-09-02
2656,FFIN,FFIN,First Financial Bankshares Inc,US,equity,sp400,,2,n/a,2026-09-02
2657,FG,FG,"F&G Annuities & Life, Inc.",US,equity,sp600,,2,n/a,2026-09-02
2658,FHB,FHB,"First Hawaiian, Inc.",US,equity,sp600,,2,n/a,2026-09-02
2659,FHI,FHI,Federated Hermes,US,equity,sp400,,2,n/a,2026-09-02
2660,FHN,FHN,First Horizon,US,equity,sp400,,2,n/a,2026-09-02
2661,FIBK,FIBK,"First Interstate BancSystem, Inc.",US,equity,sp600,,2,n/a,2026-09-02
2662,FIVE,FIVE,Five Below,US,equity,sp400,,2,n/a,2026-09-02
2663,FIVN,FIVN,"Five9, Inc.",US,equity,sp600,,2,n/a,2026-09-02
2664,FIZZ,FIZZ,National Beverage Corp.,US,equity,sp600,,2,n/a,2026-09-02
2665,FLG,FLG,Flagstar Bank,US,equity,sp400,,2,n/a,2026-09-02
2666,FLO,FLO,Flowers Foods,US,equity,sp600,,2,n/a,2026-09-02
2667,FLR,FLR,Fluor,US,equity,sp400,,2,n/a,2026-09-02
2668,FLS,FLS,Flowserve,US,equity,sp400,,2,n/a,2026-09-02
2669,FMC,FMC,FMC Corporation,US,equity,sp600,,2,n/a,2026-09-02
2670,FN,FN,Fabrinet,US,equity,sp400,,2,n/a,2026-09-02
2671,FNB,FNB,FNB Corporation,US,equity,sp400,,2,n/a,2026-09-02
2672,FND,FND,Floor & Decor,US,equity,sp400,,2,n/a,2026-09-02
2673,FNF,FNF,Fidelity National Financial,US,equity,sp400,,2,n/a,2026-09-02
2674,FORM,FORM,"FormFactor, Inc.",US,equity,sp600,,2,n/a,2026-09-02
2675,FOUR,FOUR,Shift4,US,equity,sp400,,2,n/a,2026-09-02
2676,FOXF,FOXF,Fox Factory,US,equity,sp600,,2,n/a,2026-09-02
2677,FR,FR,First Industrial Realty Trust Inc,US,equity,sp400,,2,n/a,2026-09-02
2678,FRPT,FRPT,Freshpet,US,equity,sp600,,2,n/a,2026-09-02
2679,FSS,FSS,Federal Signal Corporation,US,equity,sp600,,2,n/a,2026-09-02
2680,FTDR,FTDR,"Frontdoor, Inc.",US,equity,sp600,,2,n/a,2026-09-02
2681,FTI,FTI,TechnipFMC,US,equity,sp400,,2,n/a,2026-09-02
2682,FTRE,FTRE,Fortrea,US,equity,sp600,,2,n/a,2026-09-02
2683,FUL,FUL,H.B. Fuller Company,US,equity,sp600,,2,n/a,2026-09-02
2684,FULT,FULT,Fulton Financial Corporation,US,equity,sp600,,2,n/a,2026-09-02
2685,FUN,FUN,Six Flags,US,equity,sp600,,2,n/a,2026-09-02
2686,G,G,Genpact,US,equity,sp400,,2,n/a,2026-09-02
2687,GAP,GAP,Gap Inc.,US,equity,sp400,,2,n/a,2026-09-04
2688,GATX,GATX,GATX,US,equity,sp400,,2,n/a,2026-09-02
2689,GBCI,GBCI,Glacier Bancorp,US,equity,sp400,,2,n/a,2026-09-02
2690,GBX,GBX,"The Greenbrier Companies, Inc.",US,equity,sp600,,2,n/a,2026-09-02
2691,GEF,GEF,"Greif, Inc.",US,equity,sp400,,2,n/a,2026-09-02
2692,GEO,GEO,"GEO Group, Inc.",US,equity,sp600,,2,n/a,2026-09-02
2693,GFF,GFF,Griffon Corporation,US,equity,sp600,,2,n/a,2026-09-02
2694,GGG,GGG,Graco Inc.,US,equity,sp400,,2,n/a,2026-09-02
2695,GHC,GHC,Graham Holdings,US,equity,sp400,,2,n/a,2026-09-02
2696,GIII,GIII,"G-III Apparel Group, Ltd.",US,equity,sp600,,2,n/a,2026-09-02
2697,GKOS,GKOS,Glaukos Corp.,US,equity,sp600,,2,n/a,2026-09-02
2698,GLPI,GLPI,Gaming and Leisure Properties,US,equity,sp400,,2,n/a,2026-09-02
2699,GME,GME,GameStop,US,equity,sp400,,2,n/a,2026-09-02
2700,GMED,GMED,Globus Medical,US,equity,sp400,,2,n/a,2026-09-02
2701,GNL,GNL,"Global Net Lease, Inc.",US,equity,sp600,,2,n/a,2026-09-02
2702,GNTX,GNTX,Gentex,US,equity,sp400,,2,n/a,2026-09-02
2703,GNW,GNW,"Genworth Financial, Inc.",US,equity,sp600,,2,n/a,2026-09-02
2704,GO,GO,Grocery Outlet,US,equity,sp600,,2,n/a,2026-09-02
2705,GOLF,GOLF,Acushnet Company,US,equity,sp600,,2,n/a,2026-09-02
2706,GPI,GPI,"Group 1 Automotive, Inc.",US,equity,sp600,,2,n/a,2026-09-02
2707,GPK,GPK,Graphic Packaging,US,equity,sp400,,2,n/a,2026-09-02
2708,GPOR,GPOR,Gulfport Energy Corporation,US,equity,sp600,,2,n/a,2026-09-02
2709,GRBK,GRBK,"Green Brick Partners, Inc.",US,equity,sp600,,2,n/a,2026-09-02
2710,GSHD,GSHD,"Goosehead Insurance, Inc.",US,equity,sp600,,2,n/a,2026-09-02
2711,GT,GT,Goodyear Tire and Rubber Company,US,equity,sp600,,2,n/a,2026-09-02
2712,GTES,GTES,Gates Corporation,US,equity,sp600,,2,n/a,2026-09-04
2713,GTM,GTM,ZoomInfo,US,equity,sp600,,2,n/a,2026-09-02
2714,GTY,GTY,Getty Realty Corp.,US,equity,sp600,,2,n/a,2026-09-02
2715,GVA,GVA,"Granite Construction, Inc.",US,equity,sp600,,2,n/a,2026-09-02
2716,GWRE,GWRE,Guidewire Software,US,equity,sp400,,2,n/a,2026-09-02
2717,GXO,GXO,GXO Logistics,US,equity,sp400,,2,n/a,2026-09-02
2718,H,H,Hyatt,US,equity,sp400,,2,n/a,2026-09-02
2719,HAE,HAE,Haemonetics,US,equity,sp400,,2,n/a,2026-09-02
2720,HAFC,HAFC,Hanmi Financial Corporation,US,equity,sp600,,2,n/a,2026-09-02
2721,HALO,HALO,Halozyme,US,equity,sp400,,2,n/a,2026-09-02
2722,HASI,HASI,"Hannon Armstrong Sustainable Infrastructure Capital, Inc.",US,equity,sp600,,2,n/a,2026-09-02
2723,HAYW,HAYW,"Hayward Holdings, Inc.",US,equity,sp600,,2,n/a,2026-09-02
2724,HCC,HCC,"Warrior Met Coal, Inc.",US,equity,sp600,,2,n/a,2026-09-02
2725,HCI,HCI,"HCI Group, Inc.",US,equity,sp600,,2,n/a,2026-09-02
2726,HCSG,HCSG,"Healthcare Services Group, Inc.",US,equity,sp600,,2,n/a,2026-09-02
2727,HE,HE,"Hawaiian Electric Industries, Inc.",US,equity,sp600,,2,n/a,2026-09-02
2728,HFWA,HFWA,Heritage Financial Corporation,US,equity,sp600,,2,n/a,2026-09-02
2729,HGV,HGV,Hilton Grand Vacations,US,equity,sp400,,2,n/a,2026-09-02
2730,HIMS,HIMS,Hims & Hers Health,US,equity,sp400,,2,n/a,2026-09-02
2731,HIW,HIW,Highwoods Properties,US,equity,sp600,,2,n/a,2026-09-02
2732,HL,HL,Hecla Mining,US,equity,sp400,,2,n/a,2026-09-02
2733,HLI,HLI,Houlihan Lokey,US,equity,sp400,,2,n/a,2026-09-02
2734,HLIT,HLIT,Harmonic Inc.,US,equity,sp600,,2,n/a,2026-09-02
2735,HLNE,HLNE,Hamilton Lane,US,equity,sp400,,2,n/a,2026-09-02
2736,HLX,HLX,"Helix Energy Solutions Group, Inc.",US,equity,sp600,,2,n/a,2026-09-02
2737,HMN,HMN,Horace Mann Educators Corporation,US,equity,sp600,,2,n/a,2026-09-02
2738,HNI,HNI,HNI Corporation,US,equity,sp600,,2,n/a,2026-09-02
2739,HOG,HOG,Harley-Davidson,US,equity,sp400,,2,n/a,2026-09-02
2740,HOMB,HOMB,Home BancShares,US,equity,sp400,,2,n/a,2026-09-02
2741,HOPE,HOPE,"Hope Bancorp, Inc.",US,equity,sp600,,2,n/a,2026-09-02
2742,HP,HP,"Helmerich & Payne, Inc.",US,equity,sp600,,2,n/a,2026-09-02
2743,HQY,HQY,HealthEquity,US,equity,sp400,,2,n/a,2026-09-04
2744,HR,HR,Healthcare Realty Trust Inc,US,equity,sp400,,2,n/a,2026-09-02
2745,HRB,HRB,H&R Block,US,equity,sp400,,2,n/a,2026-09-02
2746,HRMY,HRMY,"Harmony Biosciences Holdings, Inc.",US,equity,sp600,,2,n/a,2026-09-02
2747,HSTM,HSTM,"HealthStream, Inc.",US,equity,sp600,,2,n/a,2026-09-02
2748,HTH,HTH,Hilltop Holdings Inc.,US,equity,sp600,,2,n/a,2026-09-02
2749,HTLD,HTLD,"Heartland Express, Inc.",US,equity,sp600,,2,n/a,2026-09-02
2750,HTO,HTO,H2O America,US,equity,sp600,,2,n/a,2026-09-02
2751,HUBG,HUBG,"Hub Group, Inc.",US,equity,sp600,,2,n/a,2026-09-02
2752,HWC,HWC,Hancock Whitney,US,equity,sp400,,2,n/a,2026-09-02
2753,HWKN,HWKN,"Hawkins, Inc.",US,equity,sp600,,2,n/a,2026-09-02
2754,HXL,HXL,Hexcel,US,equity,sp400,,2,n/a,2026-09-02
2755,HZO,HZO,"MarineMax, Inc.",US,equity,sp600,,2,n/a,2026-09-02
2756,IART,IART,Integra Lifesciences Holdings,US,equity,sp600,,2,n/a,2026-09-02
2757,IBOC,IBOC,Intl Bancshares Corp,US,equity,sp400,,2,n/a,2026-09-02
2758,IBP,IBP,"Installed Building Products, Inc.",US,equity,sp600,,2,n/a,2026-09-02
2759,ICHR,ICHR,"Ichor Holdings, Ltd.",US,equity,sp600,,2,n/a,2026-09-02
2760,ICUI,ICUI,ICU Medical,US,equity,sp600,,2,n/a,2026-09-02
2761,IDA,IDA,Idacorp,US,equity,sp400,,2,n/a,2026-09-02
2762,IDCC,IDCC,InterDigital,US,equity,sp400,,2,n/a,2026-09-02
2763,IESC,IESC,IES Holdings,US,equity,sp400,,2,n/a,2026-09-02
2764,IIPR,IIPR,"Innovative Industrial Properties, Inc.",US,equity,sp600,,2,n/a,2026-09-02
2765,ILMN,ILMN,"Illumina, Inc.",US,equity,sp400,,2,n/a,2026-09-02
2766,INDB,INDB,Independent Bank Corp.,US,equity,sp600,,2,n/a,2026-09-02
2767,INDV,INDV,Indivior,US,equity,sp600,,2,n/a,2026-09-02
2768,INGR,INGR,Ingredion,US,equity,sp400,,2,n/a,2026-09-02
2769,INSP,INSP,"Inspire Medical Systems, Inc.",US,equity,sp600,,2,n/a,2026-09-02
2770,INSW,INSW,"International Seaways, Inc.",US,equity,sp600,,2,n/a,2026-09-02
2771,INVA,INVA,"Innoviva, Inc.",US,equity,sp600,,2,n/a,2026-09-02
2772,INVX,INVX,"Innovex International, Inc.",US,equity,sp600,,2,n/a,2026-09-02
2773,IOSP,IOSP,"Innospec, Inc.",US,equity,sp600,,2,n/a,2026-09-02
2774,IPAR,IPAR,"Inter Parfums, Inc.",US,equity,sp600,,2,n/a,2026-09-02
2775,IPGP,IPGP,IPG Photonics,US,equity,sp400,,2,n/a,2026-09-02
2776,IRDM,IRDM,Iridium Communications,US,equity,sp600,,2,n/a,2026-09-02
2777,IRT,IRT,"Independence Realty Trust, Inc.",US,equity,sp400,,2,n/a,2026-09-02
2778,ITGR,ITGR,Integer Holdings Corporation,US,equity,sp600,,2,n/a,2026-09-02
2779,ITRI,ITRI,"Itron, Inc.",US,equity,sp600,,2,n/a,2026-09-02
2780,ITT,ITT,ITT Inc.,US,equity,sp400,,2,n/a,2026-09-02
2781,IVT,IVT,InvenTrust Properties,US,equity,sp600,,2,n/a,2026-09-02
2782,JAZZ,JAZZ,Jazz Pharmaceuticals,US,equity,sp400,,2,n/a,2026-09-02
2783,JBGS,JBGS,JBG Smith,US,equity,sp600,,2,n/a,2026-09-02
2784,JBLU,JBLU,JetBlue,US,equity,sp600,,2,n/a,2026-09-02
2785,JBSS,JBSS,"John B. Sanfilippo & Son, Inc.",US,equity,sp600,,2,n/a,2026-09-02
2786,JBTM,JBTM,JBT Marel Corporation,US,equity,sp600,,2,n/a,2026-09-02
2787,JEF,JEF,Jefferies,US,equity,sp400,,2,n/a,2026-09-02
2788,JJSF,JJSF,J&J Snack Foods Corp.,US,equity,sp600,,2,n/a,2026-09-02
2789,JLL,JLL,Jones Lang LaSalle,US,equity,sp400,,2,n/a,2026-09-02
2790,JOE,JOE,St. Joe Company,US,equity,sp600,,2,n/a,2026-09-02
2791,JXN,JXN,"Jackson Financial, Inc.",US,equity,sp600,,2,n/a,2026-09-02
2792,KAI,KAI,Kadant Inc.,US,equity,sp600,,2,n/a,2026-09-02
2793,KALU,KALU,Kaiser Aluminum Corporation,US,equity,sp600,,2,n/a,2026-09-02
2794,KBH,KBH,KB Home,US,equity,sp400,,2,n/a,2026-09-02
2795,KBR,KBR,"KBR, Inc.",US,equity,sp400,,2,n/a,2026-09-02
2796,KD,KD,Kyndryl,US,equity,sp400,,2,n/a,2026-09-02
2797,KEX,KEX,Kirby Corporation,US,equity,sp400,,2,n/a,2026-09-02
2798,KFY,KFY,Korn/Ferry International,US,equity,sp600,,2,n/a,2026-09-02
2799,KGS,KGS,"Kodiak Gas Services, Inc.",US,equity,sp600,,2,n/a,2026-09-02
2800,KLIC,KLIC,"Kulicke and Soffa Industries, Inc.",US,equity,sp600,,2,n/a,2026-09-02
2801,KMPR,KMPR,Kemper Corporation,US,equity,sp600,,2,n/a,2026-09-02
2802,KMT,KMT,Kennametal,US,equity,sp600,,2,n/a,2026-09-02
2803,KMX,KMX,"CarMax, Inc.",US,equity,sp600,,2,n/a,2026-09-02
2804,KN,KN,Knowles Corporation,US,equity,sp600,,2,n/a,2026-09-02
2805,KNF,KNF,Knife River Corporation,US,equity,sp400,,2,n/a,2026-09-02
2806,KNSL,KNSL,"Kinsale Capital Group, Inc.",US,equity,sp400,,2,n/a,2026-09-02
2807,KNTK,KNTK,"Kinetik Holdings, Inc.",US,equity,sp600,,2,n/a,2026-09-02
2808,KNX,KNX,Knight-Swift,US,equity,sp400,,2,n/a,2026-09-02
2809,KOP,KOP,"Koppers Holdings, Inc.",US,equity,sp600,,2,n/a,2026-09-02
2810,KRC,KRC,Kilroy Realty Corp,US,equity,sp400,,2,n/a,2026-09-02
2811,KRG,KRG,Kite Realty Group Trust,US,equity,sp400,,2,n/a,2026-09-02
2812,KRMN,KRMN,Karman Holdings,US,equity,sp600,,2,n/a,2026-09-02
2813,KRYS,KRYS,"Krystal Biotech, Inc.",US,equity,sp400,,2,n/a,2026-09-02
2814,KSS,KSS,Kohl's Corp.,US,equity,sp600,,2,n/a,2026-09-02
2815,KTB,KTB,Kontoor Brands,US,equity,sp600,,2,n/a,2026-09-02
2816,KTOS,KTOS,Kratos Defense & Security Solutions,US,equity,sp400,,2,n/a,2026-09-02
2817,KWR,KWR,Quaker Chemical Corporation,US,equity,sp600,,2,n/a,2026-09-02
2818,LAD,LAD,Lithia Motors,US,equity,sp400,,2,n/a,2026-09-02
2819,LAMR,LAMR,Lamar Advertising Company,US,equity,sp400,,2,n/a,2026-09-02
2820,LAUR,LAUR,"Laureate Education, Inc.",US,equity,sp600,,2,n/a,2026-09-02
2821,LAZ,LAZ,Lazard,US,equity,sp600,,2,n/a,2026-09-02
2822,LBRT,LBRT,"Liberty Energy, Inc.",US,equity,sp600,,2,n/a,2026-09-02
2823,LCII,LCII,LCI Industries,US,equity,sp600,,2,n/a,2026-09-02
2824,LEA,LEA,Lear,US,equity,sp400,,2,n/a,2026-09-02
2825,LECO,LECO,Lincoln Electric,US,equity,sp400,,2,n/a,2026-09-02
2826,LEG,LEG,Leggett & Platt,US,equity,sp600,,2,n/a,2026-09-02
2827,LEU,LEU,Centrus Energy Corp.,US,equity,sp600,,2,n/a,2026-09-02
2828,LFST,LFST,Lifestance Health,US,equity,sp600,,2,n/a,2026-09-02
2829,LFUS,LFUS,Littelfuse,US,equity,sp400,,2,n/a,2026-09-02
2830,LGIH,LGIH,LGI Homes,US,equity,sp600,,2,n/a,2026-09-02
2831,LGND,LGND,"Ligand Pharmaceuticals, Inc.",US,equity,sp600,,2,n/a,2026-09-02
2832,LIF,LIF,Life360,US,equity,sp600,,2,n/a,2026-09-02
2833,LIVN,LIVN,LivaNova,US,equity,sp400,,2,n/a,2026-09-02
2834,LKFN,LKFN,Lakeland Financial,US,equity,sp600,,2,n/a,2026-09-02
2835,LKQ,LKQ,LKQ Corporation,US,equity,sp600,,2,n/a,2026-09-02
2836,LMAT,LMAT,LeMaitre Vascular,US,equity,sp600,,2,n/a,2026-09-02
2837,LNC,LNC,Lincoln Financial,US,equity,sp600,,2,n/a,2026-09-02
2838,LNN,LNN,Lindsay Corporation,US,equity,sp600,,2,n/a,2026-09-02
2839,LNTH,LNTH,Lantheus Holdings,US,equity,sp400,,2,n/a,2026-09-02
2840,LOPE,LOPE,Grand Canyon Education,US,equity,sp400,,2,n/a,2026-09-02
2841,LPG,LPG,Dorian LPG Ltd.,US,equity,sp600,,2,n/a,2026-09-02
2842,LPX,LPX,Louisiana-Pacific,US,equity,sp400,,2,n/a,2026-09-02
2843,LQDA,LQDA,Liquidia Corporation,US,equity,sp600,,2,n/a,2026-09-02
2844,LQDT,LQDT,"Liquidity Services, Inc.",US,equity,sp600,,2,n/a,2026-09-02
2845,LRN,LRN,"Stride, Inc.",US,equity,sp600,,2,n/a,2026-09-02
2846,LSCC,LSCC,Lattice Semiconductor,US,equity,sp400,,2,n/a,2026-09-02
2847,LSTR,LSTR,Landstar System,US,equity,sp400,,2,n/a,2026-09-02
2848,LTC,LTC,"LTC Properties, Inc.",US,equity,sp600,,2,n/a,2026-09-02
2849,LTH,LTH,"Life Time Group Holdings, Inc.",US,equity,sp600,,2,n/a,2026-09-02
2850,LUMN,LUMN,Lumen Technologies,US,equity,sp600,,2,n/a,2026-09-02
2851,LW,LW,Lamb Weston,US,equity,sp600,,2,n/a,2026-09-02
2852,LXP,LXP,Lexington Realty Trust,US,equity,sp600,,2,n/a,2026-09-02
2853,LYFT,LYFT,"Lyft, Inc.",US,equity,sp600,,2,n/a,2026-09-02
2854,LZ,LZ,"LegalZoom.com, Inc.",US,equity,sp600,,2,n/a,2026-09-02
2855,LZB,LZB,"La-Z-Boy, Inc.",US,equity,sp600,,2,n/a,2026-09-02
2856,M,M,Macy's,US,equity,sp400,,2,n/a,2026-09-02
2857,MAC,MAC,Macerich,US,equity,sp600,,2,n/a,2026-09-02
2858,MAN,MAN,ManpowerGroup,US,equity,sp600,,2,n/a,2026-09-02
2859,MANH,MANH,Manhattan Associates Inc,US,equity,sp400,,2,n/a,2026-09-02
2860,MARA,MARA,"MARA Holdings, Inc.",US,equity,sp600,,2,n/a,2026-09-02
2861,MAT,MAT,Mattel,US,equity,sp400,,2,n/a,2026-09-02
2862,MATW,MATW,Matthews International Corporation,US,equity,sp600,,2,n/a,2026-09-02
2863,MATX,MATX,"Matson, Inc.",US,equity,sp600,,2,n/a,2026-09-02
2864,MBC,MBC,"MasterBrand, Inc.",US,equity,sp600,,2,n/a,2026-09-02
2865,MBIN,MBIN,Merchants Bancorp,US,equity,sp600,,2,n/a,2026-09-02
2866,MC,MC,Moelis & Company,US,equity,sp600,,2,n/a,2026-09-02
2867,MCRI,MCRI,"Monarch Casino & Resort, Inc.",US,equity,sp600,,2,n/a,2026-09-02
2868,MCY,MCY,Mercury General,US,equity,sp600,,2,n/a,2026-09-02
2869,MD,MD,Pediatrix Medical Group,US,equity,sp600,,2,n/a,2026-09-02
2870,MDU,MDU,"MDU Resources Group, Inc.",US,equity,sp600,,2,n/a,2026-09-02
2871,MEDP,MEDP,Medpace,US,equity,sp400,,2,n/a,2026-09-02
2872,MGEE,MGEE,"MGE Energy, Inc.",US,equity,sp600,,2,n/a,2026-09-02
2873,MGY,MGY,"Magnolia Oil & Gas, Corp.",US,equity,sp600,,2,n/a,2026-09-02
2874,MHK,MHK,Mohawk Industries,US,equity,sp600,,2,n/a,2026-09-02
2875,MHO,MHO,"M/I Homes, Inc.",US,equity,sp600,,2,n/a,2026-09-02
2876,MIDD,MIDD,Middleby,US,equity,sp400,,2,n/a,2026-09-02
2877,MIR,MIR,"Mirion Technologies, Inc.",US,equity,sp600,,2,n/a,2026-09-02
2878,MKSI,MKSI,MKS Instruments,US,equity,sp400,,2,n/a,2026-09-02
2879,MKTX,MKTX,MarketAxess,US,equity,sp600,,2,n/a,2026-09-02
2880,MLI,MLI,Mueller Industries,US,equity,sp400,,2,n/a,2026-09-02
2881,MLKN,MLKN,"MillerKnoll, Inc.",US,equity,sp600,,2,n/a,2026-09-02
2882,MMI,MMI,"Marcus & Millichap, Inc.",US,equity,sp600,,2,n/a,2026-09-02
2883,MMS,MMS,Maximus Inc.,US,equity,sp400,,2,n/a,2026-09-02
2884,MMSI,MMSI,"Merit Medical Systems, Inc.",US,equity,sp600,,2,n/a,2026-09-02
2885,MOG-A,MOG-A,Moog Inc.,US,equity,sp400,,2,n/a,2026-09-02
2886,MOH,MOH,Molina Healthcare,US,equity,sp400,,2,n/a,2026-09-02
2887,MORN,MORN,"Morningstar, Inc.",US,equity,sp400,,2,n/a,2026-09-02
2888,MP,MP,MP Materials,US,equity,sp400,,2,n/a,2026-09-02
2889,MPT,MPT,Medical Properties Trust,US,equity,sp600,,2,n/a,2026-09-02
2890,MRCY,MRCY,Mercury Systems,US,equity,sp600,,2,n/a,2026-09-02
2891,MRP,MRP,"Millrose Properties, Inc.",US,equity,sp600,,2,n/a,2026-09-02
2892,MRTN,MRTN,"Marten Transport, Ltd.",US,equity,sp600,,2,n/a,2026-09-02
2893,MSA,MSA,MSA Safety,US,equity,sp400,,2,n/a,2026-09-02
2894,MSEX,MSEX,Middlesex Water Company,US,equity,sp600,,2,n/a,2026-09-02
2895,MSGS,MSGS,Madison Square Garden Sports Corp.,US,equity,sp600,,2,n/a,2026-09-02
2896,MSM,MSM,MSC Industrial Direct,US,equity,sp400,,2,n/a,2026-09-02
2897,MTCH,MTCH,Match Group,US,equity,sp600,,2,n/a,2026-09-02
2898,MTDR,MTDR,Matador Resources Co,US,equity,sp400,,2,n/a,2026-09-02
2899,MTG,MTG,MGIC Investment Corporation,US,equity,sp400,,2,n/a,2026-09-02
2900,MTH,MTH,Meritage Homes Corporation,US,equity,sp600,,2,n/a,2026-09-02
2901,MTN,MTN,Vail Resorts,US,equity,sp400,,2,n/a,2026-09-02
2902,MTRN,MTRN,Materion Corp.,US,equity,sp600,,2,n/a,2026-09-02
2903,MTSI,MTSI,MACOM Technology Solutions,US,equity,sp400,,2,n/a,2026-09-02
2904,MTUS,MTUS,Metallus Inc,US,equity,sp600,,2,n/a,2026-09-02
2905,MTX,MTX,Minerals Technologies,US,equity,sp600,,2,n/a,2026-09-02
2906,MTZ,MTZ,MasTec,US,equity,sp400,,2,n/a,2026-09-02
2907,MUR,MUR,Murphy Oil,US,equity,sp400,,2,n/a,2026-09-02
2908,MUSA,MUSA,Murphy USA,US,equity,sp400,,2,n/a,2026-09-02
2909,MWA,MWA,Mueller Water Products,US,equity,sp600,,2,n/a,2026-09-02
2910,MXL,MXL,"MaxLinear, Inc.",US,equity,sp600,,2,n/a,2026-09-02
2911,MYRG,MYRG,"MYR Group, Inc.",US,equity,sp600,,2,n/a,2026-09-02
2912,MZTI,MZTI,The Marzetti Company,US,equity,sp400,,2,n/a,2026-09-02
2913,NABL,NABL,"N-able, Inc.",US,equity,sp600,,2,n/a,2026-09-02
2914,NATL,NATL,NCR Atleos,US,equity,sp600,,2,n/a,2026-09-02
2915,NAVI,NAVI,Navient,US,equity,sp600,,2,n/a,2026-09-02
2916,NBHC,NBHC,National Bank Holdings Corporation,US,equity,sp600,,2,n/a,2026-09-02
2917,NBIX,NBIX,Neurocrine Biosciences,US,equity,sp400,,2,n/a,2026-09-02
2918,NBTB,NBTB,"NBT Bancorp, Inc.",US,equity,sp600,,2,n/a,2026-09-02
2919,NE,NE,Noble Corporation,US,equity,sp600,,2,n/a,2026-09-02
2920,NEO,NEO,"NeoGenomics Laboratories, Inc.",US,equity,sp600,,2,n/a,2026-09-02
2921,NEOG,NEOG,Neogen,US,equity,sp600,,2,n/a,2026-09-02
2922,NEU,NEU,NewMarket Corporation,US,equity,sp400,,2,n/a,2026-09-02
2923,NFG,NFG,National Fuel Gas,US,equity,sp400,,2,n/a,2026-09-02
2924,NGVT,NGVT,"Ingevity, Corp.",US,equity,sp600,,2,n/a,2026-09-02
2925,NHC,NHC,"National Healthcare, Corp.",US,equity,sp600,,2,n/a,2026-09-02
2926,NHI,NHI,"National Health Investors, Inc.",US,equity,sp600,,2,n/a,2026-09-02
2927,NIC,NIC,Nicolet Bankshares,US,equity,sp600,,2,n/a,2026-09-02
2928,NJR,NJR,New Jersey Resources,US,equity,sp400,,2,n/a,2026-09-02
2929,NLY,NLY,Annaly Capital Management,US,equity,sp400,,2,n/a,2026-09-02
2930,NMIH,NMIH,"NMI Holdings, Inc.",US,equity,sp600,,2,n/a,2026-09-02
2931,NNN,NNN,NNN Reit,US,equity,sp400,,2,n/a,2026-09-02
2932,NOG,NOG,"Northern Oil and Gas, Inc.",US,equity,sp600,,2,n/a,2026-09-02
2933,NOV,NOV,NOV Inc.,US,equity,sp400,,2,n/a,2026-09-02
2934,NOVT,NOVT,Novanta Inc,US,equity,sp400,,2,n/a,2026-09-02
2935,NPK,NPK,"National Presto Industries, Inc.",US,equity,sp600,,2,n/a,2026-09-02
2936,NPO,NPO,"EnPro Industries, Inc.",US,equity,sp600,,2,n/a,2026-09-02
2937,NSIT,NSIT,"Insight Enterprises, Inc.",US,equity,sp600,,2,n/a,2026-09-02
2938,NSP,NSP,Insperity,US,equity,sp600,,2,n/a,2026-09-02
2939,NSSC,NSSC,Napco Security Technologies,US,equity,sp600,,2,n/a,2026-09-02
2940,NTCT,NTCT,"NETSCOUT Systems, Inc.",US,equity,sp600,,2,n/a,2026-09-02
2941,NTNX,NTNX,Nutanix,US,equity,sp400,,2,n/a,2026-09-02
2942,NTST,NTST,NETSTREIT Corp.,US,equity,sp600,,2,n/a,2026-09-02
2943,NVST,NVST,Envista Holdings Corp,US,equity,sp400,,2,n/a,2026-09-02
2944,NVT,NVT,nVent Electric,US,equity,sp400,,2,n/a,2026-09-02
2945,NWBI,NWBI,"Northwest Bancshares, Inc.",US,equity,sp600,,2,n/a,2026-09-02
2946,NWE,NWE,NorthWestern Energy,US,equity,sp400,,2,n/a,2026-09-02
2947,NWL,NWL,Newell Brands,US,equity,sp600,,2,n/a,2026-09-02
2948,NWN,NWN,NW Natural,US,equity,sp600,,2,n/a,2026-09-02
2949,NX,NX,Quanex Building Products Corporation,US,equity,sp600,,2,n/a,2026-09-02
2950,NXRT,NXRT,"NexPoint Residential Trust, Inc.",US,equity,sp600,,2,n/a,2026-09-02
2951,NXST,NXST,Nexstar Media Group,US,equity,sp400,,2,n/a,2026-09-02
2952,NXT,NXT,Nextpower,US,equity,sp400,,2,n/a,2026-09-02
2953,NYT,NYT,New York Times Company,US,equity,sp400,,2,n/a,2026-09-02
2954,OC,OC,Owens Corning,US,equity,sp400,,2,n/a,2026-09-02
2955,OFG,OFG,OFG Bancorp,US,equity,sp600,,2,n/a,2026-09-02
2956,OGE,OGE,OGE Energy,US,equity,sp400,,2,n/a,2026-09-02
2957,OGN,OGN,Organon & Co.,US,equity,sp600,,2,n/a,2026-09-02
2958,OGS,OGS,One Gas,US,equity,sp400,,2,n/a,2026-09-02
2959,OHI,OHI,Omega Healthcare Investors Inc,US,equity,sp400,,2,n/a,2026-09-02
2960,OI,OI,"O-I Glass, Inc.",US,equity,sp600,,2,n/a,2026-09-02
2961,OII,OII,"Oceaneering International, Inc.",US,equity,sp600,,2,n/a,2026-09-02
2962,OKTA,OKTA,"Okta, Inc.",US,equity,sp400,,2,n/a,2026-09-02
2963,OLED,OLED,Universal Display,US,equity,sp400,,2,n/a,2026-09-02
2964,OLLI,OLLI,Ollie's Bargain Outlet,US,equity,sp400,,2,n/a,2026-09-02
2965,OLN,OLN,Olin Corporation,US,equity,sp400,,2,n/a,2026-09-02
2966,OMCL,OMCL,Omnicell,US,equity,sp600,,2,n/a,2026-09-02
2967,ONB,ONB,Old National Bank,US,equity,sp400,,2,n/a,2026-09-02
2968,ONTO,ONTO,Onto Innovation,US,equity,sp400,,2,n/a,2026-09-02
2969,OPCH,OPCH,"Option Care Health, Inc.",US,equity,sp400,,2,n/a,2026-09-02
2970,OPLN,OPLN,"OPENLANE, Inc.",US,equity,sp600,,2,n/a,2026-09-02
2971,ORA,ORA,Ormat Technologies,US,equity,sp400,,2,n/a,2026-09-02
2972,ORI,ORI,Old Republic International,US,equity,sp400,,2,n/a,2026-09-02
2973,OSIS,OSIS,"OSI Systems, Inc.",US,equity,sp600,,2,n/a,2026-09-02
2974,OSK,OSK,Oshkosh,US,equity,sp400,,2,n/a,2026-09-02
2975,OSW,OSW,OneSpaWorld Holdings Limited,US,equity,sp600,,2,n/a,2026-09-02
2976,OTTR,OTTR,Otter Tail Corporation,US,equity,sp600,,2,n/a,2026-09-02
2977,OUT,OUT,Outfront Media,US,equity,sp600,,2,n/a,2026-09-02
2978,OVV,OVV,Ovintiv,US,equity,sp400,,2,n/a,2026-09-02
2979,OZK,OZK,Bank OZK,US,equity,sp400,,2,n/a,2026-09-02
2980,P,P,Everpure,US,equity,sp400,,2,n/a,2026-09-02
2981,PAG,PAG,Penske Automotive Group,US,equity,sp400,,2,n/a,2026-09-02
2982,PAHC,PAHC,Phibro Animal Health,US,equity,sp600,,2,n/a,2026-09-02
2983,PARR,PARR,"Par Pacific Holdings, Inc.",US,equity,sp600,,2,n/a,2026-09-02
2984,PATH,PATH,UiPath,US,equity,sp400,,2,n/a,2026-09-02
2985,PATK,PATK,"Patrick Industries, Inc.",US,equity,sp600,,2,n/a,2026-09-02
2986,PAYC,PAYC,Paycom,US,equity,sp600,,2,n/a,2026-09-02
2987,PAYO,PAYO,Payoneer Global Inc.,US,equity,sp600,,2,n/a,2026-09-02
2988,PB,PB,Prosperity Bancshares,US,equity,sp400,,2,n/a,2026-09-02
2989,PBF,PBF,PBF Energy,US,equity,sp400,,2,n/a,2026-09-02
2990,PBH,PBH,Prestige Consumer Healthcare,US,equity,sp600,,2,n/a,2026-09-02
2991,PBI,PBI,"Pitney Bowes, Inc.",US,equity,sp600,,2,n/a,2026-09-02
2992,PCRX,PCRX,"Pacira BioSciences, Inc.",US,equity,sp600,,2,n/a,2026-09-02
2993,PCTY,PCTY,Paylocity,US,equity,sp400,,2,n/a,2026-09-02
2994,PDFS,PDFS,"PDF Solutions, Inc.",US,equity,sp600,,2,n/a,2026-09-02
2995,PEB,PEB,Pebblebrook Hotel Trust,US,equity,sp600,,2,n/a,2026-09-02
2996,PECO,PECO,Phillips Edison & Company,US,equity,sp600,,2,n/a,2026-09-02
2997,PEGA,PEGA,Pegasystems,US,equity,sp400,,2,n/a,2026-09-02
2998,PEN,PEN,"Penumbra, Inc.",US,equity,sp400,,2,n/a,2026-09-02
2999,PENG,PENG,"Penguin Solutions, Inc.",US,equity,sp600,,2,n/a,2026-09-02
3000,PENN,PENN,Penn Entertainment,US,equity,sp600,,2,n/a,2026-09-02
3001,PFBC,PFBC,Preferred Bank,US,equity,sp600,,2,n/a,2026-09-02
3002,PFGC,PFGC,Performance Food Group,US,equity,sp400,,2,n/a,2026-09-02
3003,PFS,PFS,"Provident Financial Services, Inc.",US,equity,sp600,,2,n/a,2026-09-02
3004,PGNY,PGNY,"Progyny, Inc.",US,equity,sp600,,2,n/a,2026-09-02
3005,PHIN,PHIN,"PHINIA, Inc.",US,equity,sp600,,2,n/a,2026-09-02
3006,PI,PI,"Impinj, Inc.",US,equity,sp600,,2,n/a,2026-09-02
3007,PII,PII,Polaris,US,equity,sp400,,2,n/a,2026-09-02
3008,PINS,PINS,Pinterest,US,equity,sp400,,2,n/a,2026-09-02
3009,PIPR,PIPR,Piper Sandler Companies,US,equity,sp600,,2,n/a,2026-09-02
3010,PJT,PJT,"PJT Partners, Inc.",US,equity,sp600,,2,n/a,2026-09-02
3011,PK,PK,Park Hotels & Resorts,US,equity,sp400,,2,n/a,2026-09-02
3012,PLAB,PLAB,"Photronics, Inc.",US,equity,sp600,,2,n/a,2026-09-02
3013,PLMR,PLMR,"Palomar Holdings, Inc.",US,equity,sp600,,2,n/a,2026-09-02
3014,PLNT,PLNT,Planet Fitness,US,equity,sp400,,2,n/a,2026-09-02
3015,PLUS,PLUS,"ePlus, Inc.",US,equity,sp600,,2,n/a,2026-09-02
3016,PLXS,PLXS,Plexus Corp.,US,equity,sp600,,2,n/a,2026-09-02
3017,PMT,PMT,PennyMac Mortgage Investment Trust,US,equity,sp600,,2,n/a,2026-09-02
3018,PNFP,PNFP,Pinnacle Financial Partners,US,equity,sp400,,2,n/a,2026-09-02
3019,POOL,POOL,Pool Corporation,US,equity,sp600,,2,n/a,2026-09-02
3020,POR,POR,Portland General Electric,US,equity,sp400,,2,n/a,2026-09-02
3021,POST,POST,Post Holdings,US,equity,sp400,,2,n/a,2026-09-02
3022,POWI,POWI,Power Integrations,US,equity,sp600,,2,n/a,2026-09-02
3023,POWL,POWL,"Powell Industries, Inc.",US,equity,sp600,,2,n/a,2026-09-02
3024,PPC,PPC,Pilgrim's Pride,US,equity,sp400,,2,n/a,2026-09-02
3025,PPLI,PPLI,People Inc.,US,equity,sp600,,2,n/a,2026-09-02
3026,PR,PR,Permian Resources Corp,US,equity,sp400,,2,n/a,2026-09-02
3027,PRDO,PRDO,Perdoceo Education Corp.,US,equity,sp600,,2,n/a,2026-09-02
3028,PRG,PRG,"PROG Holdings, Inc.",US,equity,sp600,,2,n/a,2026-09-02
3029,PRGO,PRGO,Perrigo,US,equity,sp600,,2,n/a,2026-09-02
3030,PRGS,PRGS,Progress Software Corporation,US,equity,sp600,,2,n/a,2026-09-02
3031,PRI,PRI,Primerica,US,equity,sp400,,2,n/a,2026-09-02
3032,PRIM,PRIM,Primoris Services Corporation,US,equity,sp600,,2,n/a,2026-09-02
3033,PRKS,PRKS,United Parks & Resorts,US,equity,sp600,,2,n/a,2026-09-02
3034,PRLB,PRLB,Protolabs,US,equity,sp600,,2,n/a,2026-09-02
3035,PRSU,PRSU,"Pursuit Attractions & Hospitality, Inc.",US,equity,sp600,,2,n/a,2026-09-02
3036,PRVA,PRVA,"Privia Health Group, Inc.",US,equity,sp600,,2,n/a,2026-09-02
3037,PSMT,PSMT,PriceSmart,US,equity,sp600,,2,n/a,2026-09-02
3038,PSN,PSN,Parsons Corporation,US,equity,sp400,,2,n/a,2026-09-02
3039,PTCT,PTCT,"PTC Therapeutics, Inc.",US,equity,sp600,,2,n/a,2026-09-02
3040,PTEN,PTEN,"Patterson-UTI Energy, Inc.",US,equity,sp600,,2,n/a,2026-09-02
3041,PTGX,PTGX,"Protagonist Therapeutics, Inc.",US,equity,sp600,,2,n/a,2026-09-02
3042,PTON,PTON,"Peloton Interactive, Inc.",US,equity,sp600,,2,n/a,2026-09-02
3043,PVH,PVH,PVH Corp.,US,equity,sp400,,2,n/a,2026-09-02
3044,PZZA,PZZA,Papa John's Pizza,US,equity,sp600,,2,n/a,2026-09-02
3045,QDEL,QDEL,QuidelOrtho,US,equity,sp600,,2,n/a,2026-09-02
3046,QLYS,QLYS,Qualys,US,equity,sp400,,2,n/a,2026-09-02
3047,QNST,QNST,"QuinStreet, Inc.",US,equity,sp600,,2,n/a,2026-09-02
3048,QRVO,QRVO,Qorvo,US,equity,sp600,,2,n/a,2026-09-02
3049,QTWO,QTWO,"Q2 Holdings, Inc.",US,equity,sp600,,2,n/a,2026-09-02
3050,R,R,Ryder,US,equity,sp400,,2,n/a,2026-09-02
3051,RAL,RAL,Ralliant Corp,US,equity,sp600,,2,n/a,2026-09-02
3052,RAMP,RAMP,"LiveRamp Holdings, Inc.",US,equity,sp600,,2,n/a,2026-09-02
3053,RBA,RBA,RB Global,US,equity,sp400,,2,n/a,2026-09-02
3054,RBC,RBC,Rbc Bearings Inc,US,equity,sp400,,2,n/a,2026-09-02
3055,RCUS,RCUS,"Arcus Biosciences, Inc.",US,equity,sp600,,2,n/a,2026-09-02
3056,RDN,RDN,"Radian Group, Inc.",US,equity,sp600,,2,n/a,2026-09-02
3057,RDNT,RDNT,"RadNet, Inc.",US,equity,sp600,,2,n/a,2026-09-02
3058,RELY,RELY,Remitly,US,equity,sp600,,2,n/a,2026-09-02
3059,RES,RES,"RPC, Inc.",US,equity,sp600,,2,n/a,2026-09-02
3060,REX,REX,REX American Resources Corporation,US,equity,sp600,,2,n/a,2026-09-02
3061,REXR,REXR,"Rexford Industrial Realty, Inc.",US,equity,sp400,,2,n/a,2026-09-02
3062,REYN,REYN,Reynolds Consumer Products,US,equity,sp600,,2,n/a,2026-09-02
3063,REZI,REZI,"Resideo Technologies, Inc.",US,equity,sp600,,2,n/a,2026-09-02
3064,RGA,RGA,Reinsurance Group of America,US,equity,sp400,,2,n/a,2026-09-02
3065,RGEN,RGEN,Repligen,US,equity,sp400,,2,n/a,2026-09-02
3066,RGLD,RGLD,Royal Gold,US,equity,sp400,,2,n/a,2026-09-02
3067,RH,RH,RH,US,equity,sp400,,2,n/a,2026-09-02
3068,RHI,RHI,Robert Half,US,equity,sp600,,2,n/a,2026-09-02
3069,RHP,RHP,Ryman Hospitality Properties,US,equity,sp600,,2,n/a,2026-09-02
3070,RITM,RITM,Rithm Capital,US,equity,sp600,,2,n/a,2026-09-02
3071,RLI,RLI,RLI Corp.,US,equity,sp400,,2,n/a,2026-09-02
3072,RMBS,RMBS,Rambus,US,equity,sp400,,2,n/a,2026-09-02
3073,RNG,RNG,"RingCentral, Inc.",US,equity,sp600,,2,n/a,2026-09-02
3074,RNR,RNR,RenaissanceRe,US,equity,sp400,,2,n/a,2026-09-02
3075,RNST,RNST,Renasant Corp.,US,equity,sp600,,2,n/a,2026-09-02
3076,ROAD,ROAD,"Construction Partners, Inc.",US,equity,sp600,,2,n/a,2026-09-02
3077,ROCK,ROCK,"Gibraltar Industries, Inc.",US,equity,sp600,,2,n/a,2026-09-02
3078,ROG,ROG,Rogers Corporation,US,equity,sp600,,2,n/a,2026-09-02
3079,ROIV,ROIV,Roivant Sciences,US,equity,sp400,,2,n/a,2026-09-02
3080,ROKU,ROKU,"Roku, Inc.",US,equity,sp400,,2,n/a,2026-09-02
3081,RPM,RPM,RPM International,US,equity,sp400,,2,n/a,2026-09-02
3082,RRC,RRC,Range Resources,US,equity,sp400,,2,n/a,2026-09-02
3083,RRR,RRR,"Red Rock Resorts, Inc.",US,equity,sp600,,2,n/a,2026-09-02
3084,RRX,RRX,Regal Rexnord,US,equity,sp400,,2,n/a,2026-09-02
3085,RS,RS,"Reliance, Inc.",US,equity,sp400,,2,n/a,2026-09-02
3086,RSI,RSI,"Rush Street Interactive, Inc.",US,equity,sp600,,2,n/a,2026-09-02
3087,RUN,RUN,Sunrun,US,equity,sp600,,2,n/a,2026-09-02
3088,RUSHA,RUSHA,Rush Enterprises,US,equity,sp600,,2,n/a,2026-09-02
3089,RXO,RXO,"RXO, Inc.",US,equity,sp600,,2,n/a,2026-09-02
3090,RYAN,RYAN,"Ryan Specialty Holdings, Inc.",US,equity,sp400,,2,n/a,2026-09-02
3091,RYN,RYN,Rayonier,US,equity,sp400,,2,n/a,2026-09-02
3092,SABR,SABR,Sabre,US,equity,sp600,,2,n/a,2026-09-02
3093,SAFE,SAFE,"Safehold, Inc.",US,equity,sp600,,2,n/a,2026-09-02
3094,SAFT,SAFT,"Safety Insurance Group, Inc.",US,equity,sp600,,2,n/a,2026-09-02
3095,SAH,SAH,"Sonic Automotive, Inc.",US,equity,sp600,,2,n/a,2026-09-02
3096,SAIA,SAIA,Saia,US,equity,sp400,,2,n/a,2026-09-02
3097,SAIC,SAIC,Science Applications Intl Corp,US,equity,sp400,,2,n/a,2026-09-02
3098,SAM,SAM,Boston Beer Company,US,equity,sp400,,2,n/a,2026-09-02
3099,SANM,SANM,Sanmina Corporation,US,equity,sp400,,2,n/a,2026-09-02
3100,SARO,SARO,StandardAero,US,equity,sp400,,2,n/a,2026-09-02
3101,SBCF,SBCF,Seacoast Banking Corporation of Florida,US,equity,sp600,,2,n/a,2026-09-02
3102,SBH,SBH,"Sally Beauty Holdings, Inc.",US,equity,sp600,,2,n/a,2026-09-02
3103,SBRA,SBRA,"Sabra Health Care Reit, Inc.",US,equity,sp400,,2,n/a,2026-09-02
3104,SBSI,SBSI,"Southside Bancshares, Inc.",US,equity,sp600,,2,n/a,2026-09-02
3105,SCHL,SCHL,Scholastic Corporation,US,equity,sp600,,2,n/a,2026-09-02
3106,SCI,SCI,Service Corp Intl,US,equity,sp400,,2,n/a,2026-09-02
3107,SCL,SCL,Stepan Company,US,equity,sp600,,2,n/a,2026-09-02
3108,SCSC,SCSC,"ScanSource, Inc.",US,equity,sp600,,2,n/a,2026-09-02
3109,SDGR,SDGR,"Schrödinger, Inc.",US,equity,sp600,,2,n/a,2026-09-02
3110,SEDG,SEDG,SolarEdge,US,equity,sp600,,2,n/a,2026-09-02
3111,SEI,SEI,"Solaris Energy Infrastructure, Inc.",US,equity,sp600,,2,n/a,2026-09-02
3112,SEIC,SEIC,SEI Investments Company,US,equity,sp400,,2,n/a,2026-09-02
3113,SEZL,SEZL,Sezzle,US,equity,sp600,,2,n/a,2026-09-02
3114,SF,SF,Stifel,US,equity,sp400,,2,n/a,2026-09-02
3115,SFBS,SFBS,"ServisFirst Bancshares, Inc.",US,equity,sp600,,2,n/a,2026-09-02
3116,SFM,SFM,Sprouts Farmers Market,US,equity,sp400,,2,n/a,2026-09-02
3117,SFNC,SFNC,Simmons First National Corporation,US,equity,sp600,,2,n/a,2026-09-02
3118,SGI,SGI,Somnigroup International,US,equity,sp400,,2,n/a,2026-09-02
3119,SHAK,SHAK,"Shake Shack, Inc.",US,equity,sp600,,2,n/a,2026-09-02
3120,SHC,SHC,Sotera Health Co,US,equity,sp400,,2,n/a,2026-09-02
3121,SHEN,SHEN,Shenandoah Telecommunications Co,US,equity,sp600,,2,n/a,2026-09-02
3122,SHO,SHO,"Sunstone Hotel Investors, Inc.",US,equity,sp600,,2,n/a,2026-09-02
3123,SHOO,SHOO,"Steven Madden, Ltd.",US,equity,sp600,,2,n/a,2026-09-02
3124,SIG,SIG,Signet Jewelers,US,equity,sp600,,2,n/a,2026-09-02
3125,SIGI,SIGI,Selective Insurance Group Inc,US,equity,sp400,,2,n/a,2026-09-02
3126,SIRI,SIRI,SiriusXM,US,equity,sp400,,2,n/a,2026-09-02
3127,SITM,SITM,SiTime,US,equity,sp400,,2,n/a,2026-09-02
3128,SKT,SKT,"Tanger Factory Outlet Centers, Inc.",US,equity,sp600,,2,n/a,2026-09-02
3129,SKY,SKY,"Champion Homes, Inc.",US,equity,sp600,,2,n/a,2026-09-02
3130,SKYW,SKYW,"SkyWest, Inc.",US,equity,sp600,,2,n/a,2026-09-02
3131,SLAB,SLAB,Silicon Labs,US,equity,sp400,,2,n/a,2026-09-02
3132,SLG,SLG,SL Green Realty,US,equity,sp600,,2,n/a,2026-09-02
3133,SLGN,SLGN,Silgan Holdings,US,equity,sp400,,2,n/a,2026-09-02
3134,SLM,SLM,SLM Corp,US,equity,sp400,,2,n/a,2026-09-02
3135,SLVM,SLVM,Sylvamo Corp.,US,equity,sp600,,2,n/a,2026-09-02
3136,SM,SM,SM Energy Company,US,equity,sp600,,2,n/a,2026-09-02
3137,SMG,SMG,Scotts Miracle-Gro Company,US,equity,sp400,,2,n/a,2026-09-02
3138,SMP,SMP,"Standard Motor Products, Inc.",US,equity,sp600,,2,n/a,2026-09-02
3139,SMPL,SMPL,Simply Good Foods Company,US,equity,sp600,,2,n/a,2026-09-02
3140,SMTC,SMTC,Semtech,US,equity,sp400,,2,n/a,2026-09-02
3141,SN,SN,SharkNinja,US,equity,sp400,,2,n/a,2026-09-02
3142,SNDR,SNDR,Schneider National,US,equity,sp600,,2,n/a,2026-09-02
3143,SNEX,SNEX,StoneX Group Inc.,US,equity,sp600,,2,n/a,2026-09-02
3144,SNX,SNX,TD Synnex,US,equity,sp400,,2,n/a,2026-09-02
3145,SOLS,SOLS,Solstice Advanced Materials,US,equity,sp400,,2,n/a,2026-09-02
3146,SON,SON,Sonoco,US,equity,sp400,,2,n/a,2026-09-02
3147,SONO,SONO,"Sonos, Inc.",US,equity,sp600,,2,n/a,2026-09-02
3148,SPHR,SPHR,Sphere Entertainment,US,equity,sp600,,2,n/a,2026-09-04
3149,SPNT,SPNT,SiriusPoint Ltd.,US,equity,sp600,,2,n/a,2026-09-02
3150,SPSC,SPSC,"SPS Commerce, Inc.",US,equity,sp600,,2,n/a,2026-09-02
3151,SPXC,SPXC,SPX Technologies,US,equity,sp400,,2,n/a,2026-09-02
3152,SR,SR,Spire,US,equity,sp400,,2,n/a,2026-09-02
3153,SRPT,SRPT,Sarepta Therapeutics,US,equity,sp600,,2,n/a,2026-09-02
3154,SSB,SSB,South State Bank,US,equity,sp400,,2,n/a,2026-09-02
3155,SSD,SSD,Simpson Manufacturing,US,equity,sp400,,2,n/a,2026-09-02
3156,ST,ST,Sensata Technologies Holding Plc,US,equity,sp400,,2,n/a,2026-09-02
3157,STAA,STAA,STAAR Surgical Company,US,equity,sp600,,2,n/a,2026-09-02
3158,STAG,STAG,"Stag Industrial, Inc.",US,equity,sp400,,2,n/a,2026-09-02
3159,STBA,STBA,"S&T Bancorp, Inc.",US,equity,sp600,,2,n/a,2026-09-02
3160,STC,STC,Stewart Information Services Corporation,US,equity,sp600,,2,n/a,2026-09-02
3161,STEP,STEP,StepStone Group,US,equity,sp600,,2,n/a,2026-09-02
3162,STRA,STRA,"Strategic Education, Inc.",US,equity,sp600,,2,n/a,2026-09-04
3163,STRL,STRL,"Sterling Infrastructure, Inc.",US,equity,sp400,,2,n/a,2026-09-02
3164,STWD,STWD,"Starwood Property Trust, Inc.",US,equity,sp400,,2,n/a,2026-09-02
3165,SUI,SUI,Sun Communities,US,equity,sp400,,2,n/a,2026-09-02
3166,SUPN,SUPN,"Supernus Pharmaceuticals, Inc.",US,equity,sp600,,2,n/a,2026-09-02
3167,SWX,SWX,Southwest Gas Corp,US,equity,sp400,,2,n/a,2026-09-02
3168,SXI,SXI,Standex International Corporation,US,equity,sp600,,2,n/a,2026-09-02
3169,SXT,SXT,Sensient Technologies,US,equity,sp600,,2,n/a,2026-09-02
3170,SYNA,SYNA,Synaptics,US,equity,sp400,,2,n/a,2026-09-02
3171,TALO,TALO,"Talos Energy, Inc.",US,equity,sp600,,2,n/a,2026-09-02
3172,TBBK,TBBK,"The Bancorp, Inc.",US,equity,sp600,,2,n/a,2026-09-02
3173,TCBI,TCBI,Texas Capital Bancshares,US,equity,sp400,,2,n/a,2026-09-02
3174,TDC,TDC,Teradata,US,equity,sp600,,2,n/a,2026-09-02
3175,TDS,TDS,"Telephone and Data Systems, Inc.",US,equity,sp600,,2,n/a,2026-09-02
3176,TDW,TDW,"Tidewater, Inc.",US,equity,sp600,,2,n/a,2026-09-02
3177,TEX,TEX,Terex,US,equity,sp400,,2,n/a,2026-09-02
3178,TFIN,TFIN,"Triumph Bancorp, Inc.",US,equity,sp600,,2,n/a,2026-09-02
3179,TFX,TFX,Teleflex,US,equity,sp600,,2,n/a,2026-09-02
3180,TGTX,TGTX,"TG Therapeutics, Inc.",US,equity,sp600,,2,n/a,2026-09-02
3181,THC,THC,Tenet Health,US,equity,sp400,,2,n/a,2026-09-02
3182,THG,THG,Hanover Insurance,US,equity,sp400,,2,n/a,2026-09-02
3183,THO,THO,Thor Industries,US,equity,sp400,,2,n/a,2026-09-02
3184,THRM,THRM,Gentherm Incorporated,US,equity,sp600,,2,n/a,2026-09-02
3185,TILE,TILE,"Interface, Inc.",US,equity,sp600,,2,n/a,2026-09-02
3186,TKR,TKR,Timken,US,equity,sp400,,2,n/a,2026-09-02
3187,TLN,TLN,Talen Energy,US,equity,sp400,,2,n/a,2026-09-02
3188,TMDX,TMDX,"TransMedics Group, Inc.",US,equity,sp600,,2,n/a,2026-09-02
3189,TNC,TNC,Tennant Company,US,equity,sp600,,2,n/a,2026-09-02
3190,TNDM,TNDM,Tandem Diabetes Care,US,equity,sp600,,2,n/a,2026-09-02
3191,TNL,TNL,Travel + Leisure Co.,US,equity,sp400,,2,n/a,2026-09-02
3192,TOL,TOL,Toll Brothers,US,equity,sp400,,2,n/a,2026-09-02
3193,TOST,TOST,"Toast, Inc.",US,equity,sp400,,2,n/a,2026-09-02
3194,TPC,TPC,Tutor Perini Corporation,US,equity,sp600,,2,n/a,2026-09-02
3195,TR,TR,"Tootsie Roll Industries, Inc.",US,equity,sp600,,2,n/a,2026-09-02
3196,TREX,TREX,Trex,US,equity,sp400,,2,n/a,2026-09-02
3197,TRIP,TRIP,TripAdvisor,US,equity,sp600,,2,n/a,2026-09-02
3198,TRMK,TRMK,Trustmark Corp.,US,equity,sp600,,2,n/a,2026-09-02
3199,TRN,TRN,"Trinity Industries, Inc.",US,equity,sp600,,2,n/a,2026-09-02
3200,TRNO,TRNO,Terreno Realty Corporation,US,equity,sp600,,2,n/a,2026-09-02
3201,TRST,TRST,TrustCo Bank Corp NY,US,equity,sp600,,2,n/a,2026-09-02
3202,TRU,TRU,TransUnion,US,equity,sp400,,2,n/a,2026-09-02
3203,TRUP,TRUP,Trupanion,US,equity,sp600,,2,n/a,2026-09-02
3204,TTC,TTC,Toro,US,equity,sp400,,2,n/a,2026-09-02
3205,TTEK,TTEK,Tetra Tech,US,equity,sp400,,2,n/a,2026-09-02
3206,TTMI,TTMI,TTM Technologies,US,equity,sp400,,2,n/a,2026-09-02
3207,TWLO,TWLO,Twilio,US,equity,sp400,,2,n/a,2026-09-02
3208,TXNM,TXNM,TXNM Energy,US,equity,sp400,,2,n/a,2026-09-02
3209,TXRH,TXRH,Texas Roadhouse,US,equity,sp400,,2,n/a,2026-09-02
3210,UA,UA,Under Armour,US,equity,sp600,,2,n/a,2026-09-02
3211,UAA,UAA,Under Armour,US,equity,sp600,,2,n/a,2026-09-02
3212,UBSI,UBSI,United Bankshares,US,equity,sp400,,2,n/a,2026-09-02
3213,UCB,UCB,"United Community Banks, Inc.",US,equity,sp600,,2,n/a,2026-09-02
3214,UCTT,UCTT,"Ultra Clean Holdings, Inc.",US,equity,sp600,,2,n/a,2026-09-02
3215,UE,UE,Urban Edge Properties,US,equity,sp600,,2,n/a,2026-09-02
3216,UFCS,UFCS,"United Fire Group, Inc.",US,equity,sp600,,2,n/a,2026-09-02
3217,UFPI,UFPI,UFP Industries,US,equity,sp400,,2,n/a,2026-09-02
3218,UFPT,UFPT,"UFP Technologies, Inc.",US,equity,sp600,,2,n/a,2026-09-02
3219,UGI,UGI,UGI Corp,US,equity,sp400,,2,n/a,2026-09-02
3220,ULS,ULS,UL Solutions,US,equity,sp400,,2,n/a,2026-09-02
3221,UMBF,UMBF,UMB Financial Corp.,US,equity,sp400,,2,n/a,2026-09-02
3222,UNF,UNF,UniFirst Corporation,US,equity,sp600,,2,n/a,2026-09-02
3223,UNFI,UNFI,United Natural Foods Inc,US,equity,sp600,,2,n/a,2026-09-02
3224,UNIT,UNIT,Uniti Group,US,equity,sp600,,2,n/a,2026-09-04
3225,UNM,UNM,Unum,US,equity,sp400,,2,n/a,2026-09-02
3226,UPBD,UPBD,"Upbound Group, Inc.",US,equity,sp600,,2,n/a,2026-09-02
3227,UPWK,UPWK,"Upwork, Inc.",US,equity,sp600,,2,n/a,2026-09-02
3228,URBN,URBN,"Urban Outfitters, Inc.",US,equity,sp600,,2,n/a,2026-09-02
3229,USFD,USFD,US Foods,US,equity,sp400,,2,n/a,2026-09-02
3230,USLM,USLM,"United States Lime & Minerals, Inc.",US,equity,sp600,,2,n/a,2026-09-02
3231,USPH,USPH,"U.S. Physical Therapy, Inc.",US,equity,sp600,,2,n/a,2026-09-02
3232,UTHR,UTHR,United Therapeutics,US,equity,sp400,,2,n/a,2026-09-02
3233,UTI,UTI,Universal Technical Institute,US,equity,sp600,,2,n/a,2026-09-02
3234,UTL,UTL,Unitil Corporation,US,equity,sp600,,2,n/a,2026-09-02
3235,UVV,UVV,Universal Corporation,US,equity,sp600,,2,n/a,2026-09-02
3236,VAC,VAC,Marriott Vacations Worldwide,US,equity,sp600,,2,n/a,2026-09-02
3237,VAL,VAL,Valaris,US,equity,sp400,,2,n/a,2026-09-02
3238,VC,VC,Visteon,US,equity,sp400,,2,n/a,2026-09-02
3239,VCEL,VCEL,Vericel,US,equity,sp600,,2,n/a,2026-09-02
3240,VCTR,VCTR,"Victory Capital Holdings, Inc.",US,equity,sp600,,2,n/a,2026-09-02
3241,VCYT,VCYT,"Veracyte, Inc.",US,equity,sp600,,2,n/a,2026-09-02
3242,VECO,VECO,Veeco Instruments Inc.,US,equity,sp600,,2,n/a,2026-09-02
3243,VFC,VFC,VF Corporation,US,equity,sp400,,2,n/a,2026-09-02
3244,VGNT,VGNT,Versigent PLC,US,equity,sp600,,2,n/a,2026-09-02
3245,VIAV,VIAV,Viavi Solutions,US,equity,sp400,,2,n/a,2026-09-02
3246,VICR,VICR,Vicor Corporation,US,equity,sp400,,2,n/a,2026-09-02
3247,VIR,VIR,"Vir Biotechnology, Inc.",US,equity,sp600,,2,n/a,2026-09-02
3248,VIRT,VIRT,"Virtu Financial, Inc.",US,equity,sp600,,2,n/a,2026-09-02
3249,VLY,VLY,Valley Bank,US,equity,sp400,,2,n/a,2026-09-02
3250,VMI,VMI,Valmont Industries,US,equity,sp400,,2,n/a,2026-09-02
3251,VNO,VNO,Vornado Realty Trust,US,equity,sp400,,2,n/a,2026-09-02
3252,VNOM,VNOM,"Viper Energy, Inc.",US,equity,sp400,,2,n/a,2026-09-02
3253,VNT,VNT,Vontier,US,equity,sp400,,2,n/a,2026-09-02
3254,VOYA,VOYA,Voya Financial,US,equity,sp400,,2,n/a,2026-09-02
3255,VRRM,VRRM,Verra Mobility Corporation,US,equity,sp600,,2,n/a,2026-09-02
3256,VRTS,VRTS,"Virtus Investment Partners, Inc.",US,equity,sp600,,2,n/a,2026-09-02
3257,VSAT,VSAT,"Viasat, Inc.",US,equity,sp600,,2,n/a,2026-09-02
3258,VSEC,VSEC,VSE Corporation,US,equity,sp600,,2,n/a,2026-09-02
3259,VSH,VSH,Vishay Intertechnology,US,equity,sp600,,2,n/a,2026-09-02
3260,VSNT,VSNT,"Versant Media Group, Inc.",US,equity,sp600,,2,n/a,2026-09-02
3261,VSTS,VSTS,Vestis,US,equity,sp600,,2,n/a,2026-09-02
3262,VSXY,VSXY,Victoria's Secret,US,equity,sp600,,2,n/a,2026-09-02
3263,VTOL,VTOL,Bristow Group Inc.,US,equity,sp600,,2,n/a,2026-09-02
3264,VVV,VVV,Valvoline,US,equity,sp400,,2,n/a,2026-09-02
3265,VVX,VVX,"V2X, Inc.",US,equity,sp600,,2,n/a,2026-09-02
3266,VYX,VYX,NCR Voyix,US,equity,sp600,,2,n/a,2026-09-04
3267,WABC,WABC,Westamerica Bank,US,equity,sp600,,2,n/a,2026-09-02
3268,WAFD,WAFD,"WaFd, Inc.",US,equity,sp600,,2,n/a,2026-09-02
3269,WAL,WAL,Western Alliance Bancorporation,US,equity,sp400,,2,n/a,2026-09-02
3270,WAY,WAY,Waystar Holding Corp,US,equity,sp600,,2,n/a,2026-09-02
3271,WCC,WCC,WESCO International,US,equity,sp400,,2,n/a,2026-09-02
3272,WD,WD,"Walker & Dunlop, Inc.",US,equity,sp600,,2,n/a,2026-09-02
3273,WDFC,WDFC,WD-40 Company,US,equity,sp600,,2,n/a,2026-09-02
3274,WEN,WEN,The Wendy's Company,US,equity,sp600,,2,n/a,2026-09-02
3275,WERN,WERN,Werner Enterprises,US,equity,sp600,,2,n/a,2026-09-02
3276,WEX,WEX,WEX Inc.,US,equity,sp400,,2,n/a,2026-09-02
3277,WFRD,WFRD,Weatherford International,US,equity,sp400,,2,n/a,2026-09-02
3278,WGO,WGO,"Winnebago Industries, Inc.",US,equity,sp600,,2,n/a,2026-09-02
3279,WH,WH,Wyndham Hotels & Resorts,US,equity,sp400,,2,n/a,2026-09-02
3280,WHD,WHD,"Cactus, Inc.",US,equity,sp600,,2,n/a,2026-09-02
3281,WHR,WHR,Whirlpool Corporation,US,equity,sp400,,2,n/a,2026-09-02
3282,WINA,WINA,Winmark,US,equity,sp600,,2,n/a,2026-09-02
3283,WING,WING,Wingstop,US,equity,sp400,,2,n/a,2026-09-02
3284,WKC,WKC,World Kinect Corporation,US,equity,sp600,,2,n/a,2026-09-02
3285,WLK,WLK,Westlake Corporation,US,equity,sp400,,2,n/a,2026-09-02
3286,WLY,WLY,John Wiley & Sons,US,equity,sp600,,2,n/a,2026-09-02
3287,WMG,WMG,Warner Music Group,US,equity,sp400,,2,n/a,2026-09-02
3288,WMS,WMS,Advanced Drainage Systems,US,equity,sp400,,2,n/a,2026-09-02
3289,WOR,WOR,Worthington Enterprises,US,equity,sp600,,2,n/a,2026-09-02
3290,WPC,WPC,W. P. Carey,US,equity,sp400,,2,n/a,2026-09-02
3291,WRBY,WRBY,Warby Parker,US,equity,sp600,,2,n/a,2026-09-02
3292,WRLD,WRLD,World Acceptance Corporation,US,equity,sp600,,2,n/a,2026-09-02
3293,WS,WS,Worthington Steel,US,equity,sp600,,2,n/a,2026-09-02
3294,WSBC,WSBC,WesBanco,US,equity,sp600,,2,n/a,2026-09-02
3295,WSC,WSC,WillScot Holdings Corp.,US,equity,sp600,,2,n/a,2026-09-02
3296,WSFS,WSFS,WSFS Financial Corporation,US,equity,sp600,,2,n/a,2026-09-02
3297,WSO,WSO,Watsco,US,equity,sp400,,2,n/a,2026-09-02
3298,WT,WT,"WisdomTree Investments, Inc.",US,equity,sp600,,2,n/a,2026-09-02
3299,WTFC,WTFC,Wintrust Financial,US,equity,sp400,,2,n/a,2026-09-02
3300,WTRG,WTRG,Essential Utilities,US,equity,sp400,,2,n/a,2026-09-02
3301,WTS,WTS,Watts Water Technologies,US,equity,sp400,,2,n/a,2026-09-02
3302,WU,WU,Western Union,US,equity,sp600,,2,n/a,2026-09-02
3303,WWD,WWD,"Woodward, Inc.",US,equity,sp400,,2,n/a,2026-09-02
3304,WWW,WWW,"Wolverine World Wide, Inc.",US,equity,sp600,,2,n/a,2026-09-02
3305,XHR,XHR,"Xenia Hotels & Resorts, Inc.",US,equity,sp600,,2,n/a,2026-09-02
3306,XNCR,XNCR,Xencor Inc,US,equity,sp600,,2,n/a,2026-09-02
3307,XPEL,XPEL,"XPEL, Inc.",US,equity,sp600,,2,n/a,2026-09-02
3308,XPO,XPO,"XPO, Inc.",US,equity,sp400,,2,n/a,2026-09-02
3309,XRAY,XRAY,Dentsply Sirona,US,equity,sp400,,2,n/a,2026-09-02
3310,YELP,YELP,"Yelp, Inc.",US,equity,sp600,,2,n/a,2026-09-02
3311,YETI,YETI,Yeti Holdings,US,equity,sp400,,2,n/a,2026-09-02
3312,YOU,YOU,"Clear Secure, Inc.",US,equity,sp600,,2,n/a,2026-09-02
3313,ZD,ZD,Ziff Davis,US,equity,sp600,,2,n/a,2026-09-02
3314,ZION,ZION,Zions Bancorporation,US,equity,sp400,,2,n/a,2026-09-02
3315,ZWS,ZWS,Zurn Elkay Water Solutions Corp.,US,equity,sp600,,2,n/a,2026-09-02
3316,TE-XPAR,TE.PA,Technip Energies N.V.,FR,equity,sbf120,,2,n/a,2026-09-03
3317,2CC-XNZE,2CC.NZ,2 Cheap Cars Group Limited,NZ,equity,nz-curated,,2,n/a,2026-09-03
3318,AFT-XNZE,AFT.NZ,,NZ,equity,nz-curated,,2,n/a,2026-09-03
3319,AGL-XNZE,AGL.NZ,,NZ,equity,nz-curated,,2,n/a,2026-09-03
3320,AIA-XNZE,AIA.NZ,Auckland International Airport Limited,NZ,equity,nz-curated,,2,n/a,2026-09-03
3321,AIR-XNZE,AIR.NZ,Air New Zealand,NZ,equity,nz-curated,,2,n/a,2026-09-03
3322,ALF-XNZE,ALF.NZ,,NZ,equity,nz-curated,,2,n/a,2026-09-03
3323,AOF-XNZE,AOF.NZ,,NZ,equity,nz-curated,,2,n/a,2026-09-03
3324,APL-XNZE,APL.NZ,,NZ,equity,nz-curated,,2,n/a,2026-09-03
3325,ARB-XNZE,ARB.NZ,,NZ,equity,nz-curated,,2,n/a,2026-09-03
3326,ARG-XNZE,ARG.NZ,,NZ,equity,nz-curated,,2,n/a,2026-09-03
3327,ATM-XNZE,ATM.NZ,The a2 Milk Company,NZ,equity,nz-curated,,2,n/a,2026-09-03
3328,BAI-XNZE,BAI.NZ,,NZ,equity,nz-curated,,2,n/a,2026-09-03
3329,BFG-XNZE,BFG.NZ,BurgerFuel,NZ,equity,nz-curated,,2,n/a,2026-09-03
3330,BGP-XNZE,BGP.NZ,Briscoe Group,NZ,equity,nz-curated,,2,n/a,2026-09-03
3331,BLT-XNZE,BLT.NZ,,NZ,equity,nz-curated,,2,n/a,2026-09-03
3332,BPG-XNZE,BPG.NZ,,NZ,equity,nz-curated,,2,n/a,2026-09-03
3333,BRM-XNZE,BRM.NZ,,NZ,equity,nz-curated,,2,n/a,2026-09-03
3334,BRW-XNZE,BRW.NZ,,NZ,equity,nz-curated,,2,n/a,2026-09-03
3335,CCC-XNZE,CCC.NZ,,NZ,equity,nz-curated,,2,n/a,2026-09-03
3336,CDI-XNZE,CDI.NZ,,NZ,equity,nz-curated,,2,n/a,2026-09-03
3337,CEN-XNZE,CEN.NZ,Contact Energy,NZ,equity,nz-curated,,2,n/a,2026-09-03
3338,CHI-XNZE,CHI.NZ,,NZ,equity,nz-curated,,2,n/a,2026-09-03
3339,CMO-XNZE,CMO.NZ,,NZ,equity,nz-curated,,2,n/a,2026-09-03
3340,CNU-XNZE,CNU.NZ,Chorus Limited,NZ,equity,nz-curated,,2,n/a,2026-09-03
3341,CVT-XNZE,CVT.NZ,,NZ,equity,nz-curated,,2,n/a,2026-09-03
3342,DGL-XNZE,DGL.NZ,DGL,NZ,equity,nz-curated,,2,n/a,2026-09-03
3343,EBO-XNZE,EBO.NZ,EBOS GROUP LIMITED,NZ,equity,nz-curated,,2,n/a,2026-09-03
3344,ENS-XNZE,ENS.NZ,,NZ,equity,nz-curated,,2,n/a,2026-09-03
3345,ERD-XNZE,ERD.NZ,,NZ,equity,nz-curated,,2,n/a,2026-09-03
3346,FBU-XNZE,FBU.NZ,Fletcher Building,NZ,equity,nz-curated,,2,n/a,2026-09-03
3347,FCG-XNZE,FCG.NZ,Fonterra,NZ,equity,nz-curated,,2,n/a,2026-09-03
3348,FPH-XNZE,FPH.NZ,Fisher & Paykel Healthcare,NZ,equity,nz-curated,,2,n/a,2026-09-03
3349,FRW-XNZE,FRW.NZ,Freightways,NZ,equity,nz-curated,,2,n/a,2026-09-03
3350,FSF-XNZE,FSF.NZ,Fonterra Shareholders' Fund,NZ,equity,nz-curated,,2,n/a,2026-09-03
3351,FWL-XNZE,FWL.NZ,,NZ,equity,nz-curated,,2,n/a,2026-09-03
3352,GEN-XNZE,GEN.NZ,,NZ,equity,nz-curated,,2,n/a,2026-09-03
3353,GNE-XNZE,GNE.NZ,Genesis Energy Limited,NZ,equity,nz-curated,,2,n/a,2026-09-03
3354,GNZ-XNZE,GNZ.NZ,Goodman NZ Ltd & Goodman Property Services Ltd,NZ,equity,nz-curated,,2,n/a,2026-09-03
3355,GTK-XNZE,GTK.NZ,Gentrack Group Limited,NZ,equity,nz-curated,,2,n/a,2026-09-03
3356,GXH-XNZE,GXH.NZ,Green Cross Health Limited,NZ,equity,nz-curated,,2,n/a,2026-09-03
3357,HGH-XNZE,HGH.NZ,HEARTLAND GROUP HOLDINGS LIMITED,NZ,equity,nz-curated,,2,n/a,2026-09-03
3358,HLG-XNZE,HLG.NZ,Hallenstein Glasson Holdings Limited,NZ,equity,nz-curated,,2,n/a,2026-09-03
3359,IFT-XNZE,IFT.NZ,Infratil,NZ,equity,nz-curated,,2,n/a,2026-09-03
3360,IKE-XNZE,IKE.NZ,ikeGPS Group Limited,NZ,equity,nz-curated,,2,n/a,2026-09-03
3361,IPL-XNZE,IPL.NZ,Investore Property Limited,NZ,equity,nz-curated,,2,n/a,2026-09-03
3362,KFL-XNZE,KFL.NZ,Kingfish Limited,NZ,equity,nz-curated,,2,n/a,2026-09-03
3363,KPG-XNZE,KPG.NZ,Kiwi Property Group Limited,NZ,equity,nz-curated,,2,n/a,2026-09-03
3364,KWBHB-XNZE,KWBHB.NZ,Kiwibank Limited,NZ,equity,nz-curated,,2,n/a,2026-09-03
3365,LIC-XNZE,LIC.NZ,Livestock Improvement Corporation Limited,NZ,equity,nz-curated,,2,n/a,2026-09-03
3366,LOC-XNZE,LOC.NZ,Locate Technologies Limited,NZ,equity,nz-curated,,2,n/a,2026-09-03
3367,MCK-XNZE,MCK.NZ,Millennium & Copthorne Hotels New Zealand Limited,NZ,equity,nz-curated,,2,n/a,2026-09-03
3368,MCY-XNZE,MCY.NZ,Mercury Energy,NZ,equity,nz-curated,,2,n/a,2026-09-03
3369,MEE-XNZE,MEE.NZ,Me Today Limited,NZ,equity,nz-curated,,2,n/a,2026-09-03
3370,MEL-XNZE,MEL.NZ,Meridian Energy,NZ,equity,nz-curated,,2,n/a,2026-09-03
3371,MFB-XNZE,MFB.NZ,My Food Bag,NZ,equity,nz-curated,,2,n/a,2026-09-03
3372,MFT-XNZE,MFT.NZ,Mainfreight,NZ,equity,nz-curated,,2,n/a,2026-09-03
3373,MLN-XNZE,MLN.NZ,Marlin Global Limited,NZ,equity,nz-curated,,2,n/a,2026-09-03
3374,MOV-XNZE,MOV.NZ,Move Logistics Group Limited,NZ,equity,nz-curated,,2,n/a,2026-09-03
3375,MPG-XNZE,MPG.NZ,Metro Performance Glass Limited,NZ,equity,nz-curated,,2,n/a,2026-09-03
3376,NPH-XNZE,NPH.NZ,Napier Port Holdings Limited,NZ,equity,nz-curated,,2,n/a,2026-09-03
3377,NTL-XNZE,NTL.NZ,New Talisman Gold Mines Limited,NZ,equity,nz-curated,,2,n/a,2026-09-03
3378,NZK-XNZE,NZK.NZ,New Zealand King Salmon,NZ,equity,nz-curated,,2,n/a,2026-09-03
3379,NZL-XNZE,NZL.NZ,New Zealand Rural Land Company Limited,NZ,equity,nz-curated,,2,n/a,2026-09-03
3380,NZM-XNZE,NZM.NZ,NZME Limited,NZ,equity,nz-curated,,2,n/a,2026-09-03
3381,NZX-XNZE,NZX.NZ,NZX Limited,NZ,equity,nz-curated,,2,n/a,2026-09-03
3382,OCA-XNZE,OCA.NZ,Oceania Healthcare Limited,NZ,equity,nz-curated,,2,n/a,2026-09-03
3383,PCT-XNZE,PCT.NZ,Precinct Properties,NZ,equity,nz-curated,,2,n/a,2026-09-03
3384,PEB-XNZE,PEB.NZ,Pacific Edge Limited,NZ,equity,nz-curated,,2,n/a,2026-09-03
3385,PFI-XNZE,PFI.NZ,Property for Industry Limited,NZ,equity,nz-curated,,2,n/a,2026-09-03
3386,PGW-XNZE,PGW.NZ,PGG Wrightson Limited,NZ,equity,nz-curated,,2,n/a,2026-09-03
3387,PHL-XNZE,PHL.NZ,Promisia Healthcare Limited,NZ,equity,nz-curated,,2,n/a,2026-09-03
3388,POT-XNZE,POT.NZ,Port of Tauranga,NZ,equity,nz-curated,,2,n/a,2026-09-03
3389,PYS-XNZE,PYS.NZ,PaySauce Limited,NZ,equity,nz-curated,,2,n/a,2026-09-03
3390,RAD-XNZE,RAD.NZ,Radius Residential Care Limited,NZ,equity,nz-curated,,2,n/a,2026-09-03
3391,RTO-XNZE,RTO.NZ,RTO Limited,NZ,equity,nz-curated,,2,n/a,2026-09-03
3392,RUA-XNZE,RUA.NZ,Rua Bioscience Limited,NZ,equity,nz-curated,,2,n/a,2026-09-03
3393,RYM-XNZE,RYM.NZ,Ryman Healthcare,NZ,equity,nz-curated,,2,n/a,2026-09-03
3394,SAN-XNZE,SAN.NZ,Sanford Limited,NZ,equity,nz-curated,,2,n/a,2026-09-03
3395,SCL-XNZE,SCL.NZ,Scales Corporation Limited,NZ,equity,nz-curated,,2,n/a,2026-09-03
3396,SCT-XNZE,SCT.NZ,Scott Technology Limited,NZ,equity,nz-curated,,2,n/a,2026-09-03
3397,SDL-XNZE,SDL.NZ,Solution Dynamics Limited,NZ,equity,nz-curated,,2,n/a,2026-09-03
3398,SEK-XNZE,SEK.NZ,Seeka Limited,NZ,equity,nz-curated,,2,n/a,2026-09-03
3399,SKC-XNZE,SKC.NZ,Skycity Entertainment Group,NZ,equity,nz-curated,,2,n/a,2026-09-03
3400,SKL-XNZE,SKL.NZ,Skellerup Holdings Limited,NZ,equity,nz-curated,,2,n/a,2026-09-03
3401,SKO-XNZE,SKO.NZ,Serko,NZ,equity,nz-curated,,2,n/a,2026-09-03
3402,SKT-XNZE,SKT.NZ,Sky Network Television Limited,NZ,equity,nz-curated,,2,n/a,2026-09-03
3403,SML-XNZE,SML.NZ,Synlait,NZ,equity,nz-curated,,2,n/a,2026-09-03
3404,SPG-XNZE,SPG.NZ,Stride Property,NZ,equity,nz-curated,,2,n/a,2026-09-03
3405,SPK-XNZE,SPK.NZ,Spark New Zealand,NZ,equity,nz-curated,,2,n/a,2026-09-03
3406,SPN-XNZE,SPN.NZ,South Port New Zealand Limited,NZ,equity,nz-curated,,2,n/a,2026-09-03
3407,STU-XNZE,STU.NZ,Steel & Tube Holdings Limited,NZ,equity,nz-curated,,2,n/a,2026-09-03
3408,SUM-XNZE,SUM.NZ,Summerset Group,NZ,equity,nz-curated,,2,n/a,2026-09-03
3409,SVR-XNZE,SVR.NZ,Savor Limited,NZ,equity,nz-curated,,2,n/a,2026-09-03
3410,TAH-XNZE,TAH.NZ,Third Age Health Services Limited,NZ,equity,nz-curated,,2,n/a,2026-09-03
3411,TCM-XNZE,TCM.NZ,Tāiko Critical Minerals Limited,NZ,equity,nz-curated,,2,n/a,2026-09-03
3412,TGG-XNZE,TGG.NZ,T&G Global Limited,NZ,equity,nz-curated,,2,n/a,2026-09-03
3413,THL-XNZE,THL.NZ,Tourism Holdings Limited,NZ,equity,nz-curated,,2,n/a,2026-09-03
3414,TRA-XNZE,TRA.NZ,Turners Automotive Group Limited,NZ,equity,nz-curated,,2,n/a,2026-09-03
3415,TRU-XNZE,TRU.NZ,TruScreen Group Limited,NZ,equity,nz-curated,,2,n/a,2026-09-03
3416,TWL-XNZE,TWL.NZ,Trade Window Holdings Limited,NZ,equity,nz-curated,,2,n/a,2026-09-03
3417,TWR-XNZE,TWR.NZ,Tower Limited,NZ,equity,nz-curated,,2,n/a,2026-09-03
3418,VCT-XNZE,VCT.NZ,Vector Limited,NZ,equity,nz-curated,,2,n/a,2026-09-03
3419,VGL-XNZE,VGL.NZ,Vista Entertainment Solutions,NZ,equity,nz-curated,,2,n/a,2026-09-03
3420,VHP-XNZE,VHP.NZ,Vital Healthcare Property Trust,NZ,equity,nz-curated,,2,n/a,2026-09-03
3421,WCO-XNZE,WCO.NZ,WasteCo Group Limited,NZ,equity,nz-curated,,2,n/a,2026-09-03
3422,WHS-XNZE,WHS.NZ,The Warehouse Group,NZ,equity,nz-curated,,2,n/a,2026-09-03
3423,WIN-XNZE,WIN.NZ,Winton Land Limited,NZ,equity,nz-curated,,2,n/a,2026-09-03
3424,AAUC,AAUC,Allied Gold Corporation,US,dual-listing,us-dual-listing,AAUC-XTSE,2,n/a,2026-09-04
3425,AEM,AEM,Agnico Eagle Mines Limited,US,dual-listing,us-dual-listing,AEM-XTSE,2,n/a,2026-09-04
3426,AG,AG,First Majestic Silver Corp.,US,dual-listing,us-dual-listing,AG-XTSE,2,n/a,2026-09-04
3427,AGI,AGI,Alamos Gold Inc.,US,dual-listing,us-dual-listing,AGI-XTSE,2,n/a,2026-09-04
3428,AQN,AQN,Algonquin Power & Utilities Corp.,US,dual-listing,us-dual-listing,AQN-XTSE,2,n/a,2026-09-04
3429,AQNB,AQNB,Algonquin Power & Utilities Corp.,US,dual-listing,us-dual-listing,AQN-XTSE,2,n/a,2026-09-04
3430,ARIS,ARIS,Aris Mining Corporation,US,dual-listing,us-dual-listing,ARIS-XTSE,2,n/a,2026-09-04
3431,ASM,ASM,Avino Silver & Gold Mines Ltd.,US,dual-listing,us-dual-listing,ASM-XTSE,2,n/a,2026-09-04
3432,AYA,AYA,Aya Gold & Silver Inc.,US,dual-listing,us-dual-listing,AYA-XTSE,2,n/a,2026-09-04
3433,B,B,Barrick Mining Corporation,US,dual-listing,us-dual-listing,ABX-XTSE,2,n/a,2026-09-04
3434,BAM,BAM,Brookfield Asset Management Ltd.,US,dual-listing,us-dual-listing,BAM-XTSE,2,n/a,2026-09-04
3435,BB,BB,BlackBerry Limited,US,dual-listing,us-dual-listing,BB-XTSE,2,n/a,2026-09-04
3436,BBUC,BBUC,Brookfield Business Corporation,US,dual-listing,us-dual-listing,BBUC-XTSE,2,n/a,2026-09-04
3437,BEP,BEP,Brookfield Renewable Partners L.P.,US,dual-listing,us-dual-listing,BEP-UN-XTSE,2,n/a,2026-09-04
3438,BEPH,BEPH,Brookfield Renewable Partners L.P.,US,dual-listing,us-dual-listing,BEP-UN-XTSE,2,n/a,2026-09-04
3439,BEPI,BEPI,Brookfield Renewable Partners L.P.,US,dual-listing,us-dual-listing,BEP-UN-XTSE,2,n/a,2026-09-04
3440,BEPJ,BEPJ,Brookfield Renewable Partners L.P.,US,dual-listing,us-dual-listing,BEP-UN-XTSE,2,n/a,2026-09-04
3441,BGSI,BGSI,Boyd Group Services Inc.,US,dual-listing,us-dual-listing,BYD-XTSE,2,n/a,2026-09-04
3442,BHC,BHC,Bausch Health Companies Inc.,US,dual-listing,us-dual-listing,BHC-XTSE,2,n/a,2026-09-04
3443,BIP,BIP,Brookfield Infrastructure Partners L.P.,US,dual-listing,us-dual-listing,BIP-UN-XTSE,2,n/a,2026-09-04
3444,BIPH,BIPH,Brookfield Infrastructure Partners L.P.,US,dual-listing,us-dual-listing,BIP-UN-XTSE,2,n/a,2026-09-04
3445,BIPI,BIPI,Brookfield Infrastructure Partners L.P.,US,dual-listing,us-dual-listing,BIP-UN-XTSE,2,n/a,2026-09-04
3446,BIPJ,BIPJ,Brookfield Infrastructure Partners L.P.,US,dual-listing,us-dual-listing,BIP-UN-XTSE,2,n/a,2026-09-04
3447,BNS,BNS,Bank of Nova Scotia,US,dual-listing,us-dual-listing,BNS-XTSE,2,n/a,2026-09-04
3448,BTE,BTE,Baytex Energy Corp.,US,dual-listing,us-dual-listing,BTE-XTSE,2,n/a,2026-09-04
3449,BTG,BTG,B2Gold Corp.,US,dual-listing,us-dual-listing,BTO-XTSE,2,n/a,2026-09-04
3450,CCEP,CCEP,Coca-Cola Europacific Partners,US,dual-listing,us-dual-listing,CCEP-XLON,2,n/a,2026-09-04
3451,CCJ,CCJ,Cameco Corporation,US,dual-listing,us-dual-listing,CCO-XTSE,2,n/a,2026-09-04
3452,CGAU,CGAU,Centerra Gold Inc.,US,dual-listing,us-dual-listing,CG-XTSE,2,n/a,2026-09-04
3453,CIGI,CIGI,Colliers International Group Inc.,US,dual-listing,us-dual-listing,CIGI-XTSE,2,n/a,2026-09-04
3454,CLS,CLS,Celestica Inc.,US,dual-listing,us-dual-listing,CLS-XTSE,2,n/a,2026-09-04
3455,CNQ,CNQ,Canadian Natural Resources Limited,US,dual-listing,us-dual-listing,CNQ-XTSE,2,n/a,2026-09-04
3456,CVE,CVE,Cenovus Energy Inc.,US,dual-listing,us-dual-listing,CVE-XTSE,2,n/a,2026-09-04
3457,DNN,DNN,Denison Mines Corp.,US,dual-listing,us-dual-listing,DML-XTSE,2,n/a,2026-09-04
3458,DSGX,DSGX,Descartes Systems Group Inc.,US,dual-listing,us-dual-listing,DSG-XTSE,2,n/a,2026-09-04
3459,ENB,ENB,Enbridge Inc.,US,dual-listing,us-dual-listing,ENB-XTSE,2,n/a,2026-09-04
3460,EQX,EQX,Equinox Gold Corp.,US,dual-listing,us-dual-listing,EQX-XTSE,2,n/a,2026-09-04
3461,ERO,ERO,Ero Copper Corp.,US,dual-listing,us-dual-listing,ERO-XTSE,2,n/a,2026-09-04
3462,EVO,EVO,Evotec SE,US,dual-listing,us-dual-listing,EVT-XETR,2,n/a,2026-09-04
3463,EXK,EXK,Endeavour Silver Corp.,US,dual-listing,us-dual-listing,EDR-XTSE,2,n/a,2026-09-04
3464,FMS,FMS,Fresenius Medical Care,US,dual-listing,us-dual-listing,FME-XETR,2,n/a,2026-09-04
3465,FNV,FNV,Franco-Nevada Corporation,US,dual-listing,us-dual-listing,FNV-XTSE,2,n/a,2026-09-04
3466,FSM,FSM,Fortuna Mining Corp.,US,dual-listing,us-dual-listing,FVI-XTSE,2,n/a,2026-09-04
3467,FSV,FSV,FirstService Corporation,US,dual-listing,us-dual-listing,FSV-XTSE,2,n/a,2026-09-04
3468,FTS,FTS,Fortis Inc.,US,dual-listing,us-dual-listing,FTS-XTSE,2,n/a,2026-09-04
3469,GFL,GFL,GFL Environmental Inc.,US,dual-listing,us-dual-listing,GFL-XTSE,2,n/a,2026-09-04
3470,GIL,GIL,Gildan Activewear Inc.,US,dual-listing,us-dual-listing,GIL-XTSE,2,n/a,2026-09-04
3471,HBM,HBM,Hudbay Minerals Inc.,US,dual-listing,us-dual-listing,HBM-XTSE,2,n/a,2026-09-04
3472,HLN,HLN,Haleon,US,dual-listing,us-dual-listing,HLN-XLON,2,n/a,2026-09-04
3473,IAG,IAG,Iamgold Corporation,US,dual-listing,us-dual-listing,IMG-XTSE,2,n/a,2026-09-04
3474,IAUX,IAUX,I-80 Gold Corp.,US,dual-listing,us-dual-listing,IAU-XTSE,2,n/a,2026-09-04
3475,IMO,IMO,Imperial Oil Limited,US,dual-listing,us-dual-listing,IMO-XTSE,2,n/a,2026-09-04
3476,KGC,KGC,Kinross Gold Corporation,US,dual-listing,us-dual-listing,K-XTSE,2,n/a,2026-09-04
3477,LAC,LAC,Lithium Americas Corp.,US,dual-listing,us-dual-listing,LAC-XTSE,2,n/a,2026-09-04
3478,LNWO,LNWO,Light & Wonder,US,dual-listing,us-dual-listing,LNW-XASX,2,n/a,2026-09-04
3479,LSPD,LSPD,Lightspeed Commerce Inc.,US,dual-listing,us-dual-listing,LSPD-XTSE,2,n/a,2026-09-04
3480,MDA,MDA,MDA Space Ltd.,US,dual-listing,us-dual-listing,MDA-XTSE,2,n/a,2026-09-04
3481,MEOH,MEOH,Methanex Corporation,US,dual-listing,us-dual-listing,MX-XTSE,2,n/a,2026-09-04
3482,MESO,MESO,Mesoblast,US,dual-listing,us-dual-listing,MSB-XASX,2,n/a,2026-09-04
3483,MFC,MFC,Manulife Financial Corporation,US,dual-listing,us-dual-listing,MFC-XTSE,2,n/a,2026-09-04
3484,MGA,MGA,Magna International Inc.,US,dual-listing,us-dual-listing,MG-XTSE,2,n/a,2026-09-04
3485,NG,NG,NovaGold Resources Inc.,US,dual-listing,us-dual-listing,NG-XTSE,2,n/a,2026-09-04
3486,NGG,NGG,National Grid plc,US,dual-listing,us-dual-listing,NG-XLON,2,n/a,2026-09-04
3487,NTR,NTR,Nutrien Ltd.,US,dual-listing,us-dual-listing,NTR-XTSE,2,n/a,2026-09-04
3488,NWG,NWG,NatWest Group,US,dual-listing,us-dual-listing,NWG-XLON,2,n/a,2026-09-04
3489,NXE,NXE,Nexgen Energy,US,dual-listing,us-dual-listing,NXG-XASX,2,n/a,2026-09-04
3490,OGC,OGC,OceanaGold Corporation,US,dual-listing,us-dual-listing,OGC-XTSE,2,n/a,2026-09-04
3491,OTEX,OTEX,Open Text Corporation,US,dual-listing,us-dual-listing,OTEX-XTSE,2,n/a,2026-09-04
3492,PAAS,PAAS,Pan American Silver Corp.,US,dual-listing,us-dual-listing,PAAS-XTSE,2,n/a,2026-09-04
3493,PBA,PBA,Pembina Pipeline Corporation,US,dual-listing,us-dual-listing,PPL-XTSE,2,n/a,2026-09-04
3494,PPTA,PPTA,Perpetua Resources Corp.,US,dual-listing,us-dual-listing,PPTA-XTSE,2,n/a,2026-09-04
3495,PS,PS,Pershing Square Holdings,US,dual-listing,us-dual-listing,PSH-XLON,2,n/a,2026-09-04
3496,PSO,PSO,Pearson plc,US,dual-listing,us-dual-listing,PSON-XLON,2,n/a,2026-09-04
3497,PUK,PUK,Prudential plc,US,dual-listing,us-dual-listing,PRU-XLON,2,n/a,2026-09-04
3498,QSR,QSR,Restaurant Brands International Inc.,US,dual-listing,us-dual-listing,QSR-XTSE,2,n/a,2026-09-04
3499,RCI,RCI,Rogers Communications Inc.,US,dual-listing,us-dual-listing,RCI-B-XTSE,2,n/a,2026-09-04
3500,RY,RY,Royal Bank of Canada,US,dual-listing,us-dual-listing,RY-XTSE,2,n/a,2026-09-04
3501,SA,SA,Seabridge Gold Inc.,US,dual-listing,us-dual-listing,SEA-XTSE,2,n/a,2026-09-04
3502,SII,SII,Sprott Inc.,US,dual-listing,us-dual-listing,SII-XTSE,2,n/a,2026-09-04
3503,SKE,SKE,Skeena Resources Limited,US,dual-listing,us-dual-listing,SKE-XTSE,2,n/a,2026-09-04
3504,SLF,SLF,Sun Life Financial Inc.,US,dual-listing,us-dual-listing,SLF-XTSE,2,n/a,2026-09-04
3505,SNN,SNN,Smith & Nephew,US,dual-listing,us-dual-listing,SN-XLON,2,n/a,2026-09-04
3506,SOBO,SOBO,South Bow Corporation,US,dual-listing,us-dual-listing,SOBO-XTSE,2,n/a,2026-09-04
3507,SSRM,SSRM,SSR Mining Inc.,US,dual-listing,us-dual-listing,SSRM-XTSE,2,n/a,2026-09-04
3508,STN,STN,Stantec Inc.,US,dual-listing,us-dual-listing,STN-XTSE,2,n/a,2026-09-04
3509,SVM,SVM,Silvercorp Metals Inc.,US,dual-listing,us-dual-listing,SVM-XTSE,2,n/a,2026-09-04
3510,TAC,TAC,TransAlta Corporation,US,dual-listing,us-dual-listing,TA-XTSE,2,n/a,2026-09-04
3511,TD,TD,Toronto-Dominion Bank,US,dual-listing,us-dual-listing,TD-XTSE,2,n/a,2026-09-04
3512,TECK,TECK,Teck Resources Limited,US,dual-listing,us-dual-listing,TECK-B-XTSE,2,n/a,2026-09-04
3513,TFII,TFII,TFI International Inc.,US,dual-listing,us-dual-listing,TFII-XTSE,2,n/a,2026-09-04
3514,TFPM,TFPM,Triple Flag Precious Metals Corp.,US,dual-listing,us-dual-listing,TFPM-XTSE,2,n/a,2026-09-04
3515,TLX,TLX,Telix Pharmaceuticals,US,dual-listing,us-dual-listing,TLX-XASX,2,n/a,2026-09-04
3516,TRP,TRP,TC Energy Corporation,US,dual-listing,us-dual-listing,TRP-XTSE,2,n/a,2026-09-04
3517,TU,TU,Telus Corporation,US,dual-listing,us-dual-listing,T-XTSE,2,n/a,2026-09-04
3518,USAS,USAS,Americas Gold And Silver Corporation,US,dual-listing,us-dual-listing,USA-XTSE,2,n/a,2026-09-04
3519,UUUU,UUUU,Energy Fuels Inc.,US,dual-listing,us-dual-listing,EFR-XTSE,2,n/a,2026-09-04
3520,VET,VET,Vermilion Energy Inc.,US,dual-listing,us-dual-listing,VET-XTSE,2,n/a,2026-09-04
3521,VZLA,VZLA,Vizsla Silver Corp.,US,dual-listing,us-dual-listing,VZLA-XTSE,2,n/a,2026-09-04
3522,WCN,WCN,Waste Connections Inc.,US,dual-listing,us-dual-listing,WCN-XTSE,2,n/a,2026-09-04
3523,WDS,WDS,Woodside Energy Group,US,dual-listing,us-dual-listing,WDS-XASX,2,n/a,2026-09-04
3524,WFG,WFG,West Fraser Timber Co. Ltd.,US,dual-listing,us-dual-listing,WFG-XTSE,2,n/a,2026-09-04
3525,WPM,WPM,Wheaton Precious Metals Corp.,US,dual-listing,us-dual-listing,WPM-XTSE,2,n/a,2026-09-04
3526,crypto/$PAC,$PAC,$PAC,CRYPTO,crypto,,,1,n/a,2026-09-04
3527,crypto/0XBTC,0XBTC,0XBTC,CRYPTO,crypto,,,1,n/a,2026-09-04
3528,crypto/1INCH,1INCH,1INCH,CRYPTO,crypto,,,1,n/a,2026-09-04
3529,crypto/2GIVE,2GIVE,2GIVE,CRYPTO,crypto,,,1,n/a,2026-09-04
3530,crypto/AAVE,AAVE,AAVE,CRYPTO,crypto,,,1,n/a,2026-09-04
3531,crypto/ABT,ABT,ABT,CRYPTO,crypto,,,1,n/a,2026-09-04
3532,crypto/ACT,ACT,ACT,CRYPTO,crypto,,,1,n/a,2026-09-04
3533,crypto/ACTN,ACTN,ACTN,CRYPTO,crypto,,,1,n/a,2026-09-04
3534,crypto/ADA,ADA,ADA,CRYPTO,crypto,,,1,n/a,2026-09-04
3535,crypto/ADD,ADD,ADD,CRYPTO,crypto,,,1,n/a,2026-09-04
3536,crypto/ADX,ADX,ADX,CRYPTO,crypto,,,1,n/a,2026-09-04
3537,crypto/AE,AE,AE,CRYPTO,crypto,,,1,n/a,2026-09-04
3538,crypto/AEON,AEON,AEON,CRYPTO,crypto,,,1,n/a,2026-09-04
3539,crypto/AEUR,AEUR,AEUR,CRYPTO,crypto,,,1,n/a,2026-09-04
3540,crypto/AGI,AGI,AGI,CRYPTO,crypto,,,1,n/a,2026-09-04
3541,crypto/AGRS,AGRS,AGRS,CRYPTO,crypto,,,1,n/a,2026-09-04
3542,crypto/AION,AION,AION,CRYPTO,crypto,,,1,n/a,2026-09-04
3543,crypto/ALGO,ALGO,ALGO,CRYPTO,crypto,,,1,n/a,2026-09-04
3544,crypto/AMB,AMB,AMB,CRYPTO,crypto,,,1,n/a,2026-09-04
3545,crypto/AMP,AMP,AMP,CRYPTO,crypto,,,1,n/a,2026-09-04
3546,crypto/AMPL,AMPL,AMPL,CRYPTO,crypto,,,1,n/a,2026-09-04
3547,crypto/ANKR,ANKR,ANKR,CRYPTO,crypto,,,1,n/a,2026-09-04
3548,crypto/ANT,ANT,ANT,CRYPTO,crypto,,,1,n/a,2026-09-04
3549,crypto/APE,APE,APE,CRYPTO,crypto,,,1,n/a,2026-09-04
3550,crypto/APEX,APEX,APEX,CRYPTO,crypto,,,1,n/a,2026-09-04
3551,crypto/APPC,APPC,APPC,CRYPTO,crypto,,,1,n/a,2026-09-04
3552,crypto/ARDR,ARDR,ARDR,CRYPTO,crypto,,,1,n/a,2026-09-04
3553,crypto/ARG,ARG,ARG,CRYPTO,crypto,,,1,n/a,2026-09-04
3554,crypto/ARK,ARK,ARK,CRYPTO,crypto,,,1,n/a,2026-09-04
3555,crypto/ARN,ARN,ARN,CRYPTO,crypto,,,1,n/a,2026-09-04
3556,crypto/ARNX,ARNX,ARNX,CRYPTO,crypto,,,1,n/a,2026-09-04
3557,crypto/ARY,ARY,ARY,CRYPTO,crypto,,,1,n/a,2026-09-04
3558,crypto/AST,AST,AST,CRYPTO,crypto,,,1,n/a,2026-09-04
3559,crypto/ATLAS,ATLAS,ATLAS,CRYPTO,crypto,,,1,n/a,2026-09-04
3560,crypto/ATM,ATM,ATM,CRYPTO,crypto,,,1,n/a,2026-09-04
3561,crypto/ATOM,ATOM,ATOM,CRYPTO,crypto,,,1,n/a,2026-09-04
3562,crypto/AUDR,AUDR,AUDR,CRYPTO,crypto,,,1,n/a,2026-09-04
3563,crypto/AURY,AURY,AURY,CRYPTO,crypto,,,1,n/a,2026-09-04
3564,crypto/AUTO,AUTO,AUTO,CRYPTO,crypto,,,1,n/a,2026-09-04
3565,crypto/AVAX,AVAX,AVAX,CRYPTO,crypto,,,1,n/a,2026-09-04
3566,crypto/AYWA,AYWA,AYWA,CRYPTO,crypto,,,1,n/a,2026-09-04
3567,crypto/BAB,BAB,BAB,CRYPTO,crypto,,,1,n/a,2026-09-04
3568,crypto/BAL,BAL,BAL,CRYPTO,crypto,,,1,n/a,2026-09-04
3569,crypto/BAND,BAND,BAND,CRYPTO,crypto,,,1,n/a,2026-09-04
3570,crypto/BAT,BAT,BAT,CRYPTO,crypto,,,1,n/a,2026-09-04
3571,crypto/BAY,BAY,BAY,CRYPTO,crypto,,,1,n/a,2026-09-04
3572,crypto/BCBC,BCBC,BCBC,CRYPTO,crypto,,,1,n/a,2026-09-04
3573,crypto/BCC,BCC,BCC,CRYPTO,crypto,,,1,n/a,2026-09-04
3574,crypto/BCD,BCD,BCD,CRYPTO,crypto,,,1,n/a,2026-09-04
3575,crypto/BCH,BCH,BCH,CRYPTO,crypto,,,1,n/a,2026-09-04
3576,crypto/BCIO,BCIO,BCIO,CRYPTO,crypto,,,1,n/a,2026-09-04
3577,crypto/BCN,BCN,BCN,CRYPTO,crypto,,,1,n/a,2026-09-04
3578,crypto/BCO,BCO,BCO,CRYPTO,crypto,,,1,n/a,2026-09-04
3579,crypto/BCPT,BCPT,BCPT,CRYPTO,crypto,,,1,n/a,2026-09-04
3580,crypto/BDL,BDL,BDL,CRYPTO,crypto,,,1,n/a,2026-09-04
3581,crypto/BEAM,BEAM,BEAM,CRYPTO,crypto,,,1,n/a,2026-09-04
3582,crypto/BELA,BELA,BELA,CRYPTO,crypto,,,1,n/a,2026-09-04
3583,crypto/BIX,BIX,BIX,CRYPTO,crypto,,,1,n/a,2026-09-04
3584,crypto/BLCN,BLCN,BLCN,CRYPTO,crypto,,,1,n/a,2026-09-04
3585,crypto/BLK,BLK,BLK,CRYPTO,crypto,,,1,n/a,2026-09-04
3586,crypto/BLOCK,BLOCK,BLOCK,CRYPTO,crypto,,,1,n/a,2026-09-04
3587,crypto/BLZ,BLZ,BLZ,CRYPTO,crypto,,,1,n/a,2026-09-04
3588,crypto/BNB,BNB,BNB,CRYPTO,crypto,,,1,n/a,2026-09-04
3589,crypto/BNT,BNT,BNT,CRYPTO,crypto,,,1,n/a,2026-09-04
3590,crypto/BNTY,BNTY,BNTY,CRYPTO,crypto,,,1,n/a,2026-09-04
3591,crypto/BOOTY,BOOTY,BOOTY,CRYPTO,crypto,,,1,n/a,2026-09-04
3592,crypto/BOS,BOS,BOS,CRYPTO,crypto,,,1,n/a,2026-09-04
3593,crypto/BPT,BPT,BPT,CRYPTO,crypto,,,1,n/a,2026-09-04
3594,crypto/BQ,BQ,BQ,CRYPTO,crypto,,,1,n/a,2026-09-04
3595,crypto/BRD,BRD,BRD,CRYPTO,crypto,,,1,n/a,2026-09-04
3596,crypto/BSD,BSD,BSD,CRYPTO,crypto,,,1,n/a,2026-09-04
3597,crypto/BSV,BSV,BSV,CRYPTO,crypto,,,1,n/a,2026-09-04
3598,crypto/BTC,BTC,BTC,CRYPTO,crypto,,,1,n/a,2026-09-04
3599,crypto/BTCD,BTCD,BTCD,CRYPTO,crypto,,,1,n/a,2026-09-04
3600,crypto/BTCH,BTCH,BTCH,CRYPTO,crypto,,,1,n/a,2026-09-04
3601,crypto/BTCP,BTCP,BTCP,CRYPTO,crypto,,,1,n/a,2026-09-04
3602,crypto/BTCZ,BTCZ,BTCZ,CRYPTO,crypto,,,1,n/a,2026-09-04
3603,crypto/BTDX,BTDX,BTDX,CRYPTO,crypto,,,1,n/a,2026-09-04
3604,crypto/BTG,BTG,BTG,CRYPTO,crypto,,,1,n/a,2026-09-04
3605,crypto/BTM,BTM,BTM,CRYPTO,crypto,,,1,n/a,2026-09-04
3606,crypto/BTS,BTS,BTS,CRYPTO,crypto,,,1,n/a,2026-09-04
3607,crypto/BTT,BTT,BTT,CRYPTO,crypto,,,1,n/a,2026-09-04
3608,crypto/BTX,BTX,BTX,CRYPTO,crypto,,,1,n/a,2026-09-04
3609,crypto/BURST,BURST,BURST,CRYPTO,crypto,,,1,n/a,2026-09-04
3610,crypto/BZE,BZE,BZE,CRYPTO,crypto,,,1,n/a,2026-09-04
3611,crypto/CALL,CALL,CALL,CRYPTO,crypto,,,1,n/a,2026-09-04
3612,crypto/CC,CC,CC,CRYPTO,crypto,,,1,n/a,2026-09-04
3613,crypto/CDN,CDN,CDN,CRYPTO,crypto,,,1,n/a,2026-09-04
3614,crypto/CDT,CDT,CDT,CRYPTO,crypto,,,1,n/a,2026-09-04
3615,crypto/CENZ,CENZ,CENZ,CRYPTO,crypto,,,1,n/a,2026-09-04
3616,crypto/CHAIN,CHAIN,CHAIN,CRYPTO,crypto,,,1,n/a,2026-09-04
3617,crypto/CHAT,CHAT,CHAT,CRYPTO,crypto,,,1,n/a,2026-09-04
3618,crypto/CHIPS,CHIPS,CHIPS,CRYPTO,crypto,,,1,n/a,2026-09-04
3619,crypto/CHSB,CHSB,CHSB,CRYPTO,crypto,,,1,n/a,2026-09-04
3620,crypto/CHZ,CHZ,CHZ,CRYPTO,crypto,,,1,n/a,2026-09-04
3621,crypto/CIX,CIX,CIX,CRYPTO,crypto,,,1,n/a,2026-09-04
3622,crypto/CLAM,CLAM,CLAM,CRYPTO,crypto,,,1,n/a,2026-09-04
3623,crypto/CLOAK,CLOAK,CLOAK,CRYPTO,crypto,,,1,n/a,2026-09-04
3624,crypto/CMM,CMM,CMM,CRYPTO,crypto,,,1,n/a,2026-09-04
3625,crypto/CMT,CMT,CMT,CRYPTO,crypto,,,1,n/a,2026-09-04
3626,crypto/CND,CND,CND,CRYPTO,crypto,,,1,n/a,2026-09-04
3627,crypto/CNX,CNX,CNX,CRYPTO,crypto,,,1,n/a,2026-09-04
3628,crypto/CNY,CNY,CNY,CRYPTO,crypto,,,1,n/a,2026-09-04
3629,crypto/COB,COB,COB,CRYPTO,crypto,,,1,n/a,2026-09-04
3630,crypto/COLX,COLX,COLX,CRYPTO,crypto,,,1,n/a,2026-09-04
3631,crypto/COMP,COMP,COMP,CRYPTO,crypto,,,1,n/a,2026-09-04
3632,crypto/COQUI,COQUI,COQUI,CRYPTO,crypto,,,1,n/a,2026-09-04
3633,crypto/CRED,CRED,CRED,CRYPTO,crypto,,,1,n/a,2026-09-04
3634,crypto/CRPT,CRPT,CRPT,CRYPTO,crypto,,,1,n/a,2026-09-04
3635,crypto/CRV,CRV,CRV,CRYPTO,crypto,,,1,n/a,2026-09-04
3636,crypto/CRW,CRW,CRW,CRYPTO,crypto,,,1,n/a,2026-09-04
3637,crypto/CS,CS,CS,CRYPTO,crypto,,,1,n/a,2026-09-04
3638,crypto/CTR,CTR,CTR,CRYPTO,crypto,,,1,n/a,2026-09-04
3639,crypto/CTXC,CTXC,CTXC,CRYPTO,crypto,,,1,n/a,2026-09-04
3640,crypto/CVC,CVC,CVC,CRYPTO,crypto,,,1,n/a,2026-09-04
3641,crypto/D,D,D,CRYPTO,crypto,,,1,n/a,2026-09-04
3642,crypto/DAI,DAI,DAI,CRYPTO,crypto,,,1,n/a,2026-09-04
3643,crypto/DASH,DASH,DASH,CRYPTO,crypto,,,1,n/a,2026-09-04
3644,crypto/DAT,DAT,DAT,CRYPTO,crypto,,,1,n/a,2026-09-04
3645,crypto/DATA,DATA,DATA,CRYPTO,crypto,,,1,n/a,2026-09-04
3646,crypto/DBC,DBC,DBC,CRYPTO,crypto,,,1,n/a,2026-09-04
3647,crypto/DCN,DCN,DCN,CRYPTO,crypto,,,1,n/a,2026-09-04
3648,crypto/DCR,DCR,DCR,CRYPTO,crypto,,,1,n/a,2026-09-04
3649,crypto/DEEZ,DEEZ,DEEZ,CRYPTO,crypto,,,1,n/a,2026-09-04
3650,crypto/DENT,DENT,DENT,CRYPTO,crypto,,,1,n/a,2026-09-04
3651,crypto/DEW,DEW,DEW,CRYPTO,crypto,,,1,n/a,2026-09-04
3652,crypto/DGB,DGB,DGB,CRYPTO,crypto,,,1,n/a,2026-09-04
3653,crypto/DGD,DGD,DGD,CRYPTO,crypto,,,1,n/a,2026-09-04
3654,crypto/DLT,DLT,DLT,CRYPTO,crypto,,,1,n/a,2026-09-04
3655,crypto/DNT,DNT,DNT,CRYPTO,crypto,,,1,n/a,2026-09-04
3656,crypto/DOCK,DOCK,DOCK,CRYPTO,crypto,,,1,n/a,2026-09-04
3657,crypto/DOGE,DOGE,DOGE,CRYPTO,crypto,,,1,n/a,2026-09-04
3658,crypto/DOT,DOT,DOT,CRYPTO,crypto,,,1,n/a,2026-09-04
3659,crypto/DRGN,DRGN,DRGN,CRYPTO,crypto,,,1,n/a,2026-09-04
3660,crypto/DROP,DROP,DROP,CRYPTO,crypto,,,1,n/a,2026-09-04
3661,crypto/DTA,DTA,DTA,CRYPTO,crypto,,,1,n/a,2026-09-04
3662,crypto/DTH,DTH,DTH,CRYPTO,crypto,,,1,n/a,2026-09-04
3663,crypto/DTR,DTR,DTR,CRYPTO,crypto,,,1,n/a,2026-09-04
3664,crypto/EBST,EBST,EBST,CRYPTO,crypto,,,1,n/a,2026-09-04
3665,crypto/ECA,ECA,ECA,CRYPTO,crypto,,,1,n/a,2026-09-04
3666,crypto/EDG,EDG,EDG,CRYPTO,crypto,,,1,n/a,2026-09-04
3667,crypto/EDO,EDO,EDO,CRYPTO,crypto,,,1,n/a,2026-09-04
3668,crypto/EDOGE,EDOGE,EDOGE,CRYPTO,crypto,,,1,n/a,2026-09-04
3669,crypto/ELA,ELA,ELA,CRYPTO,crypto,,,1,n/a,2026-09-04
3670,crypto/ELEC,ELEC,ELEC,CRYPTO,crypto,,,1,n/a,2026-09-04
3671,crypto/ELF,ELF,ELF,CRYPTO,crypto,,,1,n/a,2026-09-04
3672,crypto/ELIX,ELIX,ELIX,CRYPTO,crypto,,,1,n/a,2026-09-04
3673,crypto/ELLA,ELLA,ELLA,CRYPTO,crypto,,,1,n/a,2026-09-04
3674,crypto/EMB,EMB,EMB,CRYPTO,crypto,,,1,n/a,2026-09-04
3675,crypto/EMC,EMC,EMC,CRYPTO,crypto,,,1,n/a,2026-09-04
3676,crypto/EMC2,EMC2,EMC2,CRYPTO,crypto,,,1,n/a,2026-09-04
3677,crypto/ENG,ENG,ENG,CRYPTO,crypto,,,1,n/a,2026-09-04
3678,crypto/ENJ,ENJ,ENJ,CRYPTO,crypto,,,1,n/a,2026-09-04
3679,crypto/ENTRP,ENTRP,ENTRP,CRYPTO,crypto,,,1,n/a,2026-09-04
3680,crypto/EON,EON,EON,CRYPTO,crypto,,,1,n/a,2026-09-04
3681,crypto/EOP,EOP,EOP,CRYPTO,crypto,,,1,n/a,2026-09-04
3682,crypto/EOS,EOS,EOS,CRYPTO,crypto,,,1,n/a,2026-09-04
3683,crypto/EQLI,EQLI,EQLI,CRYPTO,crypto,,,1,n/a,2026-09-04
3684,crypto/EQUA,EQUA,EQUA,CRYPTO,crypto,,,1,n/a,2026-09-04
3685,crypto/ETC,ETC,ETC,CRYPTO,crypto,,,1,n/a,2026-09-04
3686,crypto/ETH,ETH,ETH,CRYPTO,crypto,,,1,n/a,2026-09-04
3687,crypto/ETHOS,ETHOS,ETHOS,CRYPTO,crypto,,,1,n/a,2026-09-04
3688,crypto/ETN,ETN,ETN,CRYPTO,crypto,,,1,n/a,2026-09-04
3689,crypto/ETP,ETP,ETP,CRYPTO,crypto,,,1,n/a,2026-09-04
3690,crypto/EUR,EUR,EUR,CRYPTO,crypto,,,1,n/a,2026-09-04
3691,crypto/EVX,EVX,EVX,CRYPTO,crypto,,,1,n/a,2026-09-04
3692,crypto/EXMO,EXMO,EXMO,CRYPTO,crypto,,,1,n/a,2026-09-04
3693,crypto/EXP,EXP,EXP,CRYPTO,crypto,,,1,n/a,2026-09-04
3694,crypto/FAIR,FAIR,FAIR,CRYPTO,crypto,,,1,n/a,2026-09-04
3695,crypto/FCT,FCT,FCT,CRYPTO,crypto,,,1,n/a,2026-09-04
3696,crypto/FIDA,FIDA,FIDA,CRYPTO,crypto,,,1,n/a,2026-09-04
3697,crypto/FIL,FIL,FIL,CRYPTO,crypto,,,1,n/a,2026-09-04
3698,crypto/FJC,FJC,FJC,CRYPTO,crypto,,,1,n/a,2026-09-04
3699,crypto/FLDC,FLDC,FLDC,CRYPTO,crypto,,,1,n/a,2026-09-04
3700,crypto/FLO,FLO,FLO,CRYPTO,crypto,,,1,n/a,2026-09-04
3701,crypto/FLUX,FLUX,FLUX,CRYPTO,crypto,,,1,n/a,2026-09-04
3702,crypto/FSN,FSN,FSN,CRYPTO,crypto,,,1,n/a,2026-09-04
3703,crypto/FTC,FTC,FTC,CRYPTO,crypto,,,1,n/a,2026-09-04
3704,crypto/FUEL,FUEL,FUEL,CRYPTO,crypto,,,1,n/a,2026-09-04
3705,crypto/FUN,FUN,FUN,CRYPTO,crypto,,,1,n/a,2026-09-04
3706,crypto/GAME,GAME,GAME,CRYPTO,crypto,,,1,n/a,2026-09-04
3707,crypto/GAS,GAS,GAS,CRYPTO,crypto,,,1,n/a,2026-09-04
3708,crypto/GBP,GBP,GBP,CRYPTO,crypto,,,1,n/a,2026-09-04
3709,crypto/GBX,GBX,GBX,CRYPTO,crypto,,,1,n/a,2026-09-04
3710,crypto/GBYTE,GBYTE,GBYTE,CRYPTO,crypto,,,1,n/a,2026-09-04
3711,crypto/GENERIC,GENERIC,GENERIC,CRYPTO,crypto,,,1,n/a,2026-09-04
3712,crypto/GIN,GIN,GIN,CRYPTO,crypto,,,1,n/a,2026-09-04
3713,crypto/GLXT,GLXT,GLXT,CRYPTO,crypto,,,1,n/a,2026-09-04
3714,crypto/GMR,GMR,GMR,CRYPTO,crypto,,,1,n/a,2026-09-04
3715,crypto/GMT,GMT,GMT,CRYPTO,crypto,,,1,n/a,2026-09-04
3716,crypto/GNO,GNO,GNO,CRYPTO,crypto,,,1,n/a,2026-09-04
3717,crypto/GNT,GNT,GNT,CRYPTO,crypto,,,1,n/a,2026-09-04
3718,crypto/GOLD,GOLD,GOLD,CRYPTO,crypto,,,1,n/a,2026-09-04
3719,crypto/GRC,GRC,GRC,CRYPTO,crypto,,,1,n/a,2026-09-04
3720,crypto/GRIN,GRIN,GRIN,CRYPTO,crypto,,,1,n/a,2026-09-04
3721,crypto/GRS,GRS,GRS,CRYPTO,crypto,,,1,n/a,2026-09-04
3722,crypto/GRT,GRT,GRT,CRYPTO,crypto,,,1,n/a,2026-09-04
3723,crypto/GSC,GSC,GSC,CRYPTO,crypto,,,1,n/a,2026-09-04
3724,crypto/GTO,GTO,GTO,CRYPTO,crypto,,,1,n/a,2026-09-04
3725,crypto/GUP,GUP,GUP,CRYPTO,crypto,,,1,n/a,2026-09-04
3726,crypto/GUSD,GUSD,GUSD,CRYPTO,crypto,,,1,n/a,2026-09-04
3727,crypto/GVT,GVT,GVT,CRYPTO,crypto,,,1,n/a,2026-09-04
3728,crypto/GXS,GXS,GXS,CRYPTO,crypto,,,1,n/a,2026-09-04
3729,crypto/GZR,GZR,GZR,CRYPTO,crypto,,,1,n/a,2026-09-04
3730,crypto/HIGHT,HIGHT,HIGHT,CRYPTO,crypto,,,1,n/a,2026-09-04
3731,crypto/HNS,HNS,HNS,CRYPTO,crypto,,,1,n/a,2026-09-04
3732,crypto/HODL,HODL,HODL,CRYPTO,crypto,,,1,n/a,2026-09-04
3733,crypto/HOT,HOT,HOT,CRYPTO,crypto,,,1,n/a,2026-09-04
3734,crypto/HPB,HPB,HPB,CRYPTO,crypto,,,1,n/a,2026-09-04
3735,crypto/HSR,HSR,HSR,CRYPTO,crypto,,,1,n/a,2026-09-04
3736,crypto/HT,HT,HT,CRYPTO,crypto,,,1,n/a,2026-09-04
3737,crypto/HTML,HTML,HTML,CRYPTO,crypto,,,1,n/a,2026-09-04
3738,crypto/HUC,HUC,HUC,CRYPTO,crypto,,,1,n/a,2026-09-04
3739,crypto/HUSD,HUSD,HUSD,CRYPTO,crypto,,,1,n/a,2026-09-04
3740,crypto/HUSH,HUSH,HUSH,CRYPTO,crypto,,,1,n/a,2026-09-04
3741,crypto/ICN,ICN,ICN,CRYPTO,crypto,,,1,n/a,2026-09-04
3742,crypto/ICP,ICP,ICP,CRYPTO,crypto,,,1,n/a,2026-09-04
3743,crypto/ICX,ICX,ICX,CRYPTO,crypto,,,1,n/a,2026-09-04
3744,crypto/IGNIS,IGNIS,IGNIS,CRYPTO,crypto,,,1,n/a,2026-09-04
3745,crypto/ILK,ILK,ILK,CRYPTO,crypto,,,1,n/a,2026-09-04
3746,crypto/INK,INK,INK,CRYPTO,crypto,,,1,n/a,2026-09-04
3747,crypto/INS,INS,INS,CRYPTO,crypto,,,1,n/a,2026-09-04
3748,crypto/ION,ION,ION,CRYPTO,crypto,,,1,n/a,2026-09-04
3749,crypto/IOP,IOP,IOP,CRYPTO,crypto,,,1,n/a,2026-09-04
3750,crypto/IOST,IOST,IOST,CRYPTO,crypto,,,1,n/a,2026-09-04
3751,crypto/IOTX,IOTX,IOTX,CRYPTO,crypto,,,1,n/a,2026-09-04
3752,crypto/IQ,IQ,IQ,CRYPTO,crypto,,,1,n/a,2026-09-04
3753,crypto/ITC,ITC,ITC,CRYPTO,crypto,,,1,n/a,2026-09-04
3754,crypto/JNT,JNT,JNT,CRYPTO,crypto,,,1,n/a,2026-09-04
3755,crypto/JPY,JPY,JPY,CRYPTO,crypto,,,1,n/a,2026-09-04
3756,crypto/KCS,KCS,KCS,CRYPTO,crypto,,,1,n/a,2026-09-04
3757,crypto/KIN,KIN,KIN,CRYPTO,crypto,,,1,n/a,2026-09-04
3758,crypto/KLOWN,KLOWN,KLOWN,CRYPTO,crypto,,,1,n/a,2026-09-04
3759,crypto/KMD,KMD,KMD,CRYPTO,crypto,,,1,n/a,2026-09-04
3760,crypto/KNC,KNC,KNC,CRYPTO,crypto,,,1,n/a,2026-09-04
3761,crypto/KRB,KRB,KRB,CRYPTO,crypto,,,1,n/a,2026-09-04
3762,crypto/KSM,KSM,KSM,CRYPTO,crypto,,,1,n/a,2026-09-04
3763,crypto/LBC,LBC,LBC,CRYPTO,crypto,,,1,n/a,2026-09-04
3764,crypto/LEND,LEND,LEND,CRYPTO,crypto,,,1,n/a,2026-09-04
3765,crypto/LEO,LEO,LEO,CRYPTO,crypto,,,1,n/a,2026-09-04
3766,crypto/LINK,LINK,LINK,CRYPTO,crypto,,,1,n/a,2026-09-04
3767,crypto/LKK,LKK,LKK,CRYPTO,crypto,,,1,n/a,2026-09-04
3768,crypto/LOOM,LOOM,LOOM,CRYPTO,crypto,,,1,n/a,2026-09-04
3769,crypto/LPT,LPT,LPT,CRYPTO,crypto,,,1,n/a,2026-09-04
3770,crypto/LRC,LRC,LRC,CRYPTO,crypto,,,1,n/a,2026-09-04
3771,crypto/LSK,LSK,LSK,CRYPTO,crypto,,,1,n/a,2026-09-04
3772,crypto/LTC,LTC,LTC,CRYPTO,crypto,,,1,n/a,2026-09-04
3773,crypto/LUN,LUN,LUN,CRYPTO,crypto,,,1,n/a,2026-09-04
3774,crypto/MAID,MAID,MAID,CRYPTO,crypto,,,1,n/a,2026-09-04
3775,crypto/MANA,MANA,MANA,CRYPTO,crypto,,,1,n/a,2026-09-04
3776,crypto/MATIC,MATIC,MATIC,CRYPTO,crypto,,,1,n/a,2026-09-04
3777,crypto/MAX,MAX,MAX,CRYPTO,crypto,,,1,n/a,2026-09-04
3778,crypto/MCAP,MCAP,MCAP,CRYPTO,crypto,,,1,n/a,2026-09-04
3779,crypto/MCO,MCO,MCO,CRYPTO,crypto,,,1,n/a,2026-09-04
3780,crypto/MDA,MDA,MDA,CRYPTO,crypto,,,1,n/a,2026-09-04
3781,crypto/MDS,MDS,MDS,CRYPTO,crypto,,,1,n/a,2026-09-04
3782,crypto/MED,MED,MED,CRYPTO,crypto,,,1,n/a,2026-09-04
3783,crypto/MEETONE,MEETONE,MEETONE,CRYPTO,crypto,,,1,n/a,2026-09-04
3784,crypto/MFT,MFT,MFT,CRYPTO,crypto,,,1,n/a,2026-09-04
3785,crypto/MIOTA,MIOTA,MIOTA,CRYPTO,crypto,,,1,n/a,2026-09-04
3786,crypto/MITH,MITH,MITH,CRYPTO,crypto,,,1,n/a,2026-09-04
3787,crypto/MKR,MKR,MKR,CRYPTO,crypto,,,1,n/a,2026-09-04
3788,crypto/MLN,MLN,MLN,CRYPTO,crypto,,,1,n/a,2026-09-04
3789,crypto/MNX,MNX,MNX,CRYPTO,crypto,,,1,n/a,2026-09-04
3790,crypto/MNZ,MNZ,MNZ,CRYPTO,crypto,,,1,n/a,2026-09-04
3791,crypto/MOAC,MOAC,MOAC,CRYPTO,crypto,,,1,n/a,2026-09-04
3792,crypto/MOD,MOD,MOD,CRYPTO,crypto,,,1,n/a,2026-09-04
3793,crypto/MONA,MONA,MONA,CRYPTO,crypto,,,1,n/a,2026-09-04
3794,crypto/MSR,MSR,MSR,CRYPTO,crypto,,,1,n/a,2026-09-04
3795,crypto/MTH,MTH,MTH,CRYPTO,crypto,,,1,n/a,2026-09-04
3796,crypto/MTL,MTL,MTL,CRYPTO,crypto,,,1,n/a,2026-09-04
3797,crypto/MUSIC,MUSIC,MUSIC,CRYPTO,crypto,,,1,n/a,2026-09-04
3798,crypto/MZC,MZC,MZC,CRYPTO,crypto,,,1,n/a,2026-09-04
3799,crypto/NANO,NANO,NANO,CRYPTO,crypto,,,1,n/a,2026-09-04
3800,crypto/NAS,NAS,NAS,CRYPTO,crypto,,,1,n/a,2026-09-04
3801,crypto/NAV,NAV,NAV,CRYPTO,crypto,,,1,n/a,2026-09-04
3802,crypto/NCASH,NCASH,NCASH,CRYPTO,crypto,,,1,n/a,2026-09-04
3803,crypto/NDZ,NDZ,NDZ,CRYPTO,crypto,,,1,n/a,2026-09-04
3804,crypto/NEBL,NEBL,NEBL,CRYPTO,crypto,,,1,n/a,2026-09-04
3805,crypto/NEO,NEO,NEO,CRYPTO,crypto,,,1,n/a,2026-09-04
3806,crypto/NEOS,NEOS,NEOS,CRYPTO,crypto,,,1,n/a,2026-09-04
3807,crypto/NEU,NEU,NEU,CRYPTO,crypto,,,1,n/a,2026-09-04
3808,crypto/NEXO,NEXO,NEXO,CRYPTO,crypto,,,1,n/a,2026-09-04
3809,crypto/NGC,NGC,NGC,CRYPTO,crypto,,,1,n/a,2026-09-04
3810,crypto/NIO,NIO,NIO,CRYPTO,crypto,,,1,n/a,2026-09-04
3811,crypto/NKN,NKN,NKN,CRYPTO,crypto,,,1,n/a,2026-09-04
3812,crypto/NLC2,NLC2,NLC2,CRYPTO,crypto,,,1,n/a,2026-09-04
3813,crypto/NLG,NLG,NLG,CRYPTO,crypto,,,1,n/a,2026-09-04
3814,crypto/NMC,NMC,NMC,CRYPTO,crypto,,,1,n/a,2026-09-04
3815,crypto/NMR,NMR,NMR,CRYPTO,crypto,,,1,n/a,2026-09-04
3816,crypto/NPXS,NPXS,NPXS,CRYPTO,crypto,,,1,n/a,2026-09-04
3817,crypto/NTBC,NTBC,NTBC,CRYPTO,crypto,,,1,n/a,2026-09-04
3818,crypto/NULS,NULS,NULS,CRYPTO,crypto,,,1,n/a,2026-09-04
3819,crypto/NXS,NXS,NXS,CRYPTO,crypto,,,1,n/a,2026-09-04
3820,crypto/NXT,NXT,NXT,CRYPTO,crypto,,,1,n/a,2026-09-04
3821,crypto/OAX,OAX,OAX,CRYPTO,crypto,,,1,n/a,2026-09-04
3822,crypto/OK,OK,OK,CRYPTO,crypto,,,1,n/a,2026-09-04
3823,crypto/OMG,OMG,OMG,CRYPTO,crypto,,,1,n/a,2026-09-04
3824,crypto/OMNI,OMNI,OMNI,CRYPTO,crypto,,,1,n/a,2026-09-04
3825,crypto/ONE,ONE,ONE,CRYPTO,crypto,,,1,n/a,2026-09-04
3826,crypto/ONG,ONG,ONG,CRYPTO,crypto,,,1,n/a,2026-09-04
3827,crypto/ONT,ONT,ONT,CRYPTO,crypto,,,1,n/a,2026-09-04
3828,crypto/OOT,OOT,OOT,CRYPTO,crypto,,,1,n/a,2026-09-04
3829,crypto/OST,OST,OST,CRYPTO,crypto,,,1,n/a,2026-09-04
3830,crypto/OX,OX,OX,CRYPTO,crypto,,,1,n/a,2026-09-04
3831,crypto/OXT,OXT,OXT,CRYPTO,crypto,,,1,n/a,2026-09-04
3832,crypto/OXY,OXY,OXY,CRYPTO,crypto,,,1,n/a,2026-09-04
3833,crypto/PART,PART,PART,CRYPTO,crypto,,,1,n/a,2026-09-04
3834,crypto/PASC,PASC,PASC,CRYPTO,crypto,,,1,n/a,2026-09-04
3835,crypto/PASL,PASL,PASL,CRYPTO,crypto,,,1,n/a,2026-09-04
3836,crypto/PAX,PAX,PAX,CRYPTO,crypto,,,1,n/a,2026-09-04
3837,crypto/PAXG,PAXG,PAXG,CRYPTO,crypto,,,1,n/a,2026-09-04
3838,crypto/PAY,PAY,PAY,CRYPTO,crypto,,,1,n/a,2026-09-04
3839,crypto/PAYX,PAYX,PAYX,CRYPTO,crypto,,,1,n/a,2026-09-04
3840,crypto/PINK,PINK,PINK,CRYPTO,crypto,,,1,n/a,2026-09-04
3841,crypto/PIRL,PIRL,PIRL,CRYPTO,crypto,,,1,n/a,2026-09-04
3842,crypto/PIVX,PIVX,PIVX,CRYPTO,crypto,,,1,n/a,2026-09-04
3843,crypto/PLR,PLR,PLR,CRYPTO,crypto,,,1,n/a,2026-09-04
3844,crypto/POA,POA,POA,CRYPTO,crypto,,,1,n/a,2026-09-04
3845,crypto/POE,POE,POE,CRYPTO,crypto,,,1,n/a,2026-09-04
3846,crypto/POLIS,POLIS,POLIS,CRYPTO,crypto,,,1,n/a,2026-09-04
3847,crypto/POLY,POLY,POLY,CRYPTO,crypto,,,1,n/a,2026-09-04
3848,crypto/POT,POT,POT,CRYPTO,crypto,,,1,n/a,2026-09-04
3849,crypto/POWR,POWR,POWR,CRYPTO,crypto,,,1,n/a,2026-09-04
3850,crypto/PPC,PPC,PPC,CRYPTO,crypto,,,1,n/a,2026-09-04
3851,crypto/PPP,PPP,PPP,CRYPTO,crypto,,,1,n/a,2026-09-04
3852,crypto/PPT,PPT,PPT,CRYPTO,crypto,,,1,n/a,2026-09-04
3853,crypto/PRE,PRE,PRE,CRYPTO,crypto,,,1,n/a,2026-09-04
3854,crypto/PRL,PRL,PRL,CRYPTO,crypto,,,1,n/a,2026-09-04
3855,crypto/PUNGO,PUNGO,PUNGO,CRYPTO,crypto,,,1,n/a,2026-09-04
3856,crypto/PURA,PURA,PURA,CRYPTO,crypto,,,1,n/a,2026-09-04
3857,crypto/QASH,QASH,QASH,CRYPTO,crypto,,,1,n/a,2026-09-04
3858,crypto/QIWI,QIWI,QIWI,CRYPTO,crypto,,,1,n/a,2026-09-04
3859,crypto/QLC,QLC,QLC,CRYPTO,crypto,,,1,n/a,2026-09-04
3860,crypto/QNT,QNT,QNT,CRYPTO,crypto,,,1,n/a,2026-09-04
3861,crypto/QRL,QRL,QRL,CRYPTO,crypto,,,1,n/a,2026-09-04
3862,crypto/QSP,QSP,QSP,CRYPTO,crypto,,,1,n/a,2026-09-04
3863,crypto/QTUM,QTUM,QTUM,CRYPTO,crypto,,,1,n/a,2026-09-04
3864,crypto/R,R,R,CRYPTO,crypto,,,1,n/a,2026-09-04
3865,crypto/RADS,RADS,RADS,CRYPTO,crypto,,,1,n/a,2026-09-04
3866,crypto/RAP,RAP,RAP,CRYPTO,crypto,,,1,n/a,2026-09-04
3867,crypto/RAY,RAY,RAY,CRYPTO,crypto,,,1,n/a,2026-09-04
3868,crypto/RCN,RCN,RCN,CRYPTO,crypto,,,1,n/a,2026-09-04
3869,crypto/RDD,RDD,RDD,CRYPTO,crypto,,,1,n/a,2026-09-04
3870,crypto/RDN,RDN,RDN,CRYPTO,crypto,,,1,n/a,2026-09-04
3871,crypto/REN,REN,REN,CRYPTO,crypto,,,1,n/a,2026-09-04
3872,crypto/REP,REP,REP,CRYPTO,crypto,,,1,n/a,2026-09-04
3873,crypto/REPV2,REPV2,REPV2,CRYPTO,crypto,,,1,n/a,2026-09-04
3874,crypto/REQ,REQ,REQ,CRYPTO,crypto,,,1,n/a,2026-09-04
3875,crypto/RHOC,RHOC,RHOC,CRYPTO,crypto,,,1,n/a,2026-09-04
3876,crypto/RIC,RIC,RIC,CRYPTO,crypto,,,1,n/a,2026-09-04
3877,crypto/RISE,RISE,RISE,CRYPTO,crypto,,,1,n/a,2026-09-04
3878,crypto/RLC,RLC,RLC,CRYPTO,crypto,,,1,n/a,2026-09-04
3879,crypto/RPX,RPX,RPX,CRYPTO,crypto,,,1,n/a,2026-09-04
3880,crypto/RUB,RUB,RUB,CRYPTO,crypto,,,1,n/a,2026-09-04
3881,crypto/RVN,RVN,RVN,CRYPTO,crypto,,,1,n/a,2026-09-04
3882,crypto/RYO,RYO,RYO,CRYPTO,crypto,,,1,n/a,2026-09-04
3883,crypto/SAFE,SAFE,SAFE,CRYPTO,crypto,,,1,n/a,2026-09-04
3884,crypto/SAFEMOON,SAFEMOON,SAFEMOON,CRYPTO,crypto,,,1,n/a,2026-09-04
3885,crypto/SAI,SAI,SAI,CRYPTO,crypto,,,1,n/a,2026-09-04
3886,crypto/SALT,SALT,SALT,CRYPTO,crypto,,,1,n/a,2026-09-04
3887,crypto/SAN,SAN,SAN,CRYPTO,crypto,,,1,n/a,2026-09-04
3888,crypto/SAND,SAND,SAND,CRYPTO,crypto,,,1,n/a,2026-09-04
3889,crypto/SBD,SBD,SBD,CRYPTO,crypto,,,1,n/a,2026-09-04
3890,crypto/SBERBANK,SBERBANK,SBERBANK,CRYPTO,crypto,,,1,n/a,2026-09-04
3891,crypto/SC,SC,SC,CRYPTO,crypto,,,1,n/a,2026-09-04
3892,crypto/SER,SER,SER,CRYPTO,crypto,,,1,n/a,2026-09-04
3893,crypto/SHIFT,SHIFT,SHIFT,CRYPTO,crypto,,,1,n/a,2026-09-04
3894,crypto/SIB,SIB,SIB,CRYPTO,crypto,,,1,n/a,2026-09-04
3895,crypto/SIN,SIN,SIN,CRYPTO,crypto,,,1,n/a,2026-09-04
3896,crypto/SKL,SKL,SKL,CRYPTO,crypto,,,1,n/a,2026-09-04
3897,crypto/SKY,SKY,SKY,CRYPTO,crypto,,,1,n/a,2026-09-04
3898,crypto/SLR,SLR,SLR,CRYPTO,crypto,,,1,n/a,2026-09-04
3899,crypto/SLS,SLS,SLS,CRYPTO,crypto,,,1,n/a,2026-09-04
3900,crypto/SMART,SMART,SMART,CRYPTO,crypto,,,1,n/a,2026-09-04
3901,crypto/SNGLS,SNGLS,SNGLS,CRYPTO,crypto,,,1,n/a,2026-09-04
3902,crypto/SNM,SNM,SNM,CRYPTO,crypto,,,1,n/a,2026-09-04
3903,crypto/SNT,SNT,SNT,CRYPTO,crypto,,,1,n/a,2026-09-04
3904,crypto/SNX,SNX,SNX,CRYPTO,crypto,,,1,n/a,2026-09-04
3905,crypto/SOC,SOC,SOC,CRYPTO,crypto,,,1,n/a,2026-09-04
3906,crypto/SOL,SOL,SOL,CRYPTO,crypto,,,1,n/a,2026-09-04
3907,crypto/SPACEHBIT,SPACEHBIT,SPACEHBIT,CRYPTO,crypto,,,1,n/a,2026-09-04
3908,crypto/SPANK,SPANK,SPANK,CRYPTO,crypto,,,1,n/a,2026-09-04
3909,crypto/SPHTX,SPHTX,SPHTX,CRYPTO,crypto,,,1,n/a,2026-09-04
3910,crypto/SRN,SRN,SRN,CRYPTO,crypto,,,1,n/a,2026-09-04
3911,crypto/STAK,STAK,STAK,CRYPTO,crypto,,,1,n/a,2026-09-04
3912,crypto/START,START,START,CRYPTO,crypto,,,1,n/a,2026-09-04
3913,crypto/STEEM,STEEM,STEEM,CRYPTO,crypto,,,1,n/a,2026-09-04
3914,crypto/STORJ,STORJ,STORJ,CRYPTO,crypto,,,1,n/a,2026-09-04
3915,crypto/STORM,STORM,STORM,CRYPTO,crypto,,,1,n/a,2026-09-04
3916,crypto/STOX,STOX,STOX,CRYPTO,crypto,,,1,n/a,2026-09-04
3917,crypto/STQ,STQ,STQ,CRYPTO,crypto,,,1,n/a,2026-09-04
3918,crypto/STRAT,STRAT,STRAT,CRYPTO,crypto,,,1,n/a,2026-09-04
3919,crypto/STX,STX,STX,CRYPTO,crypto,,,1,n/a,2026-09-04
3920,crypto/SUB,SUB,SUB,CRYPTO,crypto,,,1,n/a,2026-09-04
3921,crypto/SUMO,SUMO,SUMO,CRYPTO,crypto,,,1,n/a,2026-09-04
3922,crypto/SUSHI,SUSHI,SUSHI,CRYPTO,crypto,,,1,n/a,2026-09-04
3923,crypto/SYS,SYS,SYS,CRYPTO,crypto,,,1,n/a,2026-09-04
3924,crypto/TAAS,TAAS,TAAS,CRYPTO,crypto,,,1,n/a,2026-09-04
3925,crypto/TAU,TAU,TAU,CRYPTO,crypto,,,1,n/a,2026-09-04
3926,crypto/TBX,TBX,TBX,CRYPTO,crypto,,,1,n/a,2026-09-04
3927,crypto/TEL,TEL,TEL,CRYPTO,crypto,,,1,n/a,2026-09-04
3928,crypto/TEN,TEN,TEN,CRYPTO,crypto,,,1,n/a,2026-09-04
3929,crypto/TERN,TERN,TERN,CRYPTO,crypto,,,1,n/a,2026-09-04
3930,crypto/TGCH,TGCH,TGCH,CRYPTO,crypto,,,1,n/a,2026-09-04
3931,crypto/THETA,THETA,THETA,CRYPTO,crypto,,,1,n/a,2026-09-04
3932,crypto/TIX,TIX,TIX,CRYPTO,crypto,,,1,n/a,2026-09-04
3933,crypto/TKN,TKN,TKN,CRYPTO,crypto,,,1,n/a,2026-09-04
3934,crypto/TKS,TKS,TKS,CRYPTO,crypto,,,1,n/a,2026-09-04
3935,crypto/TNB,TNB,TNB,CRYPTO,crypto,,,1,n/a,2026-09-04
3936,crypto/TNC,TNC,TNC,CRYPTO,crypto,,,1,n/a,2026-09-04
3937,crypto/TNT,TNT,TNT,CRYPTO,crypto,,,1,n/a,2026-09-04
3938,crypto/TOMO,TOMO,TOMO,CRYPTO,crypto,,,1,n/a,2026-09-04
3939,crypto/TPAY,TPAY,TPAY,CRYPTO,crypto,,,1,n/a,2026-09-04
3940,crypto/TRIG,TRIG,TRIG,CRYPTO,crypto,,,1,n/a,2026-09-04
3941,crypto/TRTL,TRTL,TRTL,CRYPTO,crypto,,,1,n/a,2026-09-04
3942,crypto/TRX,TRX,TRX,CRYPTO,crypto,,,1,n/a,2026-09-04
3943,crypto/TUSD,TUSD,TUSD,CRYPTO,crypto,,,1,n/a,2026-09-04
3944,crypto/TZC,TZC,TZC,CRYPTO,crypto,,,1,n/a,2026-09-04
3945,crypto/UBQ,UBQ,UBQ,CRYPTO,crypto,,,1,n/a,2026-09-04
3946,crypto/UMA,UMA,UMA,CRYPTO,crypto,,,1,n/a,2026-09-04
3947,crypto/UNI,UNI,UNI,CRYPTO,crypto,,,1,n/a,2026-09-04
3948,crypto/UNITY,UNITY,UNITY,CRYPTO,crypto,,,1,n/a,2026-09-04
3949,crypto/USD,USD,USD,CRYPTO,crypto,,,1,n/a,2026-09-04
3950,crypto/USDC,USDC,USDC,CRYPTO,crypto,,,1,n/a,2026-09-04
3951,crypto/USDT,USDT,USDT,CRYPTO,crypto,,,1,n/a,2026-09-04
3952,crypto/UTK,UTK,UTK,CRYPTO,crypto,,,1,n/a,2026-09-04
3953,crypto/VERI,VERI,VERI,CRYPTO,crypto,,,1,n/a,2026-09-04
3954,crypto/VET,VET,VET,CRYPTO,crypto,,,1,n/a,2026-09-04
3955,crypto/VIA,VIA,VIA,CRYPTO,crypto,,,1,n/a,2026-09-04
3956,crypto/VIB,VIB,VIB,CRYPTO,crypto,,,1,n/a,2026-09-04
3957,crypto/VIBE,VIBE,VIBE,CRYPTO,crypto,,,1,n/a,2026-09-04
3958,crypto/VIVO,VIVO,VIVO,CRYPTO,crypto,,,1,n/a,2026-09-04
3959,crypto/VRC,VRC,VRC,CRYPTO,crypto,,,1,n/a,2026-09-04
3960,crypto/VRSC,VRSC,VRSC,CRYPTO,crypto,,,1,n/a,2026-09-04
3961,crypto/VTC,VTC,VTC,CRYPTO,crypto,,,1,n/a,2026-09-04
3962,crypto/VTHO,VTHO,VTHO,CRYPTO,crypto,,,1,n/a,2026-09-04
3963,crypto/WABI,WABI,WABI,CRYPTO,crypto,,,1,n/a,2026-09-04
3964,crypto/WAN,WAN,WAN,CRYPTO,crypto,,,1,n/a,2026-09-04
3965,crypto/WAVES,WAVES,WAVES,CRYPTO,crypto,,,1,n/a,2026-09-04
3966,crypto/WAX,WAX,WAX,CRYPTO,crypto,,,1,n/a,2026-09-04
3967,crypto/WBTC,WBTC,WBTC,CRYPTO,crypto,,,1,n/a,2026-09-04
3968,crypto/WGR,WGR,WGR,CRYPTO,crypto,,,1,n/a,2026-09-04
3969,crypto/WICC,WICC,WICC,CRYPTO,crypto,,,1,n/a,2026-09-04
3970,crypto/WINGS,WINGS,WINGS,CRYPTO,crypto,,,1,n/a,2026-09-04
3971,crypto/WPR,WPR,WPR,CRYPTO,crypto,,,1,n/a,2026-09-04
3972,crypto/WTC,WTC,WTC,CRYPTO,crypto,,,1,n/a,2026-09-04
3973,crypto/X,X,X,CRYPTO,crypto,,,1,n/a,2026-09-04
3974,crypto/XAS,XAS,XAS,CRYPTO,crypto,,,1,n/a,2026-09-04
3975,crypto/XBC,XBC,XBC,CRYPTO,crypto,,,1,n/a,2026-09-04
3976,crypto/XBP,XBP,XBP,CRYPTO,crypto,,,1,n/a,2026-09-04
3977,crypto/XBY,XBY,XBY,CRYPTO,crypto,,,1,n/a,2026-09-04
3978,crypto/XCP,XCP,XCP,CRYPTO,crypto,,,1,n/a,2026-09-04
3979,crypto/XDN,XDN,XDN,CRYPTO,crypto,,,1,n/a,2026-09-04
3980,crypto/XEM,XEM,XEM,CRYPTO,crypto,,,1,n/a,2026-09-04
3981,crypto/XIN,XIN,XIN,CRYPTO,crypto,,,1,n/a,2026-09-04
3982,crypto/XLM,XLM,XLM,CRYPTO,crypto,,,1,n/a,2026-09-04
3983,crypto/XMCC,XMCC,XMCC,CRYPTO,crypto,,,1,n/a,2026-09-04
3984,crypto/XMG,XMG,XMG,CRYPTO,crypto,,,1,n/a,2026-09-04
3985,crypto/XMO,XMO,XMO,CRYPTO,crypto,,,1,n/a,2026-09-04
3986,crypto/XMR,XMR,XMR,CRYPTO,crypto,,,1,n/a,2026-09-04
3987,crypto/XMY,XMY,XMY,CRYPTO,crypto,,,1,n/a,2026-09-04
3988,crypto/XP,XP,XP,CRYPTO,crypto,,,1,n/a,2026-09-04
3989,crypto/XPA,XPA,XPA,CRYPTO,crypto,,,1,n/a,2026-09-04
3990,crypto/XPM,XPM,XPM,CRYPTO,crypto,,,1,n/a,2026-09-04
3991,crypto/XPR,XPR,XPR,CRYPTO,crypto,,,1,n/a,2026-09-04
3992,crypto/XRP,XRP,XRP,CRYPTO,crypto,,,1,n/a,2026-09-04
3993,crypto/XSG,XSG,XSG,CRYPTO,crypto,,,1,n/a,2026-09-04
3994,crypto/XTZ,XTZ,XTZ,CRYPTO,crypto,,,1,n/a,2026-09-04
3995,crypto/XUC,XUC,XUC,CRYPTO,crypto,,,1,n/a,2026-09-04
3996,crypto/XVC,XVC,XVC,CRYPTO,crypto,,,1,n/a,2026-09-04
3997,crypto/XVG,XVG,XVG,CRYPTO,crypto,,,1,n/a,2026-09-04
3998,crypto/XZC,XZC,XZC,CRYPTO,crypto,,,1,n/a,2026-09-04
3999,crypto/YFI,YFI,YFI,CRYPTO,crypto,,,1,n/a,2026-09-04
4000,crypto/YOYOW,YOYOW,YOYOW,CRYPTO,crypto,,,1,n/a,2026-09-04
4001,crypto/ZCL,ZCL,ZCL,CRYPTO,crypto,,,1,n/a,2026-09-04
4002,crypto/ZEC,ZEC,ZEC,CRYPTO,crypto,,,1,n/a,2026-09-04
4003,crypto/ZEL,ZEL,ZEL,CRYPTO,crypto,,,1,n/a,2026-09-04
4004,crypto/ZEN,ZEN,ZEN,CRYPTO,crypto,,,1,n/a,2026-09-04
4005,crypto/ZEST,ZEST,ZEST,CRYPTO,crypto,,,1,n/a,2026-09-04
4006,crypto/ZIL,ZIL,ZIL,CRYPTO,crypto,,,1,n/a,2026-09-04
4007,crypto/ZILLA,ZILLA,ZILLA,CRYPTO,crypto,,,1,n/a,2026-09-04
4008,crypto/ZRX,ZRX,ZRX,CRYPTO,crypto,,,1,n/a,2026-09-04
